survey,sheet,variable,code,label,code_num
nhs,Administrative,IDDAYWK,1,Sunday,1
nhs,Administrative,IDDAYWK,2,Monday,2
nhs,Administrative,IDDAYWK,3,Tuesday,3
nhs,Administrative,IDDAYWK,4,Wednesday,4
nhs,Administrative,IDDAYWK,5,Thursday,5
nhs,Administrative,IDDAYWK,6,Friday,6
nhs,Administrative,IDDAYWK,7,Saturday,7
nhs,Administrative,PROXYAD,0,Not applicable,0
nhs,Administrative,PROXYAD,1,"Answered by proxy, selected person present",1
nhs,Administrative,PROXYAD,2,"Answered by proxy, selected person not present",2
nhs,Administrative,PROXYAD,3,Answered by selected person,3
nhs,Administrative,PROXYCH,0,Not applicable,0
nhs,Administrative,PROXYCH,1,Answered by proxy,1
nhs,Administrative,PROXYCH,2,Not answered by proxy,2
nhs,Administrative,ALCPAROX,0,Not applicable,0
nhs,Administrative,ALCPAROX,1,Parent (or proxy) answered questions,1
nhs,Administrative,ALCPAROX,2,Parent present for all alcohol questions,2
nhs,Administrative,ALCPAROX,3,Parent present for some alcohol questions,3
nhs,Administrative,ALCPAROX,4,Parent not present for alcohol questions,4
nhs,Administrative,SMKPAROX,0,Not applicable,0
nhs,Administrative,SMKPAROX,1,Parent (or proxy) answered questions,1
nhs,Administrative,SMKPAROX,2,Parent present for all smoking questions,2
nhs,Administrative,SMKPAROX,3,Parent present for some smoking questions,3
nhs,Administrative,SMKPAROX,4,Parent not present for smoking questions,4
nhs,Administrative,HEAPAROX,0,Not applicable,0
nhs,Administrative,HEAPAROX,1,Parent (or proxy) answered questions,1
nhs,Administrative,HEAPAROX,2,Parent/guardian present for all health service use questions,2
nhs,Administrative,HEAPAROX,3,Parent/guardian present for some health service use questions,3
nhs,Administrative,HEAPAROX,4,Parent/guardian not present for health service use questions,4
nhs,Administrative,HEAPAROX,5,Did not see GP in last 12 months,5
nhs,Household level,DWLSTRBC,1,Separate house,1
nhs,Household level,DWLSTRBC,2,"Semi-detached, row or terrace house, townhouse, etc",2
nhs,Household level,DWLSTRBC,3,Flat or apartment,3
nhs,Household level,DWLSTRBC,4,Other dwelling,4
nhs,Household level,DWLSTRBC,8,Not stated,8
nhs,Household level,STATE,1,New South Wales,1
nhs,Household level,STATE,2,Victoria,2
nhs,Household level,STATE,3,Queensland,3
nhs,Household level,STATE,4,South Australia,4
nhs,Household level,STATE,5,Western Australia,5
nhs,Household level,STATE,6,Tasmania,6
nhs,Household level,STATE,7,Northern Territory,7
nhs,Household level,STATE,8,Australian Capital Territory,8
nhs,Household level,ARIABC,1,Major cities of Australia,1
nhs,Household level,ARIABC,2,Inner regional Australia,2
nhs,Household level,ARIABC,3,Other,3
nhs,Household level,STHHTYC,1,One family household with only family members present,1
nhs,Household level,STHHTYC,2,Two or more family household with only family members present,2
nhs,Household level,STHHTYC,3,One or more family household with non-family members present,3
nhs,Household level,STHHTYC,4,Lone person household,4
nhs,Household level,STHHTYC,5,Group household,5
nhs,Household level,HHSIZECB,1,One,1
nhs,Household level,HHSIZECB,2,Two,2
nhs,Household level,HHSIZECB,3,Three,3
nhs,Household level,HHSIZECB,4,Four,4
nhs,Household level,HHSIZECB,5,Five,5
nhs,Household level,HHSIZECB,6,Six or more,6
nhs,Household level,HHADULEC,0,None,0
nhs,Household level,HHADULEC,1,One,1
nhs,Household level,HHADULEC,2,Two,2
nhs,Household level,HHADULEC,3,Three,3
nhs,Household level,HHADULEC,4,Four or more,4
nhs,Household level,NUMKHHEC,0,None,0
nhs,Household level,NUMKHHEC,1,One,1
nhs,Household level,NUMKHHEC,2,Two,2
nhs,Household level,NUMKHHEC,3,Three,3
nhs,Household level,NUMKHHEC,4,Four or more,4
nhs,Household level,TENUREC,1,Owner without a mortgage,1
nhs,Household level,TENUREC,2,Owner with a mortgage,2
nhs,Household level,TENUREC,3,Renter,3
nhs,Household level,TENUREC,4,Other,4
nhs,Household level,LNDLORDB,0,Not applicable,0
nhs,Household level,LNDLORDB,1,Private,1
nhs,Household level,LNDLORDB,2,Public,2
nhs,Household level,LNDLORDB,3,Other,3
nhs,Household level,NUMRMSBC,0,None (including bedsitter),0
nhs,Household level,NUMRMSBC,1,One,1
nhs,Household level,NUMRMSBC,2,Two,2
nhs,Household level,NUMRMSBC,3,Three,3
nhs,Household level,NUMRMSBC,4,Four or more,4
nhs,Household level,NUMRMSBC,8,Not stated,8
nhs,Household level,PHONEQ01,1,Has landline/fixed phone,1
nhs,Household level,PHONEQ01,2,Does not have landline/fixed phone,2
nhs,Household level,PHONEQ01,8,Not stated,8
nhs,Household level,LANDWH,1,Has landline number in white pages,1
nhs,Household level,LANDWH,2,Does not have landline number in white pages,2
nhs,Household level,LANDWH,3,Does not have landline number,3
nhs,Household level,LANDWH,8,Not stated,8
nhs,Household level,INCDECE,00,Not applicable,0
nhs,Household level,INCDECE,01,First decile,1
nhs,Household level,INCDECE,02,Second decile,2
nhs,Household level,INCDECE,03,Third decile,3
nhs,Household level,INCDECE,04,Fourth decile,4
nhs,Household level,INCDECE,05,Fifth decile,5
nhs,Household level,INCDECE,06,Sixth decile,6
nhs,Household level,INCDECE,07,Seventh decile,7
nhs,Household level,INCDECE,08,Eighth decile,8
nhs,Household level,INCDECE,09,Ninth decile,9
nhs,Household level,INCDECE,10,Tenth decile,10
nhs,Household level,INCDECE,98,Not stated,98
nhs,Household level,INCDECE,99,Not known,99
nhs,Household level,FINSTRS,1,Could raise $2000 in a week,1
nhs,Household level,FINSTRS,2,Could not raise $2000 in a week,2
nhs,Household level,FINSTRS,8,Not stated,8
nhs,Household level,FINSTRS,9,Not known,9
nhs,Household level,DSMKHHRB,0,None,0
nhs,Household level,DSMKHHRB,1,One,1
nhs,Household level,DSMKHHRB,2,Two,2
nhs,Household level,DSMKHHRB,3,Three or more,3
nhs,Household level,DSMKHHRB,9,Not stated,9
nhs,Household level,SMKHSQ4D,0,Not applicable,0
nhs,Household level,SMKHSQ4D,1,Smoked at home indoors,1
nhs,Household level,SMKHSQ4D,5,Did not smoke at home indoors,5
nhs,Household level,SMKHSQ4D,8,Not stated,8
nhs,Household level,SF2SA1DN,00,Not applicable,0
nhs,Household level,SF2SA1DN,01,Decile 1 (lowest),1
nhs,Household level,SF2SA1DN,02,Decile 2,2
nhs,Household level,SF2SA1DN,03,Decile 3,3
nhs,Household level,SF2SA1DN,04,Decile 4,4
nhs,Household level,SF2SA1DN,05,Decile 5,5
nhs,Household level,SF2SA1DN,06,Decile 6,6
nhs,Household level,SF2SA1DN,07,Decile 7,7
nhs,Household level,SF2SA1DN,08,Decile 8,8
nhs,Household level,SF2SA1DN,09,Decile 9,9
nhs,Household level,SF2SA1DN,10,Decile 10 (highest),10
nhs,Demographics,AGEB,01,0 - 4 years,1
nhs,Demographics,AGEB,02,5 - 9 years,2
nhs,Demographics,AGEB,03,10 - 14 years,3
nhs,Demographics,AGEB,04,15 - 17 years,4
nhs,Demographics,AGEB,05,18 - 19 years,5
nhs,Demographics,AGEB,06,20 - 24 years,6
nhs,Demographics,AGEB,07,25 - 29 years,7
nhs,Demographics,AGEB,08,30 - 34 years,8
nhs,Demographics,AGEB,09,35 - 39 years,9
nhs,Demographics,AGEB,10,40 - 44 years,10
nhs,Demographics,AGEB,11,45 - 49 years,11
nhs,Demographics,AGEB,12,50 - 54 years,12
nhs,Demographics,AGEB,13,55 - 59 years,13
nhs,Demographics,AGEB,14,60 - 64 years,14
nhs,Demographics,AGEB,15,65 - 69 years,15
nhs,Demographics,AGEB,16,70 - 74 years,16
nhs,Demographics,AGEB,17,75 - 79 years,17
nhs,Demographics,AGEB,18,80 - 84 years,18
nhs,Demographics,AGEB,19,85 years and over,19
nhs,Demographics,AGEMTHS2,99,Not applicable,99
nhs,Demographics,SEX,1,Male,1
nhs,Demographics,SEX,2,Female,2
nhs,Demographics,SMSBC,0,Not applicable,0
nhs,Demographics,SMSBC,1,Married,1
nhs,Demographics,SMSBC,2,Not married,2
nhs,Demographics,COBCODBC,1,Australia,1
nhs,Demographics,COBCODBC,2,"Main English speaking countries (Canada, Republic of Ireland, New Zealand, South Africa, United Kingdom, United States of America",2
nhs,Demographics,COBCODBC,3,Other,3
nhs,Demographics,YOABC,1,Born in Australia,1
nhs,Demographics,YOABC,2,Arrived 1985 and before,2
nhs,Demographics,YOABC,3,Arrived 1986 - 1990,3
nhs,Demographics,YOABC,4,Arrived 1991 - 1995,4
nhs,Demographics,YOABC,5,Arrived 1996 - 2000,5
nhs,Demographics,YOABC,6,Arrived 2001 - 2005,6
nhs,Demographics,YOABC,7,Arrived 2006 to year of collection,7
nhs,Demographics,MAINLANB,0,Not applicable,0
nhs,Demographics,MAINLANB,1,English,1
nhs,Demographics,MAINLANB,2,Other Language,2
nhs,Demographics,PROFENG,0,Not applicable,0
nhs,Demographics,PROFENG,1,Very well,1
nhs,Demographics,PROFENG,2,Well,2
nhs,Demographics,PROFENG,3,Not well,3
nhs,Demographics,PROFENG,4,Not at all,4
nhs,Demographics,PROFENG,5,Mainly speaks English (at home),5
nhs,Demographics,PROFENG,9,Not known/Does not speak,9
nhs,Education,HYSCHCBC,0,Not applicable,0
nhs,Education,HYSCHCBC,1,Year 12 or equivalent,1
nhs,Education,HYSCHCBC,2,Year 11 or equivalent,2
nhs,Education,HYSCHCBC,3,Year 10 or equivalent,3
nhs,Education,HYSCHCBC,4,Year 9 or equivalent,4
nhs,Education,HYSCHCBC,5,Year 8 or below including never attended School,5
nhs,Education,HYSCHCBC,9,Not asked,9
nhs,Education,EDATTQ2,0,Not applicable,0
nhs,Education,EDATTQ2,1,Has non-school qualification,1
nhs,Education,EDATTQ2,2,Does not have non-school qualification,2
nhs,Education,HLVNSEDC,0,Not applicable,0
nhs,Education,HLVNSEDC,1,"Postgraduate Degree, Graduate Diploma, Graduate Certificate",1
nhs,Education,HLVNSEDC,2,Bachelor Degree,2
nhs,Education,HLVNSEDC,3,Advanced Diploma/Diploma,3
nhs,Education,HLVNSEDC,4,Certificate III/IV,4
nhs,Education,HLVNSEDC,5,Certificate I/II,5
nhs,Education,HLVNSEDC,6,Certificate not further defined,6
nhs,Education,HLVNSEDC,7,No non-school qualification,7
nhs,Education,HLVNSEDC,8,Level not determined,8
nhs,Education,MFIELDCF,00,Not applicable,0
nhs,Education,MFIELDCF,01,Natural and physical sciences,1
nhs,Education,MFIELDCF,02,Information technology,2
nhs,Education,MFIELDCF,03,Engineering and related technologies,3
nhs,Education,MFIELDCF,04,Architecture and building,4
nhs,Education,MFIELDCF,05,"Agriculture, environmental and related studies",5
nhs,Education,MFIELDCF,06,Health,6
nhs,Education,MFIELDCF,07,Education,7
nhs,Education,MFIELDCF,08,Management and commerce,8
nhs,Education,MFIELDCF,09,Society and culture,9
nhs,Education,MFIELDCF,10,Creative arts,10
nhs,Education,MFIELDCF,11,"Food, hospitality and personal services",11
nhs,Education,MFIELDCF,12,"Mixed field programmes, Inadequately described",12
nhs,Education,MFIELDCF,13,No non-school qualification,13
nhs,Education,STDYFTPT,0,Not applicable,0
nhs,Education,STDYFTPT,1,Studying full-time,1
nhs,Education,STDYFTPT,2,Studying part-time,2
nhs,Education,STDYFTPT,3,Not studying,3
nhs,Education,CLVNSEDC,00,Not applicable,0
nhs,Education,CLVNSEDC,01,"Postgraduate Degree, Graduate Diploma, Graduate Certificate",1
nhs,Education,CLVNSEDC,02,Bachelor Degree,2
nhs,Education,CLVNSEDC,03,Advanced Diploma/Diploma,3
nhs,Education,CLVNSEDC,04,Certificate III/IV,4
nhs,Education,CLVNSEDC,05,Certificate I/II,5
nhs,Education,CLVNSEDC,06,Certificate not further defined,6
nhs,Education,CLVNSEDC,07,Other education,7
nhs,Education,CLVNSEDC,08,Level not determined,8
nhs,Education,CLVNSEDC,09,Secondary school studies only,9
nhs,Education,CLVNSEDC,10,Not currently studying,10
nhs,Education,CSTUDQ4C,00,Not applicable,0
nhs,Education,CSTUDQ4C,01,Natural and physical sciences,1
nhs,Education,CSTUDQ4C,02,Information technology,2
nhs,Education,CSTUDQ4C,03,Engineering and related technologies,3
nhs,Education,CSTUDQ4C,04,Architecture and building,4
nhs,Education,CSTUDQ4C,05,"Agriculture, environmental and related studies",5
nhs,Education,CSTUDQ4C,06,Health,6
nhs,Education,CSTUDQ4C,07,Education,7
nhs,Education,CSTUDQ4C,08,Management and commerce,8
nhs,Education,CSTUDQ4C,09,Society and culture,9
nhs,Education,CSTUDQ4C,10,Creative arts,10
nhs,Education,CSTUDQ4C,11,"Food, hospitality and personal services",11
nhs,Education,CSTUDQ4C,12,Mixed field programmes/Inadequately described,12
nhs,Education,CSTUDQ4C,13,Secondary school studies only,13
nhs,Education,CSTUDQ4C,14,Not currently studying,14
nhs,Education,CURSTUBC,0,Not applicable,0
nhs,Education,CURSTUBC,1,University or other higher education,1
nhs,Education,CURSTUBC,2,TAFE or technical college,2
nhs,Education,CURSTUBC,3,"Other (including Secondary school,",3
nhs,Employment,LFSBC,0,Not applicable,0
nhs,Employment,LFSBC,1,Employed,1
nhs,Employment,LFSBC,2,Unemployed,2
nhs,Employment,LFSBC,3,Not in the labour force,3
nhs,Employment,USHRWKB,0,Not applicable/Less than one hour,0
nhs,Employment,USHRWKB,1,1 to 15 hours,1
nhs,Employment,USHRWKB,2,16 to 24 hours,2
nhs,Employment,USHRWKB,3,25 to 34 hours,3
nhs,Employment,USHRWKB,4,35 to 39 hours,4
nhs,Employment,USHRWKB,5,40 hours,5
nhs,Employment,USHRWKB,6,41 to 49 hours,6
nhs,Employment,USHRWKB,7,50 hours or more,7
nhs,Employment,MORE1JB,0,Not applicable,0
nhs,Employment,MORE1JB,1,Has more than one job/business,1
nhs,Employment,MORE1JB,2,Has one job/business,2
nhs,Employment,INDUSTBC,01,"Agriculture, Forestry and Fishing",1
nhs,Employment,INDUSTBC,02,Mining,2
nhs,Employment,INDUSTBC,03,Manufacturing,3
nhs,Employment,INDUSTBC,04,"Electricity, Gas, Water and Waste Services",4
nhs,Employment,INDUSTBC,05,Construction,5
nhs,Employment,INDUSTBC,06,Wholesale Trade,6
nhs,Employment,INDUSTBC,07,Retail Trade,7
nhs,Employment,INDUSTBC,08,Accommodation and Food Services,8
nhs,Employment,INDUSTBC,09,"Transport, Postal and Warehousing",9
nhs,Employment,INDUSTBC,10,Information Media and Telecommunications,10
nhs,Employment,INDUSTBC,11,Financial and Insurance Services,11
nhs,Employment,INDUSTBC,12,"Rental, Hiring and Real Estate Services",12
nhs,Employment,INDUSTBC,13,"Professional, Scientific and Technical Services",13
nhs,Employment,INDUSTBC,14,Administrative and Support Services,14
nhs,Employment,INDUSTBC,15,Public Administration and Safety,15
nhs,Employment,INDUSTBC,16,Education and Training,16
nhs,Employment,INDUSTBC,17,Health Care and Social Assistance,17
nhs,Employment,INDUSTBC,18,Arts and Recreation Services,18
nhs,Employment,INDUSTBC,19,Other Services,19
nhs,Employment,INDUSTBC,25,Inadequately described,25
nhs,Employment,INDUSTBC,26,Not applicable,26
nhs,Employment,OCCUPBC,0,Not applicable,0
nhs,Employment,OCCUPBC,1,Managers,1
nhs,Employment,OCCUPBC,2,Professionals,2
nhs,Employment,OCCUPBC,3,Technicians and Trades Workers,3
nhs,Employment,OCCUPBC,4,Community and Personal Service Workers,4
nhs,Employment,OCCUPBC,5,Clerical and Administrative Worker,5
nhs,Employment,OCCUPBC,6,Sales Workers,6
nhs,Employment,OCCUPBC,7,Machinery Operators and Drivers,7
nhs,Employment,OCCUPBC,8,Labourers,8
nhs,Employment,OCCUPBC,9,Inadequately described,9
nhs,Employment,EMPTYPCF,0,Not applicable,0
nhs,Employment,EMPTYPCF,1,Employee,1
nhs,Employment,EMPTYPCF,2,Employer,2
nhs,Employment,EMPTYPCF,3,Own account worker/Contributing family worker,3
nhs,Employment,EMPTYPCF,9,Not known,9
nhs,Employment,EMPARRCF,0,Not applicable,0
nhs,Employment,EMPARRCF,1,Wage/salary earner,1
nhs,Employment,EMPARRCF,9,Other,9
nhs,Employment,SHIFTQ2,0,Not applicable,0
nhs,Employment,SHIFTQ2,1,Did shift work in the last 4 weeks,1
nhs,Employment,SHIFTQ2,5,Did not do shift work in the last 4 weeks,5
nhs,Employment,SHFTWKEC,0,Not applicable,0
nhs,Employment,SHFTWKEC,1,Rotating shift with periodic change,1
nhs,Employment,SHFTWKEC,2,"Regular evening, night or graveyard shift",2
nhs,Employment,SHFTWKEC,3,Regular morning shift,3
nhs,Employment,SHFTWKEC,4,Regular afternoon,4
nhs,Employment,SHFTWKEC,5,Irregular shift,5
nhs,Employment,SHFTWKEC,6,Split shift (consisting of two distinct periods each day)/On call,6
nhs,Employment,SHFTWKEC,7,Other,7
nhs,Employment,SHFTWKEC,9,Did not do shift work,9
nhs,Employment,EMPABS,0,Not applicable,0
nhs,Employment,EMPABS,1,Holiday/flextime/study/personal reasons,1
nhs,Employment,EMPABS,2,Own illness or injury/sick leave,2
nhs,Employment,EMPABS,3,No work available/not enough work,3
nhs,Employment,EMPABS,4,Standard work arrangements/shift work,4
nhs,Employment,EMPABS,5,On strike/Locked out/Industrial dispute,5
nhs,Employment,EMPABS,6,Stood down,6
nhs,Employment,EMPABS,7,Bad weather/plant breakdown,7
nhs,Employment,EMPABS,8,Other,8
nhs,Employment,LSTWKFTB,0,Not applicable,0
nhs,Employment,LSTWKFTB,1,Under 4 weeks,1
nhs,Employment,LSTWKFTB,2,4 weeks and under 13 weeks,2
nhs,Employment,LSTWKFTB,3,13 weeks and under 26 weeks,3
nhs,Employment,LSTWKFTB,4,26 weeks and under 52 weeks,4
nhs,Employment,LSTWKFTB,5,52 weeks and over,5
nhs,Employment,LSTWKFTB,6,Never worked in a job of 35 hours or more,6
nhs,Employment,UNEMPDRB,0,Not applicable,0
nhs,Employment,UNEMPDRB,1,Under 4 weeks,1
nhs,Employment,UNEMPDRB,2,4 weeks and under 13 weeks,2
nhs,Employment,UNEMPDRB,3,13 weeks and under 26 weeks,3
nhs,Employment,UNEMPDRB,4,26 weeks and under 52 weeks,4
nhs,Employment,UNEMPDRB,5,52 weeks and over,5
nhs,Employment,UNEMPDRB,8,Not stated,8
nhs,Personal income,INCDECPN,00,Not applicable,0
nhs,Personal income,INCDECPN,01,First decile,1
nhs,Personal income,INCDECPN,02,Second decile,2
nhs,Personal income,INCDECPN,03,Third decile,3
nhs,Personal income,INCDECPN,04,Fourth decile,4
nhs,Personal income,INCDECPN,05,Fifth decile,5
nhs,Personal income,INCDECPN,06,Sixth decile,6
nhs,Personal income,INCDECPN,07,Seventh decile,7
nhs,Personal income,INCDECPN,08,Eighth decile,8
nhs,Personal income,INCDECPN,09,Ninth decile,9
nhs,Personal income,INCDECPN,10,Tenth decile,10
nhs,Personal income,INCDECPN,98,Not stated,98
nhs,Personal income,INCDECPN,99,Not known,99
nhs,Personal income,INCCIMSC,0,Not applicable,0
nhs,Personal income,INCCIMSC,1,Wage or salary,1
nhs,Personal income,INCCIMSC,2,Unincorporated business income,2
nhs,Personal income,INCCIMSC,3,Government pensions and allowances,3
nhs,Personal income,INCCIMSC,4,Other cash income,4
nhs,Personal income,INCCIMSC,5,Not known,5
nhs,Personal income,INCCIMSC,01,Age Pension,1
nhs,Personal income,INCCIMSC,02,NewStart allowance/Sickness allowance,2
nhs,Personal income,INCCIMSC,03,Wife pension/Widow allowance/Partner allowance,3
nhs,Personal income,INCCIMSC,04,Disability support pension (Centrelink),4
nhs,Personal income,INCCIMSC,05,Carer payment/Carer allowance,5
nhs,Personal income,INCCIMSC,06,Family tax benefit,6
nhs,Personal income,INCCIMSC,07,Parenting payment,7
nhs,Personal income,INCCIMSC,08,Youth Allowance,8
nhs,Personal income,INCCIMSC,09,Overseas government pension or allowance,9
nhs,Personal income,INCCIMSC,10,"Other government pension or allowance (including Service Pension, War Widow(er)'s Pension, Disability Pension (DVA))",10
nhs,Personal income,INCCIMSC,11,Not applicable,11
nhs,Health,SF12Q2,0,Not applicable,0
nhs,Health,SF12Q2,1,Excellent,1
nhs,Health,SF12Q2,2,Very good,2
nhs,Health,SF12Q2,3,Good,3
nhs,Health,SF12Q2,4,Fair,4
nhs,Health,SF12Q2,5,Poor,5
nhs,Health,LTCQ4B,0,Not applicable,0
nhs,Health,LTCQ4B,1,Anaphylactic,1
nhs,Health,LTCQ4B,2,Non-anaphylactic,2
nhs,Health,LTCQ4B,3,Both,3
nhs,Health,LTCQ4B,4,Not known,4
nhs,Health,LTCQ4C,0,Not applicable,0
nhs,Health,LTCQ4C,1,Anaphylactic,1
nhs,Health,LTCQ4C,2,Non-anaphylactic,2
nhs,Health,LTCQ4C,3,Both,3
nhs,Health,LTCQ4C,4,Not known,4
nhs,Health,ASTHQ02,0,Not applicable,0
nhs,Health,ASTHQ02,1,Had asthma symptoms or treatment in last 12 months,1
nhs,Health,ASTHQ02,5,Did not have asthma symptoms or treatment in last 12 months,5
nhs,Health,ASTHQ03,0,Not applicable,0
nhs,Health,ASTHQ03,1,Still gets asthma,1
nhs,Health,ASTHQ03,5,Does not still get asthma,5
nhs,Health,ASTHQ29,0,Not applicable,0
nhs,Health,ASTHQ29,1,Woken in last 4 weeks,1
nhs,Health,ASTHQ29,5,Have not woken in last 4 weeks,5
nhs,Health,ASTHQ29,6,Don't know,6
nhs,Health,ASTHQ22,0,Not applicable,0
nhs,Health,ASTHQ22,1,Has written asthma action plan,1
nhs,Health,ASTHQ22,5,Does not have a written asthma action plan,5
nhs,Health,ASTHQ22,6,Never heard of a written asthma action plan,6
nhs,Health,ASTHQ22,7,Not known if has a written asthma action plan,7
nhs,Health,ASTHQ30E,0,None,0
nhs,Health,ASTHQ30E,1,One,1
nhs,Health,ASTHQ30E,2,Two,2
nhs,Health,ASTHQ30E,3,Three,3
nhs,Health,ASTHQ30E,4,Four,4
nhs,Health,ASTHQ30E,5,Five or more,5
nhs,Health,ASTHQ30E,9,Not applicable,9
nhs,Health,ASTHQ20,0,Not applicable,0
nhs,Health,ASTHQ20,1,Asthma was worse or out of control,1
nhs,Health,ASTHQ20,5,Asthma was not worse or out of control,5
nhs,Health,ASTHQ21E,0,None,0
nhs,Health,ASTHQ21E,1,One,1
nhs,Health,ASTHQ21E,2,Two,2
nhs,Health,ASTHQ21E,3,Three,3
nhs,Health,ASTHQ21E,4,Four,4
nhs,Health,ASTHQ21E,5,Five or more,5
nhs,Health,ASTHQ21E,9,Not applicable,9
nhs,Health,CHBRMG,0,Not applicable,0
nhs,Health,CHBRMG,1,Aged less than 6 months,1
nhs,Health,CHBRMG,2,Not exclusively breastfed until 6 months,2
nhs,Health,CHBRMG,3,Exclusively breastfed until 6 months,3
nhs,Health,CHBRMG,4,Not known,4
nhs,Health,CHBRMGS,0,Not applicable,0
nhs,Health,CHBRMGS,1,Aged less than 12 months,1
nhs,Health,CHBRMGS,2,Not exclusively breastfed until 6 months,2
nhs,Health,CHBRMGS,3,Exclusively breastfed until 6 months (without continued breastfeeding to 12 months),3
nhs,Health,CHBRMGS,4,Exclusively breastfed until 6 months with continued breastfeeding to 12 months,4
nhs,Health,CHBRMGS,5,Not known,5
nhs,Health,CHBRMGS,01,Breast milk,1
nhs,Health,CHBRMGS,02,Infant formula,2
nhs,Health,CHBRMGS,03,Water,3
nhs,Health,CHBRMGS,04,Cows millk,4
nhs,Health,CHBRMGS,05,Soy milk,5
nhs,Health,CHBRMGS,06,Water based drinks,6
nhs,Health,CHBRMGS,07,Fruit juice,7
nhs,Health,CHBRMGS,08,Other fluids,8
nhs,Health,CHBRMGS,09,Food,9
nhs,Health,CHBRMGS,97,Not applicable,97
nhs,Health,CHBRFF,0,Not applicable,0
nhs,Health,CHBRFF,1,Breast milk,1
nhs,Health,CHBRFF,2,Infant formula,2
nhs,Health,CHBRFF,3,Other,3
nhs,Health,CHBRFF,4,Not known,4
nhs,Health,CHBRRB,0,Not applicable,0
nhs,Health,CHBRRB,1,Received breast milk,1
nhs,Health,CHBRRB,2,Never received breast milk,2
nhs,Health,CHBRRB,4,Not known,4
nhs,Health,EXBRST,00,Less than 1 month,0
nhs,Health,EXBRST,95,Currently exclusively breastfeeding,95
nhs,Health,EXBRST,96,Unknown if ever received breast milk,96
nhs,Health,EXBRST,97,Not applicable,97
nhs,Health,EXBRST,98,Never received breast milk,98
nhs,Health,EXBRSA,00,Less than 1 month,0
nhs,Health,EXBRSA,96,Unknown if ever received breast milk,96
nhs,Health,EXBRSA,97,Not applicable,97
nhs,Health,EXBRSA,98,Never received breast milk,98
nhs,Health,CHBRCR,0,Not applicable,0
nhs,Health,CHBRCR,1,Currently receiving breast milk,1
nhs,Health,CHBRCR,2,Not currently receiving breast milk,2
nhs,Health,CHBRCR,3,Never received breast milk,3
nhs,Health,CHBRCR,4,Unknown if ever received breast milk,4
nhs,Health,CHBRSR,00,Less than 1 month,0
nhs,Health,CHBRSR,95,Currently breastfeeding,95
nhs,Health,CHBRSR,96,Unknown if ever received breast milk,96
nhs,Health,CHBRSR,97,Not applicable,97
nhs,Health,CHBRSR,98,Never received breast milk,98
nhs,Health,CHBRAO,00,Less than 1 month,0
nhs,Health,CHBRAO,01,to 47. Continuous,1
nhs,Health,CHBRAO,96,Unknown if ever received breast milk,96
nhs,Health,CHBRAO,97,Not applicable,97
nhs,Health,CHBRAO,98,Only had breast milk,98
nhs,Health,CHBRAF,00,Less than 1 month,0
nhs,Health,CHBRAF,95,Age not known,95
nhs,Health,CHBRAF,96,Has not had infant formula,96
nhs,Health,CHBRAF,97,Not applicable,97
nhs,Health,CHBRAC,00,Less than 1 month,0
nhs,Health,CHBRAC,95,Age not known,95
nhs,Health,CHBRAC,96,Has not had cows milk,96
nhs,Health,CHBRAC,97,Not applicable,97
nhs,Health,CNCRQ01,1,Skin checked regularly,1
nhs,Health,CNCRQ01,5,Skin not checked regularly,5
nhs,Health,CNCRQ01,6,Not known,6
nhs,Health,CNCRQ16B,0,Not applicable,0
nhs,Health,CNCRQ16B,1,Less than 50 years,1
nhs,Health,CNCRQ16B,2,50 years or more,2
nhs,Health,CNCRQ17,1,Has been tested for cancer,1
nhs,Health,CNCRQ17,5,Has not been tested for cancer,5
nhs,Health,CNCRQ17,2,Breast,2
nhs,Health,CNCRQ17,3,Cervical cancer,3
nhs,Health,CNCRQ17,4,Other,4
nhs,Health,CNCRQ17,7,Not applicable,7
nhs,Health,CNCRQ20,0,Not applicable,0
nhs,Health,CNCRQ20,1,Has been tested for cancer in last 2 years,1
nhs,Health,CNCRQ20,5,Has not been tested for cancer in last 2 years,5
nhs,Health,CARST27,0,Not applicable,0
nhs,Health,CARST27,1,Blood pressure checked in last 2 years,1
nhs,Health,CARST27,5,Blood pressure not checked in last 2 years,5
nhs,Health,CARST27,6,Don't know if blood pressure checked in last 2 years,6
nhs,Health,BPCHK,0,Not applicable,0
nhs,Health,BPCHK,1,Blood pressure checked in last 12 months,1
nhs,Health,BPCHK,2,Blood pressure checked more than 12 months ago but within last 2 years,2
nhs,Health,BPCHK,3,Blood pressure not checked in last 2 years,3
nhs,Health,BPCHK,8,Not stated,8
nhs,Health,BPCHK,9,Not known,9
nhs,Health,BPWHO,0,Not applicable,0
nhs,Health,BPWHO,1,General practitioner,1
nhs,Health,BPWHO,2,Specialist,2
nhs,Health,BPWHO,3,Other health professional,3
nhs,Health,BPWHO,4,Other,4
nhs,Health,BPWHO,5,Blood pressure not checked or not known if checked in last 12 months,5
nhs,Health,BPWHO,8,Not stated if blood pressure checked,8
nhs,Health,CARSBPS,0,Not applicable,0
nhs,Health,CARSBPS,1,Checked own blood pressure in last 12 months,1
nhs,Health,CARSBPS,5,Did not check own blood pressure in last 12 months,5
nhs,Health,CARSBPS,6,Not known if blood pressure checked in last 12 months,6
nhs,Health,CARSBPS,8,Not known if checked own blood pressure in last 12 months,8
nhs,Health,CHOL5YR,0,Not applicable,0
nhs,Health,CHOL5YR,1,Has had cholesterol checked within the last 5 years,1
nhs,Health,CHOL5YR,5,Has not had cholesterol checked within the last 5 years,5
nhs,Health,CHOL5YR,6,Does not know if cholesterol checked within the last 5 years,6
nhs,Health,CHOL5YR,8,Not stated whether had cholesterol check in the last 5 years,8
nhs,Health,CHOLEST,0,Not applicable,0
nhs,Health,CHOLEST,1,Cholesterol checked in last 12 months,1
nhs,Health,CHOLEST,2,Cholesterol checked more than 12 months ago but within last 5 years,2
nhs,Health,CHOLEST,3,Cholesterol not checked in last 5 years,3
nhs,Health,CHOLEST,8,Not stated if cholesterol checked in last 5 years,8
nhs,Health,CHOLEST,9,Not known,9
nhs,Health,CARDASP,0,Not applicable,0
nhs,Health,CARDASP,1,Aspirin used daily for heart or circulatory condition,1
nhs,Health,CARDASP,5,Aspirin not used daily for heart or circulatory condition,5
nhs,Health,CARDASP,6,Don't know if aspirin used daily for heart or circulatory condition,6
nhs,Health,CARDASP,8,Not stated if aspirin used daily for heart or circulatory condition,8
nhs,Health,CARST37,0,Not applicable,0
nhs,Health,CARST37,1,Advised by a doctor to use aspirin daily for heart or circulatory condition,1
nhs,Health,CARST37,5,Not advised by a doctor to use aspirin daily for heart or circulatory condition,5
nhs,Health,DIABQ01A,1,Family member told they have diabetes,1
nhs,Health,DIABQ01A,5,Family member not told they have diabetes,5
nhs,Health,DIABQ01A,6,Not known if family member told they have diabetes,6
nhs,Health,DIABQ04,0,Not applicable,0
nhs,Health,DIABQ04,1,Has been screened for diabetes in last 3 years,1
nhs,Health,DIABQ04,5,Has not been screened for diabetes in the last 3 years,5
nhs,Health,DIABQ04,6,Not known if screened for diabetes in the last 3 years,6
nhs,Health,AGEDIABC,0,Not applicable,0
nhs,Health,AGEDIABC,1,Less than 25 years,1
nhs,Health,AGEDIABC,2,25-44 years,2
nhs,Health,AGEDIABC,3,45-64 years,3
nhs,Health,AGEDIABC,4,65-79 years,4
nhs,Health,AGEDIABC,5,80 years and over,5
nhs,Health,AGEDIABC,9,Not known,9
nhs,Health,DIABAQ01,00,Not applicable,0
nhs,Health,DIABAQ01,01,At least once a day,1
nhs,Health,DIABAQ01,02,At least once a week,2
nhs,Health,DIABAQ01,03,At least once a month,3
nhs,Health,DIABAQ01,04,Every 2 to less than 3 months,4
nhs,Health,DIABAQ01,05,Every 3 to less than 6 months,5
nhs,Health,DIABAQ01,06,Every 6 months,6
nhs,Health,DIABAQ01,07,Every 7 to 11 months,7
nhs,Health,DIABAQ01,08,Every 12 months,8
nhs,Health,DIABAQ01,09,Not at all in the last 12 months,9
nhs,Health,DIABAQ01,10,Not known,10
nhs,Health,DIABAQ02,0,Not applicable,0
nhs,Health,DIABAQ02,1,At least once a day,1
nhs,Health,DIABAQ02,2,At least once a week,2
nhs,Health,DIABAQ02,3,At least once a month,3
nhs,Health,DIABAQ02,4,Every 2 to less than 3 months,4
nhs,Health,DIABAQ02,5,Every 3 to less than 6 months,5
nhs,Health,DIABAQ02,6,Every 6 months,6
nhs,Health,DIABAQ02,7,Every 7 to 11 months,7
nhs,Health,DIABAQ02,8,Every 12 months,8
nhs,Health,DIABAQ02,9,Not at all in the last 12 months,9
nhs,Health,DIABAQ02,10,Not known,10
nhs,Health,DIABMQ14,0,Not applicable,0
nhs,Health,DIABMQ14,1,Had HBA1C test in last 12 months,1
nhs,Health,DIABMQ14,5,Did not have HBA1C test in last 12 months,5
nhs,Health,DIABMQ14,6,Not known if had HBA1C test in last 12 months,6
nhs,Health,DIABMQ14,01,Currently using Insulin,1
nhs,Health,DIABMQ14,02,Taken vitamin/mineral supplements,2
nhs,Health,DIABMQ14,03,Taken natural/herbal treatments,3
nhs,Health,DIABMQ14,04,Currently following changed eating pattern or diet,4
nhs,Health,DIABMQ14,05,Losing weight,5
nhs,Health,DIABMQ14,06,Exercised most days,6
nhs,Health,DIABMQ14,07,Other action taken,7
nhs,Health,DIABMQ14,08,No action taken,8
nhs,Health,DIABMQ14,09,Not known if action taken,9
nhs,Health,DIABMQ14,97,Not applicable,97
nhs,Health,DIABMQ01,0,Not applicable,0
nhs,Health,DIABMQ01,1,Currently having insulin every day,1
nhs,Health,DIABMQ01,5,Not currently having insulin every day,5
nhs,Health,DIABMQ01,6,Don't know if currently having insulin every day,6
nhs,Health,AGEINSLC,0,Not applicable,0
nhs,Health,AGEINSLC,1,Less than 25 years,1
nhs,Health,AGEINSLC,2,25 to 44 years,2
nhs,Health,AGEINSLC,3,45 to 64 years,3
nhs,Health,AGEINSLC,4,65 years and over,4
nhs,Health,AGEINSLC,8,Not stated,8
nhs,Health,AGEINSLC,9,Not known,9
nhs,Health,DBCHANG,0,Not applicable,0
nhs,Health,DBCHANG,1,Currently following changed eating pattern or diet because of diabetes or high sugar levels,1
nhs,Health,DBCHANG,2,Has changed eating pattern or diet because of diabetes or high sugar levels but not currently,2
nhs,Health,DBCHANG,3,Has not changed eating pattern or diet because of diabetes or high sugar levels,3
nhs,Health,DBCHANG,8,Not known if have changed eating pattern or diet,8
nhs,Health,DIABMQ12,0,Not applicable,0
nhs,Health,DIABMQ12,1,Took other action for Diabetes/HSL in last 2 weeks,1
nhs,Health,DIABMQ12,5,Did not take other action for Diabetes/HSL in last 2 weeks,5
nhs,Health,DIABSQ2,0,Not applicable,0
nhs,Health,DIABSQ2,1,Has sight problem due to diabetes/HSL,1
nhs,Health,DIABSQ2,5,Has no sight problem due to diabetes/HSL,5
nhs,Health,DIABSQ2,6,Not known if has sight problem due to diabetes/HSL,6
nhs,Health,DIABSIGE,0,Not applicable,0
nhs,Health,DIABSIGE,1,Less than 1 year,1
nhs,Health,DIABSIGE,2,1 to 4 years,2
nhs,Health,DIABSIGE,3,5 years or more,3
nhs,Health,DIABSIGE,5,Never,5
nhs,Health,DIABSIGE,8,Not stated,8
nhs,Health,DIABSIGE,9,Not known,9
nhs,Health,DIABSQ6C,0,Not applicable,0
nhs,Health,DIABSQ6C,1,Less than 1 year,1
nhs,Health,DIABSQ6C,2,1 year or more,2
nhs,Health,DIABSQ6C,5,Never,5
nhs,Health,DIALYSIS,1,Has had dialysis,1
nhs,Health,DIALYSIS,5,Has not had dialysis,5
nhs,Health,DISSTAT,1,Has profound core activity limitation,1
nhs,Health,DISSTAT,2,Has severe core activity limitation,2
nhs,Health,DISSTAT,3,Has moderate core activity limitation,3
nhs,Health,DISSTAT,4,Has mild core activity limitation,4
nhs,Health,DISSTAT,5,Has a schooling/employment restriction only,5
nhs,Health,DISSTAT,6,Has no limitation or specific restriction,6
nhs,Health,DISSTAT,7,Has no disability or long-term health condition,7
nhs,Health,DISEDIF,0,Not applicable,0
nhs,Health,DISEDIF,1,Has an education restriction,1
nhs,Health,DISEDIF,2,Has no education restriction,2
nhs,Health,DISEDIF,3,Attend special classes/school,3
nhs,Health,DISEDIF,4,Other related difficulties,4
nhs,Health,DISEDIF,5,None of the above,5
nhs,Health,DISEDIF,6,Not applicable,6
nhs,Health,DISEMIF,0,Not applicable,0
nhs,Health,DISEMIF,1,Has an employment restriction,1
nhs,Health,DISEMIF,2,Has no employment restriction,2
nhs,Health,DISEMIF,3,Finding suitable work,3
nhs,Health,DISEMIF,4,Needing time off work,4
nhs,Health,DISEMIF,5,Permanently unable to work,5
nhs,Health,DISEMIF,6,None of the above,6
nhs,Health,DISEMIF,7,Not applicable,7
nhs,Health,GLASSES,1,Currently wears glasses or contact lenses to correct or partially correct eyesight,1
nhs,Health,GLASSES,5,Does not wear glasses or contact lenses to correct or partially correct eyesight,5
nhs,Health,FEMLSBC,1,Have never menstruated,1
nhs,Health,FEMLSBC,2,Currently pregnant,2
nhs,Health,FEMLSBC,3,Currently breastfeeding,3
nhs,Health,FEMLSBC,4,Currently experiencing menopause,4
nhs,Health,FEMLSBC,5,Post menopause,5
nhs,Health,FEMLSBC,6,None of these apply,6
nhs,Health,FEMLSBC,9,Not applicable,9
nhs,Health,FEMLSBC,10,Consulted a GP,10
nhs,Health,FEMLSBC,11,Consulted a specialist,11
nhs,Health,FEMLSBC,12,Consulted a dentist,12
nhs,Health,FEMLSBC,13,Consulted an Accredited counsellor,13
nhs,Health,FEMLSBC,14,Consulted an Acupuncturist,14
nhs,Health,FEMLSBC,15,Consulted an Audiologist/Audiometrist,15
nhs,Health,FEMLSBC,16,Consulted a Chemist (for advice only),16
nhs,Health,FEMLSBC,17,Consulted a Chiropodist/Podiatrist,17
nhs,Health,FEMLSBC,18,Consulted a Chiropractor,18
nhs,Health,FEMLSBC,19,Consulted a Dietitian/Nutritionist,19
nhs,Health,FEMLSBC,20,Consulted a Naturopath,20
nhs,Health,FEMLSBC,21,Consulted a Nurse,21
nhs,Health,FEMLSBC,22,Consulted an Occupational therapist,22
nhs,Health,FEMLSBC,23,Consulted an Optician/Optometrist,23
nhs,Health,FEMLSBC,24,Consulted an Osteopath,24
nhs,Health,FEMLSBC,25,Consulted a Physiotherapist/Hydrotherapist,25
nhs,Health,FEMLSBC,26,Consulted a Psychologist,26
nhs,Health,FEMLSBC,27,Consulted a Social worker/Welfare officer,27
nhs,Health,FEMLSBC,28,Consulted a Speech therapist/Pathologist,28
nhs,Health,FEMLSBC,29,Consulted an Other health professional,29
nhs,Health,FEMLSBC,30,Admitted to hospital as an inpatient,30
nhs,Health,FEMLSBC,31,Visited an outpatient clinic,31
nhs,Health,FEMLSBC,32,Visited emergency/casualty,32
nhs,Health,FEMLSBC,33,Visited day clinic,33
nhs,Health,FEMLSBC,34,No actions taken in last 12 months,34
nhs,Health,FEMLSBC,98,Not stated,98
nhs,Health,HEALFGP,1,Last two weeks,1
nhs,Health,HEALFGP,2,Two weeks to less than 3 months,2
nhs,Health,HEALFGP,3,3 to 6 months,3
nhs,Health,HEALFGP,4,6 to 9 months,4
nhs,Health,HEALFGP,5,9 to 12 months,5
nhs,Health,HEALFGP,6,1 year to 2 years,6
nhs,Health,HEALFGP,7,More than 2 years,7
nhs,Health,HEALFGP,8,Never,8
nhs,Health,HEALFGP,9,Don't know,9
nhs,Health,HEALF05E,0,Not applicable,0
nhs,Health,HEALF05E,1,Once,1
nhs,Health,HEALF05E,2,Twice,2
nhs,Health,HEALF05E,3,Three or more,3
nhs,Health,HEALFLI,0,Not applicable,0
nhs,Health,HEALFLI,1,Discussed lifestyle issue,1
nhs,Health,HEALFLI,2,Did not discuss lifestyle issues,2
nhs,Health,HEALFLI,3,Not known,3
nhs,Health,HEALFLI,4,Increasing physical activity,4
nhs,Health,HEALFLI,5,Eating healthy food or improving diet,5
nhs,Health,HEALFLI,6,Family planning,6
nhs,Health,HEALFLI,7,Safe sexual practices,7
nhs,Health,HEALFLI,8,Not applicable,8
nhs,Health,HEALFCS,0,Not applicable,0
nhs,Health,HEALFCS,1,Last two weeks,1
nhs,Health,HEALFCS,2,Two weeks to twelve months,2
nhs,Health,HEALFCS,3,More than twelve months/never,3
nhs,Health,HEALFCS,4,Don't know,4
nhs,Health,HEALF07E,0,Not applicable,0
nhs,Health,HEALF07E,1,Once,1
nhs,Health,HEALF07E,2,Twice,2
nhs,Health,HEALF07E,3,Three or more,3
nhs,Health,HEALTCD,0,Not applicable,0
nhs,Health,HEALTCD,1,Less than 3 months,1
nhs,Health,HEALTCD,2,3 to 6 months,2
nhs,Health,HEALTCD,3,6 to 9 months,3
nhs,Health,HEALTCD,4,9 to 12 months,4
nhs,Health,HEALTCD,5,1 year to 2 years,5
nhs,Health,HEALTCD,6,More than 2 years,6
nhs,Health,HEALTCD,7,Never,7
nhs,Health,HEALTCD,8,Don't know,8
nhs,Health,HEALF25E,12,12 or more,12
nhs,Health,HEALF25E,97,Not applicable,97
nhs,Health,HEALF11E,1,Admitted as inpatient in last two weeks,1
nhs,Health,HEALF11E,2,Not admitted as inpatient in last two weeks,2
nhs,Health,HEALF17E,1,Visited day clinic in last two weeks,1
nhs,Health,HEALF17E,2,Did not visit day clinic in last two weeks,2
nhs,Health,HEALF15E,1,Visited emergency/casualty department in last two weeks,1
nhs,Health,HEALF15E,2,Did not visit emergency/casualty department in last two weeks,2
nhs,Health,HEALF13E,1,Visited outpatient clinic hospital in last two weeks,1
nhs,Health,HEALF13E,2,Did not visit outpatient clinic hospital in last two weeks,2
nhs,Health,HEALDWI,99,Not applicable,99
nhs,Health,HEALDWC,99,Not applicable,99
nhs,Health,HEALDFS,99,Not applicable,99
nhs,Health,HEALDSC,99,Not applicable,99
nhs,Health,MNKESSGP,0,Not applicable,0
nhs,Health,MNKESSGP,1,Low distress level,1
nhs,Health,MNKESSGP,2,Moderate distress level,2
nhs,Health,MNKESSGP,3,High distress level,3
nhs,Health,MNKESSGP,4,Very high distress level,4
nhs,Health,MNKESSGP,5,Unable to determine level,5
nhs,Health,MNKESSGP,8,Not asked,8
nhs,Health,MNKESSLR,00,Not applicable,0
nhs,Health,MNKESSLR,98,Unable to determine,98
nhs,Health,MNKESSLR,99,Not asked,99
nhs,Health,MNKFIVGP,0,Not applicable,0
nhs,Health,MNKFIVGP,1,Low/moderate (5–11),1
nhs,Health,MNKFIVGP,2,High/very high (12–25),2
nhs,Health,MNKFIVGP,3,Unable to determine,3
nhs,Health,MNKFIVGP,4,Not asked,4
nhs,Health,MNKFIV,0,Not collected,0
nhs,Health,MNKFIV,5,to 25. Continuous - two decimal,5
nhs,Health,MNKFIV,98,Unable to determine,98
nhs,Health,MNKFIV,99,Not asked,99
nhs,Health,MWBSQ02,0,Not applicable,0
nhs,Health,MWBSQ02,1,All of the time,1
nhs,Health,MWBSQ02,2,Most of the time,2
nhs,Health,MWBSQ02,3,Some of the time,3
nhs,Health,MWBSQ02,4,A little of the time,4
nhs,Health,MWBSQ02,5,None of the time,5
nhs,Health,MWBSQ02,7,Refusal,7
nhs,Health,MWBSQ02,8,Not asked,8
nhs,Health,MWBSQ03,0,Not applicable,0
nhs,Health,MWBSQ03,1,All of the time,1
nhs,Health,MWBSQ03,2,Most of the time,2
nhs,Health,MWBSQ03,3,Some of the time,3
nhs,Health,MWBSQ03,4,A little of the time,4
nhs,Health,MWBSQ03,5,None of the time,5
nhs,Health,MWBSQ03,7,Refusal,7
nhs,Health,MWBSQ03,8,Not asked,8
nhs,Health,MWBSQ04,0,Not applicable,0
nhs,Health,MWBSQ04,1,All of the time,1
nhs,Health,MWBSQ04,2,Most of the time,2
nhs,Health,MWBSQ04,3,Some of the time,3
nhs,Health,MWBSQ04,4,A little of the time,4
nhs,Health,MWBSQ04,5,None of the time,5
nhs,Health,MWBSQ04,7,Refusal,7
nhs,Health,MWBSQ04,8,Not asked,8
nhs,Health,MWBSQ05,0,Not applicable,0
nhs,Health,MWBSQ05,1,All of the time,1
nhs,Health,MWBSQ05,2,Most of the time,2
nhs,Health,MWBSQ05,3,Some of the time,3
nhs,Health,MWBSQ05,4,A little of the time,4
nhs,Health,MWBSQ05,5,None of the time,5
nhs,Health,MWBSQ05,7,Refusal,7
nhs,Health,MWBSQ05,8,Not asked,8
nhs,Health,MWBSQ06,0,Not applicable,0
nhs,Health,MWBSQ06,1,All of the time,1
nhs,Health,MWBSQ06,2,Most of the time,2
nhs,Health,MWBSQ06,3,Some of the time,3
nhs,Health,MWBSQ06,4,A little of the time,4
nhs,Health,MWBSQ06,5,None of the time,5
nhs,Health,MWBSQ06,7,Refusal,7
nhs,Health,MWBSQ06,8,Not asked,8
nhs,Health,MWBSQ07,0,Not applicable,0
nhs,Health,MWBSQ07,1,All of the time,1
nhs,Health,MWBSQ07,2,Most of the time,2
nhs,Health,MWBSQ07,3,Some of the time,3
nhs,Health,MWBSQ07,4,A little of the time,4
nhs,Health,MWBSQ07,5,None of the time,5
nhs,Health,MWBSQ07,7,Refusal,7
nhs,Health,MWBSQ07,8,Not asked,8
nhs,Health,MWBSQ08,0,Not applicable,0
nhs,Health,MWBSQ08,1,All of the time,1
nhs,Health,MWBSQ08,2,Most of the time,2
nhs,Health,MWBSQ08,3,Some of the time,3
nhs,Health,MWBSQ08,4,A little of the time,4
nhs,Health,MWBSQ08,5,None of the time,5
nhs,Health,MWBSQ08,7,Refusal,7
nhs,Health,MWBSQ08,8,Not asked,8
nhs,Health,MWBSQ09,0,Not applicable,0
nhs,Health,MWBSQ09,1,All of the time,1
nhs,Health,MWBSQ09,2,Most of the time,2
nhs,Health,MWBSQ09,3,Some of the time,3
nhs,Health,MWBSQ09,4,A little of the time,4
nhs,Health,MWBSQ09,5,None of the time,5
nhs,Health,MWBSQ09,7,Refusal,7
nhs,Health,MWBSQ09,8,Not asked,8
nhs,Health,MWBSQ10,0,Not applicable,0
nhs,Health,MWBSQ10,1,All of the time,1
nhs,Health,MWBSQ10,2,Most of the time,2
nhs,Health,MWBSQ10,3,Some of the time,3
nhs,Health,MWBSQ10,4,A little of the time,4
nhs,Health,MWBSQ10,5,None of the time,5
nhs,Health,MWBSQ10,7,Refusal,7
nhs,Health,MWBSQ10,8,Not asked,8
nhs,Health,MWBSQ11,0,Not applicable,0
nhs,Health,MWBSQ11,1,All of the time,1
nhs,Health,MWBSQ11,2,Most of the time,2
nhs,Health,MWBSQ11,3,Some of the time,3
nhs,Health,MWBSQ11,4,A little of the time,4
nhs,Health,MWBSQ11,5,None of the time,5
nhs,Health,MWBSQ11,7,Refusal,7
nhs,Health,MWBSQ11,8,Not asked,8
nhs,Health,MWBSQ12,97,Not applicable,97
nhs,Health,MWBSQ13,97,Not applicable,97
nhs,Health,MWBS14E,5,5 times or more,5
nhs,Health,MWBS14E,9,Not applicable,9
nhs,Health,MWBSQ15,0,Not applicable,0
nhs,Health,MWBSQ15,1,All of the time,1
nhs,Health,MWBSQ15,2,Most of the time,2
nhs,Health,MWBSQ15,3,Some of the time,3
nhs,Health,MWBSQ15,4,A little of the time,4
nhs,Health,MWBSQ15,5,None of the time,5
nhs,Health,MWBSQ15,7,Refusal,7
nhs,Health,PAINBOD,0,Not applicable,0
nhs,Health,PAINBOD,1,None,1
nhs,Health,PAINBOD,2,Very mild,2
nhs,Health,PAINBOD,3,Mild,3
nhs,Health,PAINBOD,4,Moderate,4
nhs,Health,PAINBOD,5,Severe,5
nhs,Health,PAINBOD,6,Very Severe,6
nhs,Health,PAINBOD,8,Not asked,8
nhs,Health,PAINBOD,9,Not stated,9
nhs,Health,MWBPAINT,0,Not applicable,0
nhs,Health,MWBPAINT,1,Not at all,1
nhs,Health,MWBPAINT,2,A little bit,2
nhs,Health,MWBPAINT,3,Moderately,3
nhs,Health,MWBPAINT,4,Quite a bit,4
nhs,Health,MWBPAINT,5,Extremely,5
nhs,Health,MWBPAINT,6,Did not experience bodily pain,6
nhs,Health,MWBPAINT,8,Not asked,8
nhs,Health,MWBPAINT,9,Not stated,9
nhs,Health,AGEMHCF,0,Not applicable,0
nhs,Health,AGEMHCF,1,Less than 25 years,1
nhs,Health,AGEMHCF,2,25 to 44 years,2
nhs,Health,AGEMHCF,3,45 to 64 years,3
nhs,Health,AGEMHCF,4,65 years and over,4
nhs,Health,AGEMHCF,8,Not diagnosed/Not known if diagnosed,8
nhs,Health,AGEMHCF,5,Mood stabilisers,5
nhs,Health,AGEMHCF,6,Other medications for mental health,6
nhs,Health,AGEMHCF,7,Did not take medication for mental health condition,7
nhs,Health,AGEMHCF,9,Not applicable,9
nhs,Health,DURSLP,0,Not applicable,0
nhs,Health,DURSLP,1,Less than 1 month,1
nhs,Health,DURSLP,3,3 months to less than 6 months,3
nhs,Health,DURSLP,4,6 months or more,4
nhs,Health,DURSLP,5,Not known,5
nhs,Health,DURSLP,9,Did not use,9
nhs,Health,FREQSLP,0,Not applicable,0
nhs,Health,FREQSLP,1,Every day and/or night,1
nhs,Health,FREQSLP,2,More than 3 days and/or nights a week,2
nhs,Health,FREQSLP,3,1-3 days and/or nights a week,3
nhs,Health,FREQSLP,4,Less than once a week,4
nhs,Health,FREQSLP,5,Varies/as required,5
nhs,Health,FREQSLP,9,Did not use,9
nhs,Health,DURANX,0,Not applicable,0
nhs,Health,DURANX,1,Less than 1 month,1
nhs,Health,DURANX,2,1 month to less than 3 months,2
nhs,Health,DURANX,3,3 months to less than 6 months,3
nhs,Health,DURANX,4,6 months or more,4
nhs,Health,DURANX,5,Don't know how long anxiety or nerves tablets or capsules have been taken,5
nhs,Health,DURANX,9,Did not use,9
nhs,Health,FREQANX,0,Not applicable,0
nhs,Health,FREQANX,1,Every day and/or night,1
nhs,Health,FREQANX,2,More than 3 days and/or nights a week,2
nhs,Health,FREQANX,3,1-3 days and/or nights a week,3
nhs,Health,FREQANX,4,Less than once a week,4
nhs,Health,FREQANX,5,Varies/as required,5
nhs,Health,FREQANX,9,Did not use,9
nhs,Health,DURTRAN,0,Not applicable,0
nhs,Health,DURTRAN,1,Less than 1 month,1
nhs,Health,DURTRAN,2,1 month to less than 3 months,2
nhs,Health,DURTRAN,3,3 months to less than 6 months,3
nhs,Health,DURTRAN,4,6 months or more,4
nhs,Health,DURTRAN,5,Don't know how long tranquillisers have been taken,5
nhs,Health,DURTRAN,9,Did not use,9
nhs,Health,FREQTRAN,0,Not applicable,0
nhs,Health,FREQTRAN,1,Every day and/or night,1
nhs,Health,FREQTRAN,2,More than 3 days and/or nights a week,2
nhs,Health,FREQTRAN,3,1-3 days and/or nights a week,3
nhs,Health,FREQTRAN,4,Less than once a week,4
nhs,Health,FREQTRAN,5,Varies/as required,5
nhs,Health,FREQTRAN,9,Did not use,9
nhs,Health,DURANTI,0,Not applicable,0
nhs,Health,DURANTI,1,Less than 1 month,1
nhs,Health,DURANTI,2,1 month to less than 3 months,2
nhs,Health,DURANTI,3,3 months to less than 6 months,3
nhs,Health,DURANTI,4,6 months or more,4
nhs,Health,DURANTI,5,Don't know how long antidepressants have been taken,5
nhs,Health,DURANTI,9,Did not use,9
nhs,Health,FREQANTI,0,Not applicable,0
nhs,Health,FREQANTI,1,Every day and/or night,1
nhs,Health,FREQANTI,2,More than 3 days and/or nights a week,2
nhs,Health,FREQANTI,3,1-3 days and/or nights a week,3
nhs,Health,FREQANTI,4,Less than once a week,4
nhs,Health,FREQANTI,5,Varies/as required,5
nhs,Health,FREQANTI,9,Did not use,9
nhs,Health,DURMOOD,0,Not applicable,0
nhs,Health,DURMOOD,1,Less than 1 month,1
nhs,Health,DURMOOD,2,1 month to less than 3 months,2
nhs,Health,DURMOOD,3,3 months to less than 6 months,3
nhs,Health,DURMOOD,4,6 months or more,4
nhs,Health,DURMOOD,5,Don't know how long mood stabilisers have been taken,5
nhs,Health,DURMOOD,9,Did not use,9
nhs,Health,FREQMOOD,0,Not applicable,0
nhs,Health,FREQMOOD,1,Every day and/or night,1
nhs,Health,FREQMOOD,2,More than 3 days and/or nights a week,2
nhs,Health,FREQMOOD,3,1-3 days and/or nights a week,3
nhs,Health,FREQMOOD,4,Less than once a week,4
nhs,Health,FREQMOOD,5,Varies/as required,5
nhs,Health,FREQMOOD,9,Did not use,9
nhs,Health,DUROTH,0,Not applicable,0
nhs,Health,DUROTH,1,Less than 1 month,1
nhs,Health,DUROTH,2,1 month to less than 3 months,2
nhs,Health,DUROTH,3,3 months to less than 6 months,3
nhs,Health,DUROTH,4,6 months or more,4
nhs,Health,DUROTH,5,Don't know how long other mental health medications have been taken,5
nhs,Health,DUROTH,9,Did not use,9
nhs,Health,FREQOTH,0,Not applicable,0
nhs,Health,FREQOTH,1,Every day and/or night,1
nhs,Health,FREQOTH,2,More than 3 days and/or nights a week,2
nhs,Health,FREQOTH,3,1-3 days and/or nights a week,3
nhs,Health,FREQOTH,4,Less than once a week,4
nhs,Health,FREQOTH,5,Varies/as required,5
nhs,Health,FREQOTH,9,Did not use,9
nhs,Health,MSKRTBC,0,Not applicable,0
nhs,Health,MSKRTBC,1,Less than 15 years,1
nhs,Health,MSKRTBC,2,15 to 17 years,2
nhs,Health,MSKRTBC,3,18 to 24 years,3
nhs,Health,MSKRTBC,4,25 to 29 years,4
nhs,Health,MSKRTBC,5,30 to 34 years,5
nhs,Health,MSKRTBC,6,35 to 39 years,6
nhs,Health,MSKRTBC,7,40 to 44 years,7
nhs,Health,MSKRTBC,8,45 to 49 years,8
nhs,Health,MSKRTBC,9,50 to 54 years,9
nhs,Health,MSKRTBC,10,55 to 59 years,10
nhs,Health,MSKRTBC,11,60 to 64 years,11
nhs,Health,MSKRTBC,12,65 to 69 years,12
nhs,Health,MSKRTBC,13,70 to 74 years,13
nhs,Health,MSKRTBC,14,75 to 79 years,14
nhs,Health,MSKRTBC,15,80 years and over,15
nhs,Health,MSKRTBC,98,Not stated,98
nhs,Health,MSKRTBC,99,Not known,99
nhs,Health,MSKRTBC,01,Did weights/strength/resistance training,1
nhs,Health,MSKRTBC,02,Obtained and/or used physical aids (used at home/work),2
nhs,Health,MSKRTBC,03,Water therapy,3
nhs,Health,MSKRTBC,04,Massage,4
nhs,Health,MSKRTBC,05,Followed changed eating pattern/diet,5
nhs,Health,MSKRTBC,06,Losing weight,6
nhs,Health,MSKRTBC,07,Exercised most days,7
nhs,Health,MSKRTBC,97,Not applicable,97
nhs,Health,MSKOSTBC,0,Not applicable,0
nhs,Health,MSKOSTBC,1,< 25 years,1
nhs,Health,MSKOSTBC,2,25 - 44 years,2
nhs,Health,MSKOSTBC,3,45 - 64 years,3
nhs,Health,MSKOSTBC,4,65 - 84 years,4
nhs,Health,MSKOSTBC,5,85 years and over,5
nhs,Health,MSKOSTBC,8,Not stated,8
nhs,Health,MSKOSTBC,9,Not known,9
nhs,Health,OSTEOQ5,0,Not applicable,0
nhs,Health,OSTEOQ5,1,Action taken in last 2 weeks for osteoporosis or osteopenia,1
nhs,Health,OSTEOQ5,5,No action taken in last 2 weeks for osteoporosis or osteopenia,5
nhs,Health,OSTEOQ5,6,Not known,6
nhs,Health,OSTEOQ5,01,Did weights/strength/resistance training,1
nhs,Health,OSTEOQ5,02,Obtained and/or used physical aids (used at home/work),2
nhs,Health,OSTEOQ5,03,Water therapy,3
nhs,Health,OSTEOQ5,04,Massage,4
nhs,Health,OSTEOQ5,05,Followed changed eating pattern/diet,5
nhs,Health,OSTEOQ5,06,Losing weight,6
nhs,Health,OSTEOQ5,07,Exercised most days,7
nhs,Health,OSTEOQ5,10,Other action taken,10
nhs,Health,OSTEOQ5,11,No action taken,11
nhs,Health,OSTEOQ5,97,Not applicable,97
nhs,Health,MSKBDEN,0,Not applicable,0
nhs,Health,MSKBDEN,1,Bone density tested in last 2 years,1
nhs,Health,MSKBDEN,2,Bone density tested more than 2 years ago,2
nhs,Health,MSKBDEN,3,Bone density not tested,3
nhs,Health,MSKBDEN,4,Not known if ever had bone density tested,4
nhs,Health,MSKBDEN,5,Bone density tested but not known if tested in last 2 years,5
nhs,Health,HEALQ01,0,Not applicable,0
nhs,Health,HEALQ01,1,With private health insurance,1
nhs,Health,HEALQ01,5,Without private health insurance,5
nhs,Health,HEALQ01,6,Not known,6
nhs,Health,PHITYPC,0,Not applicable,0
nhs,Health,PHITYPC,1,Hospital cover only,1
nhs,Health,PHITYPC,2,Ancillary cover only,2
nhs,Health,PHITYPC,3,Both hospital and ancillary cover,3
nhs,Health,PHITYPC,4,Insured but type of cover not known,4
nhs,Health,PHITYPC,5,Without private health insurance,5
nhs,Health,PHITYPC,9,Not known if has private health insurance,9
nhs,Health,PHITYPM,0,Not applicable,0
nhs,Health,PHITYPM,1,Family,1
nhs,Health,PHITYPM,2,Couple,2
nhs,Health,PHITYPM,3,Sole parent,3
nhs,Health,PHITYPM,4,Single,4
nhs,Health,PHITYPM,5,Without private health insurance,5
nhs,Health,PHITYPM,8,Not known type of private health insurance,8
nhs,Health,PHITYPM,9,Not known if has private health insurance,9
nhs,Health,HEALQ05,0,Not applicable,0
nhs,Health,HEALQ05,1,< 1 year,1
nhs,Health,HEALQ05,2,1 year to < 2 years,2
nhs,Health,HEALQ05,3,2 years to < 5 years,3
nhs,Health,HEALQ05,4,5 years or more,4
nhs,Health,HEALQ05,01,Security or protection or peace of mind,1
nhs,Health,HEALQ05,02,Lifetime cover or avoid age surcharge,2
nhs,Health,HEALQ05,03,Choice of doctor,3
nhs,Health,HEALQ05,04,Allow treatment as private patient in hospital,4
nhs,Health,HEALQ05,05,Provides benefits for ancillary services or extras,5
nhs,Health,HEALQ05,06,Shorter wait for treatment or concerned over public hospital waiting lists,6
nhs,Health,HEALQ05,07,Always had it or parents pay it or condition of job,7
nhs,Health,HEALQ05,08,To gain government benefits or avoid extra Medicare levy,8
nhs,Health,HEALQ05,09,Other financial reasons,9
nhs,Health,HEALQ05,10,Has condition that requires treatment,10
nhs,Health,HEALQ05,11,Elderly or getting older or likely to need treatment,11
nhs,Health,HEALQ05,12,Other reason,12
nhs,Health,HEALQ05,13,Not applicable/No private health insurance,13
nhs,Health,HIGOVEC,0,Not applicable,0
nhs,Health,HIGOVEC,1,Has Govt health concession card,1
nhs,Health,HIGOVEC,2,Does not have Govt health concession card,2
nhs,Health,HIGOVEC,9,Not known,9
nhs,Health,HIGOVEC,3,Has a Commonwealth seniors health card,3
nhs,Health,HIGOVEC,4,Has none of these cards,4
nhs,Health,HIGOVEC,5,Not known if has a government concession/entitlement card,5
nhs,Health,HEALTWI,0,Not applicable,0
nhs,Health,HEALTWI,1,Had time off work for own illness/injury,1
nhs,Health,HEALTWI,2,Did not have time off work for own illness/injury,2
nhs,Health,HEALF36,0,Not applicable,0
nhs,Health,HEALF36,1,Had time off work,1
nhs,Health,HEALF36,5,Did not have time off work,5
nhs,Health,HEALF29,0,Not applicable,0
nhs,Health,HEALF29,1,Had time off school due to own illness/injury,1
nhs,Health,HEALF29,5,Did not have time off school due to own illness/injury,5
nhs,Health,HEALF31,0,Not applicable,0
nhs,Health,HEALF31,1,Had time off school to look after someone else,1
nhs,Health,HEALF31,5,Did not have time off school to look after someone else,5
nhs,Risk factors,AL2K3DAY,0,Not applicable,0
nhs,Risk factors,AL2K3DAY,1,Low risk,1
nhs,Risk factors,AL2K3DAY,2,Medium risk,2
nhs,Risk factors,AL2K3DAY,3,High risk,3
nhs,Risk factors,AL2K3DAY,4,Last consumed alcohol 1 week to less than 12 months ago,4
nhs,Risk factors,AL2K3DAY,5,Last consumed alcohol 12 months or more ago,5
nhs,Risk factors,AL2K3DAY,6,Never consumed alcohol,6
nhs,Risk factors,AL2K3DAY,8,Risk level not known,8
nhs,Risk factors,AL2K3DAY,9,Time since last consumed alcohol not known,9
nhs,Risk factors,ALCLTR3D,0,Not applicable,0
nhs,Risk factors,ALCLTR3D,1,Exceeded guidelines,1
nhs,Risk factors,ALCLTR3D,2,Did not exceed guidelines,2
nhs,Risk factors,ALCLTR3D,4,Last consumed alcohol 1 week to less than 12 months ago,4
nhs,Risk factors,ALCLTR3D,5,Last consumed alcohol 12 months or more ago,5
nhs,Risk factors,ALCLTR3D,6,Never consumed alcohol,6
nhs,Risk factors,ALCLTR3D,8,Risk level not known,8
nhs,Risk factors,ALCLTR3D,9,Time since last consumed alcohol not known,9
nhs,Risk factors,AL2K7DAY,0,Not applicable,0
nhs,Risk factors,AL2K7DAY,1,Low risk,1
nhs,Risk factors,AL2K7DAY,2,Medium risk,2
nhs,Risk factors,AL2K7DAY,3,High risk,3
nhs,Risk factors,AL2K7DAY,4,Last consumed alcohol 1 week to less than 12 months ago,4
nhs,Risk factors,AL2K7DAY,5,Last consumed alcohol 12 months or more ago,5
nhs,Risk factors,AL2K7DAY,6,Never consumed alcohol,6
nhs,Risk factors,AL2K7DAY,8,Risk level not known,8
nhs,Risk factors,AL2K7DAY,9,Time since last consumed alcohol not known,9
nhs,Risk factors,ALCLTR7D,0,Not applicable,0
nhs,Risk factors,ALCLTR7D,1,Exceeded guidelines,1
nhs,Risk factors,ALCLTR7D,2,Did not exceed guidelines,2
nhs,Risk factors,ALCLTR7D,4,Last consumed alcohol 1 week to less than 12 months ago,4
nhs,Risk factors,ALCLTR7D,5,Last consumed alcohol 12 months or more ago,5
nhs,Risk factors,ALCLTR7D,6,Never consumed alcohol,6
nhs,Risk factors,ALCLTR7D,8,Risk level not known,8
nhs,Risk factors,ALCLTR7D,9,Time since last consumed alcohol not known,9
nhs,Risk factors,ALCSTR01,0,Not applicable,0
nhs,Risk factors,ALCSTR01,1,High risk,1
nhs,Risk factors,ALCSTR01,2,UTD high risk,2
nhs,Risk factors,ALCSTR01,3,Risky,3
nhs,Risk factors,ALCSTR01,4,UTD risky,4
nhs,Risk factors,ALCSTR01,5,Low risk,5
nhs,Risk factors,ALCSTR01,6,UTD low risk,6
nhs,Risk factors,ALCSTR01,7,Don't remember when last consumed alcohol,7
nhs,Risk factors,ALCSTR01,8,Did not consume alcohol in last 12 months,8
nhs,Risk factors,ALCSTR01,9,Never consumed alcohol,9
nhs,Risk factors,ALCSTRAO,0,Not applicable,0
nhs,Risk factors,ALCSTRAO,1,Exceeded (11 or more),1
nhs,Risk factors,ALCSTRAO,2,Exceeded (7 or more),2
nhs,Risk factors,ALCSTRAO,3,UTD exceeded guidelines (5 or more),3
nhs,Risk factors,ALCSTRAO,4,Exceeded (5 or more),4
nhs,Risk factors,ALCSTRAO,5,Did not exceed (5 or more),5
nhs,Risk factors,ALCSTRAO,6,Did not exceed (3 or more),6
nhs,Risk factors,ALCSTRAO,7,Did not consume alcohol last 12 months,7
nhs,Risk factors,ALCSTRAO,8,Never consumed alcohol,8
nhs,Risk factors,ALCSTRAO,9,Don't remember last time consumed alcohol,9
nhs,Risk factors,ALCCQ2,0,Not applicable,0
nhs,Risk factors,ALCCQ2,1,1 week or less,1
nhs,Risk factors,ALCCQ2,2,More than 1 week to less than 2 weeks,2
nhs,Risk factors,ALCCQ2,3,2 weeks to less than 1 month,3
nhs,Risk factors,ALCCQ2,4,1 month to less than 3 months,4
nhs,Risk factors,ALCCQ2,5,3 months to less than 12 months,5
nhs,Risk factors,ALCCQ2,6,12 months,6
nhs,Risk factors,ALCCQ2,7,More than 12 months,7
nhs,Risk factors,ALCCQ2,8,Never consumed alcohol,8
nhs,Risk factors,ALCCQ2,9,Don't remember,9
nhs,Risk factors,ALCDAYS,9,Not applicable,9
nhs,Risk factors,ALWKDFLG,0,Not applicable,0
nhs,Risk factors,ALWKDFLG,1,Weekend consumption fully enumerated,1
nhs,Risk factors,ALWKDFLG,2,Weekend consumption partly enumerated,2
nhs,Risk factors,ALWKDFLG,3,Weekend consumption not enumerated,3
nhs,Risk factors,ALWKDFLG,4,No weekend consumption,4
nhs,Risk factors,TOTPAC,000000,Not applicable,0
nhs,Risk factors,TOTPAC,999998,Not stated/not known,999998
nhs,Risk factors,AL3DAYAV,97,Did not drink in last week,97
nhs,Risk factors,AL3DAYAV,98,Not stated/not known,98
nhs,Risk factors,AL3DAYAV,99,Not applicable,99
nhs,Risk factors,ALINTDAY,9997,No alcohol consumed,9997
nhs,Risk factors,ALINTDAY,9998,Not stated/not known,9998
nhs,Risk factors,ALINTDAY,9999,Not applicable,9999
nhs,Risk factors,ALINTWK,9997,No alcohol consumed,9997
nhs,Risk factors,ALINTWK,9998,Not stated/not known,9998
nhs,Risk factors,ALINTWK,9999,Not applicable,9999
nhs,Risk factors,ALINWKSD,97,Did not drink last week,97
nhs,Risk factors,ALINWKSD,98,Not stated/not known,98
nhs,Risk factors,ALINWKSD,99,Not applicable,99
nhs,Risk factors,ALCWKLY,9997,No alcohol consumed,9997
nhs,Risk factors,ALCWKLY,9998,Not stated/not known,9998
nhs,Risk factors,ALCWKLY,9999,Not applicable,9999
nhs,Risk factors,ALCWKSD,997,No alcohol consumed,997
nhs,Risk factors,ALCWKSD,998,Not stated/not known,998
nhs,Risk factors,ALCWKSD,999,Not applicable,999
nhs,Risk factors,ALCMPRSN,0,Not applicable,0
nhs,Risk factors,ALCMPRSN,1,More than most weeks,1
nhs,Risk factors,ALCMPRSN,2,About the same as most weeks,2
nhs,Risk factors,ALCMPRSN,3,Less than most weeks,3
nhs,Risk factors,ALCMPRSN,8,Not stated,8
nhs,Risk factors,ALCUSUQ2,0,Not applicable,0
nhs,Risk factors,ALCUSUQ2,1,Every day,1
nhs,Risk factors,ALCUSUQ2,2,5 to 6 days a week,2
nhs,Risk factors,ALCUSUQ2,3,3 to 4 days a week,3
nhs,Risk factors,ALCUSUQ2,4,1 to 2 days a week,4
nhs,Risk factors,ALCUSUQ2,5,2 to 3 days a month,5
nhs,Risk factors,ALCUSUQ2,6,1 day a month,6
nhs,Risk factors,ALCUSUQ2,7,Less than once a month,7
nhs,Risk factors,ALCUSUQ2,8,Not known,8
nhs,Risk factors,ALCF3,00,Nil in the last 12 months,0
nhs,Risk factors,ALCF3,01,Everyday,1
nhs,Risk factors,ALCF3,02,6 days a week,2
nhs,Risk factors,ALCF3,03,5 days a week,3
nhs,Risk factors,ALCF3,04,4 days a week,4
nhs,Risk factors,ALCF3,05,3 days a week,5
nhs,Risk factors,ALCF3,06,2 days a week,6
nhs,Risk factors,ALCF3,07,1 day a week,7
nhs,Risk factors,ALCF3,08,25 to 51 times in a year,8
nhs,Risk factors,ALCF3,09,13 to 24 times in a year,9
nhs,Risk factors,ALCF3,10,1 to 12 times in a year,10
nhs,Risk factors,ALCF3,97,Not known number of times drank number of drinks in last 12 months,97
nhs,Risk factors,ALCF3,98,Not known when drank last,98
nhs,Risk factors,ALCF3,99,Not applicable,99
nhs,Risk factors,ALCF3C,997,Not known if drank number of drinks in last 12 months,997
nhs,Risk factors,ALCF3C,998,Not known when drank last,998
nhs,Risk factors,ALCF3C,999,Not applicable,999
nhs,Risk factors,ALCF5,0,Nil in the last 12 months,0
nhs,Risk factors,ALCF5,1,Everyday,1
nhs,Risk factors,ALCF5,2,6 days a week,2
nhs,Risk factors,ALCF5,3,5 days a week,3
nhs,Risk factors,ALCF5,4,4 days a week,4
nhs,Risk factors,ALCF5,5,3 days a week,5
nhs,Risk factors,ALCF5,6,2 days a week,6
nhs,Risk factors,ALCF5,7,1 day a week,7
nhs,Risk factors,ALCF5,8,25 to 51 times in a year,8
nhs,Risk factors,ALCF5,9,13 to 24 times in a year,9
nhs,Risk factors,ALCF5,10,1 to 12 times in a year,10
nhs,Risk factors,ALCF5,97,Not known number of times drank number of drinks in last 12 months,97
nhs,Risk factors,ALCF5,98,Not known when drank last,98
nhs,Risk factors,ALCF5,99,Not applicable,99
nhs,Risk factors,ALCF5C,997,Not known if drank number of drinks in last 12 months,997
nhs,Risk factors,ALCF5C,998,Not known when drank last,998
nhs,Risk factors,ALCF5C,999,Not applicable,999
nhs,Risk factors,ALCF7,00,Nil in the last 12 months,0
nhs,Risk factors,ALCF7,01,Everyday,1
nhs,Risk factors,ALCF7,02,6 days a week,2
nhs,Risk factors,ALCF7,03,5 days a week,3
nhs,Risk factors,ALCF7,04,4 days a week,4
nhs,Risk factors,ALCF7,05,3 days a week,5
nhs,Risk factors,ALCF7,06,2 days a week,6
nhs,Risk factors,ALCF7,07,1 day a week,7
nhs,Risk factors,ALCF7,08,25 to 51 times in a year,8
nhs,Risk factors,ALCF7,09,13 to 24 times in a year,9
nhs,Risk factors,ALCF7,10,1 to 12 times in a year,10
nhs,Risk factors,ALCF7,97,Not known number of times drank number of drinks in last 12 months,97
nhs,Risk factors,ALCF7,98,Not known when drank last,98
nhs,Risk factors,ALCF7,99,Not applicable,99
nhs,Risk factors,ALCF7C,997,Not known if drank number of drinks in last 12 months,997
nhs,Risk factors,ALCF7C,998,Not known when drank last,998
nhs,Risk factors,ALCF7C,999,Not applicable,999
nhs,Risk factors,ALCF11,00,Nil in the last 12 months,0
nhs,Risk factors,ALCF11,01,Everyday,1
nhs,Risk factors,ALCF11,02,6 days a week,2
nhs,Risk factors,ALCF11,03,5 days a week,3
nhs,Risk factors,ALCF11,04,4 days a week,4
nhs,Risk factors,ALCF11,05,3 days a week,5
nhs,Risk factors,ALCF11,06,2 days a week,6
nhs,Risk factors,ALCF11,07,1 day a week,7
nhs,Risk factors,ALCF11,08,25 to 51 times in a year,8
nhs,Risk factors,ALCF11,09,13 to 24 times in a year,9
nhs,Risk factors,ALCF11,10,1 to 12 times in a year,10
nhs,Risk factors,ALCF11,97,Not known number of times drank number of drinks in last 12 months,97
nhs,Risk factors,ALCF11,98,Not known when drank last,98
nhs,Risk factors,ALCF11,99,Not applicable,99
nhs,Risk factors,ALCF11C,997,Not known if drank number of drinks in last 12 months,997
nhs,Risk factors,ALCF11C,998,Not known when drank last,998
nhs,Risk factors,ALCF11C,999,Not applicable,999
nhs,Risk factors,ALCQ03,0,Not applicable,0
nhs,Risk factors,ALCQ03,1,Increased compared to 12 months ago,1
nhs,Risk factors,ALCQ03,2,Decreased compared to 12 months ago,2
nhs,Risk factors,ALCQ03,3,Stayed the same,3
nhs,Risk factors,ALCQ03,01,Divorce/separation,1
nhs,Risk factors,ALCQ03,02,Death,2
nhs,Risk factors,ALCQ03,03,Serious illness,3
nhs,Risk factors,ALCQ03,04,Serious accident,4
nhs,Risk factors,ALCQ03,05,Alcohol or drug related problems,5
nhs,Risk factors,ALCQ03,06,Mental illness,6
nhs,Risk factors,ALCQ03,07,Serious disability,7
nhs,Risk factors,ALCQ03,08,Not able to get a job,8
nhs,Risk factors,ALCQ03,09,Involuntary loss of a job,9
nhs,Risk factors,ALCQ03,10,Witness to violence,10
nhs,Risk factors,ALCQ03,11,Abuse or violent crime,11
nhs,Risk factors,ALCQ03,12,Trouble with the police,12
nhs,Risk factors,ALCQ03,13,Gambling problem,13
nhs,Risk factors,ALCQ03,14,Other,14
nhs,Risk factors,ALCQ03,15,No stressors,15
nhs,Risk factors,ALCQ03,16,Not stated,16
nhs,Risk factors,ALCQ03,97,Not applicable,97
nhs,Risk factors,SMKSTAT,0,Not applicable,0
nhs,Risk factors,SMKSTAT,1,Current smoker daily,1
nhs,Risk factors,SMKSTAT,2,Current smoker weekly (at least once a week but not daily),2
nhs,Risk factors,SMKSTAT,3,Current smoker less than weekly,3
nhs,Risk factors,SMKSTAT,4,Ex-smoker,4
nhs,Risk factors,SMKSTAT,5,Never smoked,5
nhs,Risk factors,SMKDAILY,0,Not applicable,0
nhs,Risk factors,SMKDAILY,1,Current daily smoker,1
nhs,Risk factors,SMKDAILY,2,Past daily smoker (still smokes),2
nhs,Risk factors,SMKDAILY,3,Past daily smoker (ex-smoker),3
nhs,Risk factors,SMKDAILY,4,Never smoked daily,4
nhs,Risk factors,SMKDAILY,5,Never smoked,5
nhs,Risk factors,SMOKEQ8B,0,Not applicable,0
nhs,Risk factors,SMOKEQ8B,1,Less than 12 years,1
nhs,Risk factors,SMOKEQ8B,2,12 to 14 years,2
nhs,Risk factors,SMOKEQ8B,3,15 to 17 years,3
nhs,Risk factors,SMOKEQ8B,4,18 to 24 years,4
nhs,Risk factors,SMOKEQ8B,5,25 to 29 years,5
nhs,Risk factors,SMOKEQ8B,6,30 to 34 years,6
nhs,Risk factors,SMOKEQ8B,7,35 to 39 years,7
nhs,Risk factors,SMOKEQ8B,8,40 years and over,8
nhs,Risk factors,SMOKE11B,0,Not applicable,0
nhs,Risk factors,SMOKE11B,1,Less than 18 years,1
nhs,Risk factors,SMOKE11B,2,18 to 24 years,2
nhs,Risk factors,SMOKE11B,3,25 to 29 years,3
nhs,Risk factors,SMOKE11B,4,30 to 34 years,4
nhs,Risk factors,SMOKE11B,5,35 to 39 years,5
nhs,Risk factors,SMOKE11B,6,40 to 44 years,6
nhs,Risk factors,SMOKE11B,7,45 to 49 years,7
nhs,Risk factors,SMOKE11B,8,50 to 54 years,8
nhs,Risk factors,SMOKE11B,9,55 to 59 years,9
nhs,Risk factors,SMOKE11B,10,60 to 64 years,10
nhs,Risk factors,SMOKE11B,11,65 years and over,11
nhs,Risk factors,SMKAGEDB,1,Less than 10 years,1
nhs,Risk factors,SMKAGEDB,2,10 to 19 years,2
nhs,Risk factors,SMKAGEDB,3,20 to 29 years,3
nhs,Risk factors,SMKAGEDB,4,30 to 39 years,4
nhs,Risk factors,SMKAGEDB,5,40 to 49 years,5
nhs,Risk factors,SMKAGEDB,6,50 years and over,6
nhs,Risk factors,SMKAGEDB,7,Not applicable,7
nhs,Risk factors,SMKAGEDB,8,Never smoked daily,8
nhs,Risk factors,SMOKE13A,0,Not applicable,0
nhs,Risk factors,SMOKE13A,1,Increased,1
nhs,Risk factors,SMOKE13A,2,Decreased,2
nhs,Risk factors,SMOKE13A,3,Stayed the same,3
nhs,Risk factors,SMKTCED,0,Not applicable,0
nhs,Risk factors,SMKTCED,1,Daily smoker,1
nhs,Risk factors,SMKTCED,2,Non-daily smoker who had smoked daily,2
nhs,Risk factors,SMKTCED,3,Non-daily smoker who had not smoked daily,3
nhs,Risk factors,SMKTCNI,0,Not applicable,0
nhs,Risk factors,SMKTCNI,1,Daily smoker,1
nhs,Risk factors,SMKTCNI,2,Non-daily smoker,2
nhs,Risk factors,SMKSTOP,0,Not applicable,0
nhs,Risk factors,SMKSTOP,1,Stopped smoking daily,1
nhs,Risk factors,SMKSTOP,2,Did not stop smoking daily,2
nhs,Risk factors,SMKSTOP,3,Did not smoke daily in last 12 months,3
nhs,Risk factor - Physical Activity,EXREGUIC,0,Not applicable,0
nhs,Risk factor - Physical Activity,EXREGUIC,1,Met recommended guidelines,1
nhs,Risk factor - Physical Activity,EXREGUIC,2,Did not meet recommended guidelines,2
nhs,Risk factor - Physical Activity,EXREGUIC,9,Not known,9
nhs,Risk factor - Physical Activity,EXREGUID,0,Not applicable,0
nhs,Risk factor - Physical Activity,EXREGUID,1,Met recommended guidelines,1
nhs,Risk factor - Physical Activity,EXREGUID,2,Did not meet recommended guidelines,2
nhs,Risk factor - Physical Activity,EXREGUID,9,Not known,9
nhs,Risk factor - Physical Activity,DURACSF,0,Not applicable,0
nhs,Risk factor - Physical Activity,DURACSF,1,Inactive,1
nhs,Risk factor - Physical Activity,DURACSF,2,Insufficiently active,2
nhs,Risk factor - Physical Activity,DURACSF,3,Sufficiently active for health,3
nhs,Risk factor - Physical Activity,DURACSF,8,Not known,8
nhs,Risk factor - Physical Activity,DURSACSF,0,Not applicable,0
nhs,Risk factor - Physical Activity,DURSACSF,1,Inactive,1
nhs,Risk factor - Physical Activity,DURSACSF,2,Insufficiently active,2
nhs,Risk factor - Physical Activity,DURSACSF,3,Sufficiently active for health,3
nhs,Risk factor - Physical Activity,DURSACSF,8,Not known,8
nhs,Risk factor - Physical Activity,EXLEVELW,0,Not applicable,0
nhs,Risk factor - Physical Activity,EXLEVELW,1,High,1
nhs,Risk factor - Physical Activity,EXLEVELW,2,Moderate,2
nhs,Risk factor - Physical Activity,EXLEVELW,3,Low,3
nhs,Risk factor - Physical Activity,EXLEVELW,4,Sedentary (very low),4
nhs,Risk factor - Physical Activity,EXLEVELW,5,Sedentary (no exercise),5
nhs,Risk factor - Physical Activity,EXLEVELW,8,Not stated,8
nhs,Risk factor - Physical Activity,EXLEVELN,0,Not applicable,0
nhs,Risk factor - Physical Activity,EXLEVELN,1,High,1
nhs,Risk factor - Physical Activity,EXLEVELN,2,Moderate,2
nhs,Risk factor - Physical Activity,EXLEVELN,3,Low,3
nhs,Risk factor - Physical Activity,EXLEVELN,4,Sedentary (very low),4
nhs,Risk factor - Physical Activity,EXLEVELN,5,Sedentary (no exercise),5
nhs,Risk factor - Physical Activity,EXLEVELN,8,Not stated,8
nhs,Risk factor - Physical Activity,EXNUDAYW,0,Not applicable,0
nhs,Risk factor - Physical Activity,EXNUDAYW,1,One,1
nhs,Risk factor - Physical Activity,EXNUDAYW,2,Two,2
nhs,Risk factor - Physical Activity,EXNUDAYW,3,Three,3
nhs,Risk factor - Physical Activity,EXNUDAYW,4,Four,4
nhs,Risk factor - Physical Activity,EXNUDAYW,5,Five,5
nhs,Risk factor - Physical Activity,EXNUDAYW,6,Six,6
nhs,Risk factor - Physical Activity,EXNUDAYW,7,Seven,7
nhs,Risk factor - Physical Activity,EXNUDAYW,8,Did not undertake exercise in the last week,8
nhs,Risk factor - Physical Activity,EXNUDTH,0,None,0
nhs,Risk factor - Physical Activity,EXNUDTH,1,One,1
nhs,Risk factor - Physical Activity,EXNUDTH,2,Two,2
nhs,Risk factor - Physical Activity,EXNUDTH,3,Three,3
nhs,Risk factor - Physical Activity,EXNUDTH,4,Four,4
nhs,Risk factor - Physical Activity,EXNUDTH,5,Five,5
nhs,Risk factor - Physical Activity,EXNUDTH,6,Six,6
nhs,Risk factor - Physical Activity,EXNUDTH,7,Seven,7
nhs,Risk factor - Physical Activity,EXNUDTH,8,Did not undertake exercise in the last week,8
nhs,Risk factor - Physical Activity,EXNUDTH,9,Not applicable,9
nhs,Risk factor - Physical Activity,EXTYPELW,0,Not applicable,0
nhs,Risk factor - Physical Activity,EXTYPELW,1,No exercise,1
nhs,Risk factor - Physical Activity,EXTYPELW,2,Walking only,2
nhs,Risk factor - Physical Activity,EXTYPELW,3,Moderate only,3
nhs,Risk factor - Physical Activity,EXTYPELW,4,Vigorous only,4
nhs,Risk factor - Physical Activity,EXTYPELW,5,Walking and moderate,5
nhs,Risk factor - Physical Activity,EXTYPELW,6,Walking and vigorous,6
nhs,Risk factor - Physical Activity,EXTYPELW,7,Moderate and vigorous,7
nhs,Risk factor - Physical Activity,EXTYPELW,8,"Walking, moderate and vigorous",8
nhs,Risk factor - Physical Activity,EXTYPELW,9,Not stated,9
nhs,Risk factor - Physical Activity,EXLWNOR,000,Did not undertake exercise in last week,0
nhs,Risk factor - Physical Activity,EXLWNOR,996,Not applicable,996
nhs,Risk factor - Physical Activity,EXLWNOR,999,Not known,999
nhs,Risk factor - Physical Activity,EXLWTIMR,0000,Did not undertake exercise in the last week,0
nhs,Risk factor - Physical Activity,EXLWTIMR,9996,Not applicable,9996
nhs,Risk factor - Physical Activity,EXLWTIMR,9999,Not known,9999
nhs,Risk factor - Physical Activity,NUEXTRAR,000,Did not walk to or from places in last week/Permanently unable to walk,0
nhs,Risk factor - Physical Activity,NUEXTRAR,050,50 or more,50
nhs,Risk factor - Physical Activity,NUEXTRAR,996,Not applicable,996
nhs,Risk factor - Physical Activity,NUEXTRAR,999,Not known,999
nhs,Risk factor - Physical Activity,EXTRMINR,0000,Did not walk to or from places in last week,0
nhs,Risk factor - Physical Activity,EXTRMINR,1800,1800 or more,1800
nhs,Risk factor - Physical Activity,EXTRMINR,9996,Not applicable,9996
nhs,Risk factor - Physical Activity,EXTRMINR,9999,Not known,9999
nhs,Risk factor - Physical Activity,EXLWKFNR,000,"Did not walk for fitness, recreation or sport in last week/Permanently unable to walk",0
nhs,Risk factor - Physical Activity,EXLWKFNR,030,30 or more,30
nhs,Risk factor - Physical Activity,EXLWKFNR,996,Not applicable,996
nhs,Risk factor - Physical Activity,EXLWKFNR,999,Not known,999
nhs,Risk factor - Physical Activity,EXFSRMNE,0000,"Did not walk for fitness, recreation or sport in last week/Permanently unable to walk",0
nhs,Risk factor - Physical Activity,EXFSRMNE,1200,1200 or more,1200
nhs,Risk factor - Physical Activity,EXFSRMNE,9996,Not applicable,9996
nhs,Risk factor - Physical Activity,EXFSRMNE,9999,Not known,9999
nhs,Risk factor - Physical Activity,EXLMONOR,000,Did not undertake moderate exercise in the last week,0
nhs,Risk factor - Physical Activity,EXLMONOR,015,15 or more,15
nhs,Risk factor - Physical Activity,EXLMONOR,996,Not applicable,996
nhs,Risk factor - Physical Activity,EXLMONOR,999,Not known,999
nhs,Risk factor - Physical Activity,EXLWMBC,0000,Did not undertake moderate exercise in the last week,0
nhs,Risk factor - Physical Activity,EXLWMBC,1080,1080 or more,1080
nhs,Risk factor - Physical Activity,EXLWMBC,9996,Not applicable,9996
nhs,Risk factor - Physical Activity,EXLWMBC,9999,Not known,9999
nhs,Risk factor - Physical Activity,EXLVIGNR,000,Did not undertake vigorous exercise in the last week,0
nhs,Risk factor - Physical Activity,EXLVIGNR,020,20 or more,20
nhs,Risk factor - Physical Activity,EXLVIGNR,996,Not applicable,996
nhs,Risk factor - Physical Activity,EXLVIGNR,999,Not known,999
nhs,Risk factor - Physical Activity,EXLWVBC,0000,Did not undertake vigorous exercise in the last week,0
nhs,Risk factor - Physical Activity,EXLWVBC,1260,1260 or more,1260
nhs,Risk factor - Physical Activity,EXLWVBC,9996,Not applicable,9996
nhs,Risk factor - Physical Activity,EXLWVBC,9999,Not known,9999
nhs,Risk factor - Physical Activity,PHYAW,0,Not applicable,0
nhs,Risk factor - Physical Activity,PHYAW,1,Mostly sitting,1
nhs,Risk factor - Physical Activity,PHYAW,2,Mostly standing,2
nhs,Risk factor - Physical Activity,PHYAW,3,Mostly walking,3
nhs,Risk factor - Physical Activity,PHYAW,4,Mostly heavy labour or physically demanding work,4
nhs,Risk factor - Physical Activity,PHYAW,5,Not known,5
nhs,Risk factor - Physical Activity,SEDDAYM,0000,Does not spend time sitting,0
nhs,Risk factor - Physical Activity,SEDDAYM,9996,Not applicable,9996
nhs,Risk factor - Physical Activity,SEDDAYM,9999,Not known,9999
nhs,Risk factor - Physical Activity,EMPSEDM,0000,Does not spend time sitting,0
nhs,Risk factor - Physical Activity,EMPSEDM,9996,Not applicable,9996
nhs,Risk factor - Physical Activity,EMPSEDM,9999,Not known,9999
nhs,Risk factor - Nutrition,DIETQ1,0,Not applicable,0
nhs,Risk factor - Nutrition,DIETQ1,1,Cow's milk,1
nhs,Risk factor - Nutrition,DIETQ1,2,Soy milk,2
nhs,Risk factor - Nutrition,DIETQ1,3,Evaporated or sweetened condensed,3
nhs,Risk factor - Nutrition,DIETQ1,4,Other type of milk,4
nhs,Risk factor - Nutrition,DIETQ1,5,Does not drink milk,5
nhs,Risk factor - Nutrition,DIETQ1,6,Don't know,6
nhs,Risk factor - Nutrition,MILKFATU,0,Not applicable,0
nhs,Risk factor - Nutrition,MILKFATU,1,Whole milk/regular/full cream (3% or more),1
nhs,Risk factor - Nutrition,MILKFATU,2,Reduced fat e.g. Low/Lite/HiLo (around 1 or 2%),2
nhs,Risk factor - Nutrition,MILKFATU,3,Skim e.g. Skinny/Shape/Fat Free (less than 1%),3
nhs,Risk factor - Nutrition,MILKFATU,4,Don't know,4
nhs,Risk factor - Nutrition,MILKFATU,5,Does not drink milk,5
nhs,Risk factor - Nutrition,DIETRDI,0,Not applicable,0
nhs,Risk factor - Nutrition,DIETRDI,1,Met recommended guidelines,1
nhs,Risk factor - Nutrition,DIETRDI,2,Did not meet recommended guidelines,2
nhs,Risk factor - Nutrition,DIETRDI,3,Not determined,3
nhs,Risk factor - Nutrition,DIETQ8,0,Not applicable,0
nhs,Risk factor - Nutrition,DIETQ8,1,1 serve,1
nhs,Risk factor - Nutrition,DIETQ8,2,2 serves,2
nhs,Risk factor - Nutrition,DIETQ8,3,3 serves,3
nhs,Risk factor - Nutrition,DIETQ8,4,4 serves,4
nhs,Risk factor - Nutrition,DIETQ8,5,5 serves,5
nhs,Risk factor - Nutrition,DIETQ8,6,6 or more serves,6
nhs,Risk factor - Nutrition,DIETQ8,7,Less than 1 serve,7
nhs,Risk factor - Nutrition,DIETQ8,8,Don't eat fruit,8
nhs,Risk factor - Nutrition,DIETQ9,0,Not applicable,0
nhs,Risk factor - Nutrition,DIETQ9,1,Increased,1
nhs,Risk factor - Nutrition,DIETQ9,2,Decreased,2
nhs,Risk factor - Nutrition,DIETQ9,3,Stayed about the same,3
nhs,Risk factor - Nutrition,DIETQ5,0,Not applicable,0
nhs,Risk factor - Nutrition,DIETQ5,1,1 serve,1
nhs,Risk factor - Nutrition,DIETQ5,2,2 serves,2
nhs,Risk factor - Nutrition,DIETQ5,3,3 serves,3
nhs,Risk factor - Nutrition,DIETQ5,4,4 serves,4
nhs,Risk factor - Nutrition,DIETQ5,5,5 serves,5
nhs,Risk factor - Nutrition,DIETQ5,6,6 or more serves,6
nhs,Risk factor - Nutrition,DIETQ5,7,Less than 1 serve,7
nhs,Risk factor - Nutrition,DIETQ5,8,Don't eat vegetables,8
nhs,Risk factor - Nutrition,DIETQ6,0,Not applicable,0
nhs,Risk factor - Nutrition,DIETQ6,1,Increased,1
nhs,Risk factor - Nutrition,DIETQ6,2,Decreased,2
nhs,Risk factor - Nutrition,DIETQ6,3,Stayed about the same,3
nhs,Risk factor - Nutrition,DIETQ12,0,Not applicable,0
nhs,Risk factor - Nutrition,DIETQ12,1,Very often,1
nhs,Risk factor - Nutrition,DIETQ12,2,Occasionally,2
nhs,Risk factor - Nutrition,DIETQ12,3,Rarely,3
nhs,Risk factor - Nutrition,DIETQ12,5,Not used,5
nhs,Risk factor - Nutrition,DIETQ12,6,Not known,6
nhs,Risk factor - Nutrition,SALTACI,0,Not applicable,0
nhs,Risk factor - Nutrition,SALTACI,1,Cooking salt is iodised,1
nhs,Risk factor - Nutrition,SALTACI,2,Cooking salt is not iodised,2
nhs,Risk factor - Nutrition,SALTACI,3,Cooking salt is not added to meal,3
nhs,Risk factor - Nutrition,SALTACI,4,Not known if salt is iodised,4
nhs,Risk factor - Nutrition,SALTACI,5,Not known if salt is added to meal,5
nhs,Risk factor - Nutrition,DIETQ14,0,Not applicable,0
nhs,Risk factor - Nutrition,DIETQ14,1,Very often,1
nhs,Risk factor - Nutrition,DIETQ14,2,Occasionally,2
nhs,Risk factor - Nutrition,DIETQ14,3,Rarely,3
nhs,Risk factor - Nutrition,DIETQ14,5,Not used,5
nhs,Risk factor - Nutrition,DIETQ14,6,Not known,6
nhs,Risk factor - Nutrition,SALTATI,0,Not applicable,0
nhs,Risk factor - Nutrition,SALTATI,1,Table salt is iodised,1
nhs,Risk factor - Nutrition,SALTATI,2,Table salt is not iodised,2
nhs,Risk factor - Nutrition,SALTATI,3,Table salt is not added to meal,3
nhs,Risk factor - Nutrition,SALTATI,4,Not known if table salt is iodised,4
nhs,Risk factor - Nutrition,SALTATI,5,Not known if table salt is added to meal,5
nhs,Physical measurements&Body Mass,SABDYMS,0,Not applicable,0
nhs,Physical measurements&Body Mass,SABDYMS,1,Acceptable weight,1
nhs,Physical measurements&Body Mass,SABDYMS,2,Underweight,2
nhs,Physical measurements&Body Mass,SABDYMS,3,Overweight,3
nhs,Physical measurements&Body Mass,SABDYMS,4,Currently pregnant,4
nhs,Physical measurements&Body Mass,SABDYMS,8,Not collected,8
nhs,Physical measurements&Body Mass,SABDYMS,9,Not stated,9
nhs,Physical measurements&Body Mass,BDYMSQ2A,0,Not applicable,0
nhs,Physical measurements&Body Mass,BDYMSQ2A,1,Increased body mass,1
nhs,Physical measurements&Body Mass,BDYMSQ2A,2,Decreased body mass,2
nhs,Physical measurements&Body Mass,BDYMSQ2A,3,Stayed the same,3
nhs,Physical measurements&Body Mass,BDYMSQ2A,4,Currently pregnant,4
nhs,Physical measurements&Body Mass,BMICATHY,00,Not applicable,0
nhs,Physical measurements&Body Mass,BMICATHY,01,Underweight Class 3,1
nhs,Physical measurements&Body Mass,BMICATHY,02,Underweight Class 2,2
nhs,Physical measurements&Body Mass,BMICATHY,03,Underweight Class 1,3
nhs,Physical measurements&Body Mass,BMICATHY,04,Normal range,4
nhs,Physical measurements&Body Mass,BMICATHY,05,Normal range (Adult only),5
nhs,Physical measurements&Body Mass,BMICATHY,06,Overweight,6
nhs,Physical measurements&Body Mass,BMICATHY,07,Obese Class 1,7
nhs,Physical measurements&Body Mass,BMICATHY,08,Obese Class 2 (Adult only),8
nhs,Physical measurements&Body Mass,BMICATHY,09,Obese Class 3 (Adult only),9
nhs,Physical measurements&Body Mass,BMICATHY,98,Measurement not taken - refusal,98
nhs,Physical measurements&Body Mass,BMICATHY,99,Measurement not taken - other reason,99
nhs,Physical measurements&Body Mass,BMIMCATW,00,Not applicable,0
nhs,Physical measurements&Body Mass,BMIMCATW,01,Underweight Class 3,1
nhs,Physical measurements&Body Mass,BMIMCATW,02,Underweight Class 2,2
nhs,Physical measurements&Body Mass,BMIMCATW,03,Underweight Class 1,3
nhs,Physical measurements&Body Mass,BMIMCATW,04,Normal range,4
nhs,Physical measurements&Body Mass,BMIMCATW,05,Normal range (Adult only),5
nhs,Physical measurements&Body Mass,BMIMCATW,06,Overweight,6
nhs,Physical measurements&Body Mass,BMIMCATW,07,Obese Class 1,7
nhs,Physical measurements&Body Mass,BMIMCATW,08,Obese Class 2 (Adult only),8
nhs,Physical measurements&Body Mass,BMIMCATW,09,Obese Class 3 (Adult only),9
nhs,Physical measurements&Body Mass,BMIMCATW,98,Measurement not taken - refusal,98
nhs,Physical measurements&Body Mass,BMIMCATW,99,Measurement not taken - other reason,99
nhs,Physical measurements&Body Mass,BMISC,00,Not applicable,0
nhs,Physical measurements&Body Mass,BMISC,98,Measurement not taken - refusal,98
nhs,Physical measurements&Body Mass,BMISC,99,Measurement not taken - other reason,99
nhs,Physical measurements&Body Mass,PHDKGW2,000,Not applicable,0
nhs,Physical measurements&Body Mass,PHDKGW2,997,Measurement not taken - equipment faulty,997
nhs,Physical measurements&Body Mass,PHDKGW2,998,Measurement not taken - refusal,998
nhs,Physical measurements&Body Mass,PHDKGW2,999,Measurement not taken - other reason,999
nhs,Physical measurements&Body Mass,PHDCMH2,000,Not applicable,0
nhs,Physical measurements&Body Mass,PHDCMH2,997,Measurement not taken - equipment faulty,997
nhs,Physical measurements&Body Mass,PHDCMH2,998,Measurement not taken - refusal,998
nhs,Physical measurements&Body Mass,PHDCMH2,999,Measurement not taken - other reason,999
nhs,Physical measurements&Body Mass,PHDWCATF,0,Not applicable,0
nhs,Physical measurements&Body Mass,PHDWCATF,1,Not at risk (less than 80cm),1
nhs,Physical measurements&Body Mass,PHDWCATF,2,Increased risk (more than or equal to 80cm),2
nhs,Physical measurements&Body Mass,PHDWCATF,3,Substantially increased risk (more than or equal to 88cm),3
nhs,Physical measurements&Body Mass,PHDWCATF,9,Not measured/Unable to be determined,9
nhs,Physical measurements&Body Mass,PHDWCATM,0,Not applicable,0
nhs,Physical measurements&Body Mass,PHDWCATM,1,Not at risk (less than 94cm),1
nhs,Physical measurements&Body Mass,PHDWCATM,2,Increased risk (more than or equal to 94cm),2
nhs,Physical measurements&Body Mass,PHDWCATM,3,Substantially increased risk (more than or equal to 102cm ),3
nhs,Physical measurements&Body Mass,PHDWCATM,9,Not measured/Unable to be determined,9
nhs,Physical measurements&Body Mass,PHDCMWBC,000,Not applicable,0
nhs,Physical measurements&Body Mass,PHDCMWBC,040,40cm and under,40
nhs,Physical measurements&Body Mass,PHDCMWBC,140,140cm and over,140
nhs,Physical measurements&Body Mass,PHDCMWBC,998,Measurement not taken - refusal,998
nhs,Physical measurements&Body Mass,PHDCMWBC,999,Measurement not taken - other reason,999
nhs,Physical measurements&Body Mass,BPCAT,0,Not applicable,0
nhs,Physical measurements&Body Mass,BPCAT,1,Normal (<120/80),1
nhs,Physical measurements&Body Mass,BPCAT,2,Normal - high (from 120/80 to < 140/90),2
nhs,Physical measurements&Body Mass,BPCAT,3,High (from 140/90 to <160/100),3
nhs,Physical measurements&Body Mass,BPCAT,4,Very high (from 160/100 to <180/110),4
nhs,Physical measurements&Body Mass,BPCAT,5,Severe (from 180/110),5
nhs,Physical measurements&Body Mass,BPCAT,6,Valid reading not obtained,6
nhs,Physical measurements&Body Mass,BPCAT,7,Measurement not taken,7
nhs,Physical measurements&Body Mass,CARME01,0,Not applicable,0
nhs,Physical measurements&Body Mass,CARME01,1,Measurement agreed to be taken,1
nhs,Physical measurements&Body Mass,CARME01,2,Measurement not taken for health reasons,2
nhs,Physical measurements&Body Mass,CARME01,3,Measurement not taken for other reasons,3
nhs,Physical measurements&Body Mass,SYSTOL,000,Not applicable,0
nhs,Physical measurements&Body Mass,SYSTOL,998,Valid reading not obtained,998
nhs,Physical measurements&Body Mass,SYSTOL,999,Not measured,999
nhs,Physical measurements&Body Mass,CARME02S,000,Not applicable,0
nhs,Physical measurements&Body Mass,CARME02S,997,Valid reading not obtained,997
nhs,Physical measurements&Body Mass,CARME03S,000,Not applicable,0
nhs,Physical measurements&Body Mass,CARME03S,997,Valid reading not obtained,997
nhs,Physical measurements&Body Mass,CARME03S,998,Second measurement refused,998
nhs,Physical measurements&Body Mass,CARME05S,000,Not applicable,0
nhs,Physical measurements&Body Mass,CARME05S,997,Valid reading not obtained,997
nhs,Physical measurements&Body Mass,CARME05S,998,Third measurement refused,998
nhs,Physical measurements&Body Mass,DIASTOL,000,Not applicable,0
nhs,Physical measurements&Body Mass,DIASTOL,998,Valid reading not obtained,998
nhs,Physical measurements&Body Mass,DIASTOL,999,Not measured,999
nhs,Physical measurements&Body Mass,CARME02D,000,Not applicable,0
nhs,Physical measurements&Body Mass,CARME02D,997,Valid reading not obtained,997
nhs,Physical measurements&Body Mass,CARME03D,000,Not applicable,0
nhs,Physical measurements&Body Mass,CARME03D,997,Valid reading not obtained,997
nhs,Physical measurements&Body Mass,CARME03D,998,Second measurement refused,998
nhs,Physical measurements&Body Mass,CARME05D,000,Not applicable,0
nhs,Physical measurements&Body Mass,CARME05D,997,Valid reading not obtained,997
nhs,Physical measurements&Body Mass,CARME05D,998,Third measurement refused,998
nhs,Physical measurements&Body Mass,NUMBLOOD,0,Not applicable,0
nhs,Physical measurements&Body Mass,NUMBLOOD,1,One,1
nhs,Physical measurements&Body Mass,NUMBLOOD,2,Two,2
nhs,Physical measurements&Body Mass,NUMBLOOD,3,Three,3
nhs,Physical measurements&Body Mass,NUMBLOOD,4,Blood pressure measurements not taken or unable to be taken,4
nhs,Alcohol levels,DAY3ALC,0,Not applicable,0
nhs,Alcohol levels,DAY3ALC,1,Monday,1
nhs,Alcohol levels,DAY3ALC,2,Tuesday,2
nhs,Alcohol levels,DAY3ALC,3,Wednesday,3
nhs,Alcohol levels,DAY3ALC,4,Thursday,4
nhs,Alcohol levels,DAY3ALC,5,Friday,5
nhs,Alcohol levels,DAY3ALC,6,Saturday,6
nhs,Alcohol levels,DAY3ALC,7,Sunday,7
nhs,Alcohol levels,TOTPA3CR,000000,Not applicable,0
nhs,Alcohol levels,TOTPA3CR,999998,Not stated,999998
nhs,Alcohol levels,ALCORD,0,Not applicable,0
nhs,Alcohol levels,ALCORD,1,Most recent,1
nhs,Alcohol levels,ALCORD,2,Second most recent,2
nhs,Alcohol levels,ALCORD,3,Third most recent,3
nhs,Alcohol levels,ALCTYPT,00,Not applicable,0
nhs,Alcohol levels,ALCTYPT,01,Low alcohol beer,1
nhs,Alcohol levels,ALCTYPT,02,Mid strength beer,2
nhs,Alcohol levels,ALCTYPT,03,Full strength beer,3
nhs,Alcohol levels,ALCTYPT,04,White wine,4
nhs,Alcohol levels,ALCTYPT,05,Red wine,5
nhs,Alcohol levels,ALCTYPT,06,Low alcohol wine,6
nhs,Alcohol levels,ALCTYPT,07,Champagne/sparkling wine,7
nhs,Alcohol levels,ALCTYPT,08,Ready to drink spirits/liqueurs,8
nhs,Alcohol levels,ALCTYPT,09,Liqueurs,9
nhs,Alcohol levels,ALCTYPT,10,Spirits,10
nhs,Alcohol levels,ALCTYPT,11,Fortified wine,11
nhs,Alcohol levels,ALCTYPT,12,Cider,12
nhs,Alcohol levels,ALCTYPT,13,Cocktails,13
nhs,Alcohol levels,ALCTYPT,14,Other,14
nhs,Alcohol levels,TOTPALCR,000000,Not applicable,0
nhs,Alcohol levels,TOTPALCR,999998,Not stated,999998
nhs,Alcohol levels,ALCSDCDT,98,Unable to determine number of standard drinks,98
nhs,Alcohol levels,ALCSDCDT,99,Not applicable,99
nhs,Alcohol levels,TOTALCC,000000,Not applicable,0
nhs,Alcohol levels,TOTALCC,999998,Not stated,999998
nhs,Actions level,ACTFLG,0,Not applicable,0
nhs,Actions level,ACTFLG,1,Actions level population flag,1
nhs,Actions level,CONNUMC,01,Asthma,1
nhs,Actions level,CONNUMC,02,Cancer,2
nhs,Actions level,CONNUMC,03,Cardiovascular,3
nhs,Actions level,CONNUMC,04,Arthritis,4
nhs,Actions level,CONNUMC,05,Osteoporosis,5
nhs,Actions level,CONNUMC,06,Diabetes/High sugar levels,6
nhs,Actions level,CONNUMC,07,Kidney Disease,7
nhs,Actions level,CONNUMC,08,Sight/hearing,8
nhs,Actions level,CONNUMC,09,Mental wellbeing,9
nhs,Actions level,CONNUMC,10,Other conditions,10
nhs,Actions level,CONNUMC,11,No conditions,11
nhs,Actions level,CONNUMC,12,Consulted other health professional,12
nhs,Actions level,CONNUMC,13,Admitted to hospital as an inpatient,13
nhs,Actions level,CONNUMC,14,Visited an outpatient clinic,14
nhs,Actions level,CONNUMC,15,Visited emergency or casualty,15
nhs,Actions level,CONNUMC,16,Visited day clinic,16
nhs,Actions level,CONNUMC,96,No action taken,96
nhs,Actions level,CONNUMC,97,Not known if action taken,97
nhs,Actions level,CONNUMC,98,Not stated if action taken,98
nhs,Actions level,CONNUMC,99,Not applicable,99
nhs,Actions level,NHPACONS,0,Not applicable,0
nhs,Actions level,NHPACONS,1,Consulted health professional,1
nhs,Actions level,NHPACONS,5,Did not consult health professional,5
nhs,Actions level,NHPACONS,6,Not known if consulted health professional,6
nhs,Actions level,NHPACONS,8,Not stated,8
nhs,Actions level,ACTGP12M,0,Not applicable,0
nhs,Actions level,ACTGP12M,1,Consulted a GP for condition in last 12 months,1
nhs,Actions level,ACTGP12M,5,Did not consult a GP for condition in last 12 months,5
nhs,Actions level,ACTGP12M,6,Not known if consulted a GP for condition in last 12 months,6
nhs,Actions level,ACTGP12M,8,Not stated if consulted a GP for condition in last 12 months,8
nhs,Actions level,TIMEGPC,00,Did not visit,0
nhs,Actions level,TIMEGPC,12,12 or more,12
nhs,Actions level,TIMEGPC,96,Not asked if consulted GP in last 12 months,96
nhs,Actions level,TIMEGPC,97,Not known if consulted GP in last 12 months,97
nhs,Actions level,TIMEGPC,98,Not stated if consulted GP in last 12 months,98
nhs,Actions level,TIMEGPC,99,Not applicable,99
nhs,Actions level,ACTSP12M,0,Not applicable,0
nhs,Actions level,ACTSP12M,1,Consulted a specialist for condition in last 12 months,1
nhs,Actions level,ACTSP12M,5,Did not consult a specialist for condition in last 12 months,5
nhs,Actions level,ACTSP12M,6,Not known if consulted a specialist for condition in last 12 months,6
nhs,Actions level,ACTSP12M,8,Not stated if consulted a specialist for condition in last 12 months,8
nhs,Actions level,TIMESPC,00,Did not visit,0
nhs,Actions level,TIMESPC,12,12 or more,12
nhs,Actions level,TIMESPC,96,Not asked (if consulted specialist in last 12 months),96
nhs,Actions level,TIMESPC,97,Not known (if consulted specialist in last 12 months),97
nhs,Actions level,TIMESPC,98,Not stated (if consulted specialist in last 12 months),98
nhs,Actions level,TIMESPC,99,Not applicable,99
nhs,Actions level,VISITOHP,0,Not applicable,0
nhs,Actions level,VISITOHP,1,Consulted other health professional in last 12 months,1
nhs,Actions level,VISITOHP,5,Did not consult other health professional in last 12 months,5
nhs,Actions level,VISITOHP,6,Not known,6
nhs,Actions level,VISITOHP,8,Not stated,8
nhs,Actions level,VISITOHP,10,Diabetes educator,10
nhs,Actions level,VISITOHP,11,Accredited counsellor,11
nhs,Actions level,VISITOHP,12,Acupuncturist,12
nhs,Actions level,VISITOHP,13,Chemist for advice only,13
nhs,Actions level,VISITOHP,14,Chiropodist/podiatrist,14
nhs,Actions level,VISITOHP,15,Chiropractor,15
nhs,Actions level,VISITOHP,16,Dietitian/nutritionist,16
nhs,Actions level,VISITOHP,17,Naturopath,17
nhs,Actions level,VISITOHP,18,Nurse,18
nhs,Actions level,VISITOHP,19,Occupational therapist,19
nhs,Actions level,VISITOHP,20,Optician/optometrist,20
nhs,Actions level,VISITOHP,21,Osteopath,21
nhs,Actions level,VISITOHP,22,Physiotherapist/hydrotherapist,22
nhs,Actions level,VISITOHP,23,Psychologist,23
nhs,Actions level,VISITOHP,24,Social/welfare worker,24
nhs,Actions level,VISITOHP,25,Other OHP,25
nhs,Actions level,VISITOHP,96,Did not consult other health professional,96
nhs,Actions level,VISITOHP,97,Not known if consulted other health professional,97
nhs,Actions level,VISITOHP,98,Not stated,98
nhs,Actions level,VISITOHP,99,Not applicable,99
nhs,Actions level,DAYSOFF,0,Not applicable,0
nhs,Actions level,DAYSOFF,1,"Yes time was taken off work, school or study",1
nhs,Actions level,DAYSOFF,5,"No time was not taken off work, school or study",5
nhs,Actions level,DAYSOFF,8,Not stated,8
nhs,Actions level,ACTQ15,0,Not applicable,0
nhs,Actions level,ACTQ15,1,Yes time was taken off work,1
nhs,Actions level,ACTQ15,5,No time was taken off work,5
nhs,Actions level,ACTQ15,8,Not stated,8
nhs,Actions level,DAYOFFWC,0,No time was taken off work due to condition,0
nhs,Actions level,DAYOFFWC,7,7 or more days,7
nhs,Actions level,DAYOFFWC,8,Not stated if had days off work,8
nhs,Actions level,DAYOFFWC,9,Not applicable,9
nhs,Actions level,ACTQ12,0,Not applicable,0
nhs,Actions level,ACTQ12,1,Yes time was taken off school or study,1
nhs,Actions level,ACTQ12,5,No time was taken off school or study,5
nhs,Actions level,ACTQ12,8,Not stated,8
nhs,Actions level,DAYOFFSC,0,No time was taken off school or study,0
nhs,Actions level,DAYOFFSC,7,7 or more days,7
nhs,Actions level,DAYOFFSC,8,Not stated if had days off study,8
nhs,Actions level,DAYOFFSC,9,Not applicable,9
nhs,Conditions level,EVERCURF,00000,No condition,0
nhs,Conditions level,EVERCURF,11020,Certain infectious & parasitic diseases,11020
nhs,Conditions level,EVERCURF,12041,Malignant neoplasms - Skin,12041
nhs,Conditions level,EVERCURF,12070,Malignant neoplasms - Other & site unknown,12070
nhs,Conditions level,EVERCURF,12086,Benign neoplasms & neoplasms of uncertain nature,12086
nhs,Conditions level,EVERCURF,13064,Other diseases of blood & blood forming organs,13064
nhs,Conditions level,EVERCURF,13076,Anaemias,13076
nhs,Conditions level,EVERCURF,14055,Other endocrine nutritional metabolic diseases,14055
nhs,Conditions level,EVERCURF,14673,Disorders of thyroid gland,14673
nhs,Conditions level,EVERCURF,14688,Diabetes mellitus - Type 1,14688
nhs,Conditions level,EVERCURF,14689,Diabetes mellitus - Type 2,14689
nhs,Conditions level,EVERCURF,14690,Diabetes mellitus - Type unknown,14690
nhs,Conditions level,EVERCURF,14691,High sugar levels in blood/urine,14691
nhs,Conditions level,EVERCURF,14693,High cholesterol,14693
nhs,Conditions level,EVERCURF,14754,Gestational diabetes,14754
nhs,Conditions level,EVERCURF,15007,Symptoms signs involving cognition perceptions emotional state & behaviour,15007
nhs,Conditions level,EVERCURF,15089,Anxiety related problems,15089
nhs,Conditions level,EVERCURF,15264,Other mental & behavioural problems,15264
nhs,Conditions level,EVERCURF,15515,Feeling depressed,15515
nhs,Conditions level,EVERCURF,15520,Behavioural & emotional problems with usual onset in childhood/adolescence,15520
nhs,Conditions level,EVERCURF,15526,Alcohol and drug problems,15526
nhs,Conditions level,EVERCURF,15534,Problems of psychological development,15534
nhs,Conditions level,EVERCURF,15545,Depression,15545
nhs,Conditions level,EVERCURF,15541,Other mood (affective) disorders,15541
nhs,Conditions level,EVERCURF,16112,Other diseases of nervous system,16112
nhs,Conditions level,EVERCURF,16505,Epilepsy,16505
nhs,Conditions level,EVERCURF,16506,Migraine,16506
nhs,Conditions level,EVERCURF,17036,Presbyopia,17036
nhs,Conditions level,EVERCURF,17093,Complete or partial blindness (one or both eyes),17093
nhs,Conditions level,EVERCURF,17103,Astigmatism,17103
nhs,Conditions level,EVERCURF,17105,Short sight/myopia,17105
nhs,Conditions level,EVERCURF,17106,Colour blind,17106
nhs,Conditions level,EVERCURF,17107,Other disorders of ocular muscles binocular,17107
nhs,Conditions level,EVERCURF,17119,Other diseases of eye & adnexa,17119
nhs,Conditions level,EVERCURF,17305,Other visual disturbances or loss of vision,17305
nhs,Conditions level,EVERCURF,17326,Other disorders of choroid and retina,17326
nhs,Conditions level,EVERCURF,17328,Macular degeneration,17328
nhs,Conditions level,EVERCURF,17331,Cataract,17331
nhs,Conditions level,EVERCURF,17332,Glaucoma,17332
nhs,Conditions level,EVERCURF,17640,Long sight/ hyperopia,17640
nhs,Conditions level,EVERCURF,18108,Complete or partial deafness & hearing loss,18108
nhs,Conditions level,EVERCURF,18111,Diseases of inner ear,18111
nhs,Conditions level,EVERCURF,18134,Other diseases of the ear,18134
nhs,Conditions level,EVERCURF,18346,Otitis media,18346
nhs,Conditions level,EVERCURF,18348,Other diseases of middle ear & mastoid,18348
nhs,Conditions level,EVERCURF,18967,Tinnitus,18967
nhs,Conditions level,EVERCURF,19067,Other diseases of veins lymphatic vessels,19067
nhs,Conditions level,EVERCURF,19114,Diseases of arteries arterioles & capillaries,19114
nhs,Conditions level,EVERCURF,19116,Low blood pressure,19116
nhs,Conditions level,EVERCURF,19117,Angina,19117
nhs,Conditions level,EVERCURF,19135,Oedema and heart failure,19135
nhs,Conditions level,EVERCURF,19362,Other signs symptoms involving circulatory system,19362
nhs,Conditions level,EVERCURF,19365,Tachycardia,19365
nhs,Conditions level,EVERCURF,19377,Other diseases of circulatory system,19377
nhs,Conditions level,EVERCURF,19380,Other heart diseases,19380
nhs,Conditions level,EVERCURF,19382,Other Ischaemic heart diseases,19382
nhs,Conditions level,EVERCURF,19383,Heart attack,19383
nhs,Conditions level,EVERCURF,19385,Heart failure,19385
nhs,Conditions level,EVERCURF,19389,Cardiac murmurs and cardiac sounds,19389
nhs,Conditions level,EVERCURF,19392,Hypertensive disease,19392
nhs,Conditions level,EVERCURF,19396,Cerebrovascular diseases,19396
nhs,Conditions level,EVERCURF,19397,Stroke (including after effects of stroke),19397
nhs,Conditions level,EVERCURF,19402,Varicose veins,19402
nhs,Conditions level,EVERCURF,19403,Haemorrhoids,19403
nhs,Conditions level,EVERCURF,20009,Symptoms signs involving respiratory system,20009
nhs,Conditions level,EVERCURF,20120,All other diseases of respiratory system,20120
nhs,Conditions level,EVERCURF,20215,Hayfever & allergic rhinitis,20215
nhs,Conditions level,EVERCURF,20580,Chronic sinusitis,20580
nhs,Conditions level,EVERCURF,20583,Bronchitis,20583
nhs,Conditions level,EVERCURF,20596,Emphysema,20596
nhs,Conditions level,EVERCURF,20597,Asthma,20597
nhs,Conditions level,EVERCURF,21096,Symptoms signs involving digestive system,21096
nhs,Conditions level,EVERCURF,21098,Other diseases of the intestines,21098
nhs,Conditions level,EVERCURF,21129,"Other diseases of the oesophagus, stomach & duodenum",21129
nhs,Conditions level,EVERCURF,21131,All other diseases of the digestive system,21131
nhs,Conditions level,EVERCURF,21285,Diseases of the oesophagus,21285
nhs,Conditions level,EVERCURF,21287,Stomach/duodenal/gastrointestinal ulcer,21287
nhs,Conditions level,EVERCURF,21291,Hernia,21291
nhs,Conditions level,EVERCURF,21486,Gallstones,21486
nhs,Conditions level,EVERCURF,22025,Other diseases of skin & subcutaneous tissue,22025
nhs,Conditions level,EVERCURF,22099,Dermatitis & eczema,22099
nhs,Conditions level,EVERCURF,22174,Symptoms signs involving skin & subcutaneous tissue,22174
nhs,Conditions level,EVERCURF,22647,Psoriasis,22647
nhs,Conditions level,EVERCURF,23137,Symptoms signs involving nervous & musculoskeletal system,23137
nhs,Conditions level,EVERCURF,23139,Other arthropathies,23139
nhs,Conditions level,EVERCURF,23140,Other soft tissue disorders,23140
nhs,Conditions level,EVERCURF,23171,Disc disorders,23171
nhs,Conditions level,EVERCURF,23173,Other diseases musculoskeletal system & connective tissue,23173
nhs,Conditions level,EVERCURF,23216,Rheumatism,23216
nhs,Conditions level,EVERCURF,23406,Back pain/problems not elsewhere classified,23406
nhs,Conditions level,EVERCURF,23421,Arthritis - Osteoarthritis,23421
nhs,Conditions level,EVERCURF,23422,Arthritis - Other & type unknown,23422
nhs,Conditions level,EVERCURF,23424,Curvature of the spine,23424
nhs,Conditions level,EVERCURF,23425,Sciatica,23425
nhs,Conditions level,EVERCURF,23445,Arthritis - Rheumatoid,23445
nhs,Conditions level,EVERCURF,23455,Osteoporosis,23455
nhs,Conditions level,EVERCURF,23692,Gout,23692
nhs,Conditions level,EVERCURF,24203,Other diseases of genito-urinary system,24203
nhs,Conditions level,EVERCURF,24696,Incontinence: urine,24696
nhs,Conditions level,EVERCURF,24702,Kidney disease,24702
nhs,Conditions level,EVERCURF,24721,Urinary calculus,24721
nhs,Conditions level,EVERCURF,24732,Diseases of female pelvic organs & genital tract,24732
nhs,Conditions level,EVERCURF,24814,Diseases of male genital organs,24814
nhs,Conditions level,EVERCURF,25054,"Other congenital malformations, deformations & chromosomal abnormalities",25054
nhs,Conditions level,EVERCURF,25420,Congenital malformations deformations & chromosomal abnormalities of musculoskeletal system,25420
nhs,Conditions level,EVERCURF,26001,"All other symptoms, signs & conditions",26001
nhs,Conditions level,EVERCURF,26017,Disability not elsewhere classified,26017
nhs,Conditions level,EVERCURF,26029,Other injuries,26029
nhs,Conditions level,EVERCURF,26034,Allergy (drug),26034
nhs,Conditions level,EVERCURF,26056,Allergy (food),26056
nhs,Conditions level,EVERCURF,26162,Fractures,26162
nhs,Conditions level,EVERCURF,26167,"Sprains & Strains & Tears of ligament, muscle or tendon",26167
nhs,Conditions level,EVERCURF,26172,"Injury joint, knee not elsewhere classified",26172
nhs,Conditions level,EVERCURF,26469,Speech difficulties,26469
nhs,Conditions level,EVERCURF,26502,Injury nerve,26502
nhs,Conditions level,EVERCURF,26983,Fluid retention (non circulatory),26983
nhs,Conditions level,EVERCURF,26997,Allergy (undefined),26997
nhs,Conditions level,CONDSTAT,0,Not applicable,0
nhs,Conditions level,CONDSTAT,1,"Ever told has condition, still current and long-term",1
nhs,Conditions level,CONDSTAT,2,"Ever told has condition, still current but not long-term",2
nhs,Conditions level,CONDSTAT,3,"Ever told has condition, not current",3
nhs,Conditions level,CONDSTAT,4,"Not known or not ever told, but condition current and long-term",4
nhs,Conditions level,CONDSTAT,5,"Never told, not current or long-term",5
nhs,Conditions level,INJFLGX,0,Not applicable,0
nhs,Conditions level,INJFLGX,1,Condition a result of an injury,1
nhs,Conditions level,INJFLGX,2,Condition not a result of an injury,2
nhs,Conditions level,INJFLGX,6,Not known if condition was a result of an injury,6
nhs,Conditions level,INJFLGX,3,In a motor vehicle accident,3
nhs,Conditions level,INJFLGX,4,Exercise or sport,4
nhs,Conditions level,INJFLGX,5,Home,5
nhs,Conditions level,INJFLGX,9,Not applicable,9
nhs,Conditions level,ALLCON8C,1,0 to 24 years,1
nhs,Conditions level,ALLCON8C,2,25 to 44 years,2
nhs,Conditions level,ALLCON8C,3,45 to 64 years,3
nhs,Conditions level,ALLCON8C,4,65 years and over,4
nhs,Conditions level,ALLCON8C,7,Not applicable,7
nhs,Conditions level,ALLCON8C,9,Not known,9
nhs,Conditions level,DIABFLG,0,Not applicable,0
nhs,Conditions level,DIABFLG,1,Sight condition caused by diabetes,1
nhs,Conditions level,DIABFLG,2,Sight condition not caused by diabetes,2
nhs,Conditions level,DIABFLG,6,Not known if sight condition caused by diabetes,6
nhs,Conditions level,GLASFLG,0,Not applicable,0
nhs,Conditions level,GLASFLG,1,Eye condition corrected by glasses,1
nhs,Conditions level,GLASFLG,2,Eye condition not corrected by glasses,2
nhs,Conditions level,GLASFLG,6,Not known if eye condition corrected by glasses,6
nhs,Conditions level,MHCAGEC,1,Less than 25 years,1
nhs,Conditions level,MHCAGEC,2,25 to 44 years,2
nhs,Conditions level,MHCAGEC,3,45 to 64 years,3
nhs,Conditions level,MHCAGEC,4,65 years and over,4
nhs,Conditions level,MHCAGEC,7,Not a mental health condition,7
nhs,Conditions level,MHCAGEC,8,Not a diagnosed mental health condition,8
nhs,Conditions level,MHCAGEC,9,Not known if diagnosed or not known at what age,9
nhs,Conditions level,ALLERGY,0,Not applicable,0
nhs,Conditions level,ALLERGY,1,Anaphylactic,1
nhs,Conditions level,ALLERGY,2,Non-anaphylactic,2
nhs,Conditions level,ALLERGY,3,Both,3
nhs,Conditions level,ALLERGY,4,Not known,4
nhs,Medication level,SUPPCDEC,00000,Not applicable,0
nhs,Medication level,SUPPCDEC,33101,Multivitamin and/or multimineral,33101
nhs,Medication level,SUPPCDEC,33102,"Multivitamin and/or multimineral, with herbal extracts",33102
nhs,Medication level,SUPPCDEC,33103,Calcium supplements,33103
nhs,Medication level,SUPPCDEC,33104,Magnesium supplements,33104
nhs,Medication level,SUPPCDEC,33105,Zinc supplements,33105
nhs,Medication level,SUPPCDEC,33106,Other single mineral supplements,33106
nhs,Medication level,SUPPCDEC,33107,Vitamin C supplements,33107
nhs,Medication level,SUPPCDEC,33108,Vitamin E supplements,33108
nhs,Medication level,SUPPCDEC,33109,Folic acid supplements,33109
nhs,Medication level,SUPPCDEC,33110,Vitamin D supplements,33110
nhs,Medication level,SUPPCDEC,33111,Other single vitamin supplements,33111
nhs,Medication level,SUPPCDEC,33201,Fish oil supplements,33201
nhs,Medication level,SUPPCDEC,33202,Fish oil supplements with added nutrients,33202
nhs,Medication level,SUPPCDEC,33203,Cod liver oil supplements,33203
nhs,Medication level,SUPPCDEC,33204,Evening primrose oil supplements,33204
nhs,Medication level,SUPPCDEC,33205,Other lipid supplements,33205
nhs,Medication level,SUPPCDEC,33301,Herbal supplements,33301
nhs,Medication level,SUPPCDEC,33302,Herbal supplements containing caffeine sources,33302
nhs,Medication level,SUPPCDEC,33303,Homoeopathic supplements,33303
nhs,Medication level,SUPPCDEC,33304,"Herbal medicines, topical or inhalation administration",33304
nhs,Medication level,SUPPCDEC,33401,Fibre supplements,33401
nhs,Medication level,SUPPCDEC,33402,Protein or amino acid supplements,33402
nhs,Medication level,SUPPCDEC,33403,Sports or weight control supplements,33403
nhs,Medication level,SUPPCDEC,33501,Probiotic supplements,33501
nhs,Medication level,SUPPCDEC,33502,Propolis or other bee product supplements,33502
nhs,Medication level,SUPPCDEC,33503,Glucosamine and/or chondroitin based supplements,33503
nhs,Medication level,SUPPCDEC,33504,Coenzyme Q10 supplements,33504
nhs,Medication level,SUPPCDEC,33505,Other supplements,33505
nhs,Medication level,SUPPCDEC,99999,Not a supplement,99999
nhs,Medication level,MEDQ05,0,Not applicable,0
nhs,Medication level,MEDQ05,1,Every day and/or night,1
nhs,Medication level,MEDQ05,2,3 or more times a week,2
nhs,Medication level,MEDQ05,3,1 to 2 times a week,3
nhs,Medication level,MEDQ05,4,Less than once a week,4
nhs,Medication level,MEDQ05,5,Varies/as required,5
nhs,Medication level,MEDQ05,9,Not asked/not known,9
nhs,Medication level,INSFLAG,0,Not applicable,0
nhs,Medication level,INSFLAG,1,Insulin used daily,1
nhs,Medication level,INSFLAG,5,Insulin not used daily,5
nhs,Biomedical level,FASTSTAD,0,Not applicable,0
nhs,Biomedical level,FASTSTAD,1,Fasted (8 hours or more),1
nhs,Biomedical level,FASTSTAD,2,Did not fast,2
nhs,Biomedical level,BIORESPC,0,Not applicable,0
nhs,Biomedical level,BIORESPC,1,Did not proceed to Biomedical component,1
nhs,Biomedical level,BIORESPC,2,Biomedical participant,2
nhs,Biomedical level,MONTHCOL,01,January,1
nhs,Biomedical level,MONTHCOL,02,February,2
nhs,Biomedical level,MONTHCOL,03,March,3
nhs,Biomedical level,MONTHCOL,04,April,4
nhs,Biomedical level,MONTHCOL,05,May,5
nhs,Biomedical level,MONTHCOL,06,June,6
nhs,Biomedical level,MONTHCOL,07,July,7
nhs,Biomedical level,MONTHCOL,08,August,8
nhs,Biomedical level,MONTHCOL,09,September,9
nhs,Biomedical level,MONTHCOL,10,October,10
nhs,Biomedical level,MONTHCOL,11,November,11
nhs,Biomedical level,MONTHCOL,12,December,12
nhs,Biomedical level,MONTHCOL,97,Not applicable,97
nhs,Biomedical level,MONTHCOL,98,Not reported,98
nhs,Biomedical level,CHOLNTR,0,Not applicable,0
nhs,Biomedical level,CHOLNTR,1,Normal total cholesterol,1
nhs,Biomedical level,CHOLNTR,2,Abnormal total cholesterol,2
nhs,Biomedical level,CHOLNTR,8,Not reported,8
nhs,Biomedical level,CHOLRESB,01,Less than 4.0,1
nhs,Biomedical level,CHOLRESB,02,4.0 to less than 4.5,2
nhs,Biomedical level,CHOLRESB,03,4.5 to less than 5.0,3
nhs,Biomedical level,CHOLRESB,04,5.0 to less than 5.5,4
nhs,Biomedical level,CHOLRESB,05,5.5 to less than 6.0,5
nhs,Biomedical level,CHOLRESB,06,6.0 to less than 6.5,6
nhs,Biomedical level,CHOLRESB,07,6.5 to less than 7.0,7
nhs,Biomedical level,CHOLRESB,08,7.0 or more,8
nhs,Biomedical level,CHOLRESB,97,Not applicable,97
nhs,Biomedical level,CHOLRESB,98,Not reported,98
nhs,Biomedical level,HDLCHNTR,0,Not applicable,0
nhs,Biomedical level,HDLCHNTR,1,Normal HDL cholesterol (non sex dependent),1
nhs,Biomedical level,HDLCHNTR,2,Abnormal HDL cholesterol (non sex dependent),2
nhs,Biomedical level,HDLCHNTR,8,Not reported,8
nhs,Biomedical level,HDLCHSEX,0,Not applicable,0
nhs,Biomedical level,HDLCHSEX,1,Normal HDL cholesterol (sex dependent),1
nhs,Biomedical level,HDLCHSEX,2,Abnormal HDL cholesterol (sex dependent),2
nhs,Biomedical level,HDLCHSEX,8,Not reported,8
nhs,Biomedical level,HDLCHREB,1,Less than 1.0,1
nhs,Biomedical level,HDLCHREB,2,1.0 to less than 1.3,2
nhs,Biomedical level,HDLCHREB,3,1.3 to less than 1.5,3
nhs,Biomedical level,HDLCHREB,4,1.5 to less than 2.0,4
nhs,Biomedical level,HDLCHREB,5,2.0 to less than 2.5,5
nhs,Biomedical level,HDLCHREB,6,2.5 or more,6
nhs,Biomedical level,HDLCHREB,7,Not applicable,7
nhs,Biomedical level,HDLCHREB,8,Not reported,8
nhs,Biomedical level,LDLNTR,0,Not applicable,0
nhs,Biomedical level,LDLNTR,1,Normal LDL cholesterol,1
nhs,Biomedical level,LDLNTR,2,Abnormal LDL cholesterol,2
nhs,Biomedical level,LDLNTR,8,Not reported,8
nhs,Biomedical level,LDLRESB,01,Less than 1.5,1
nhs,Biomedical level,LDLRESB,02,1.5 to less than 2.0,2
nhs,Biomedical level,LDLRESB,03,2.0 to less than 2.5,3
nhs,Biomedical level,LDLRESB,04,2.5 to less than 3.0,4
nhs,Biomedical level,LDLRESB,05,3.0 to less than 3.5,5
nhs,Biomedical level,LDLRESB,06,3.5 to less than 4.0,6
nhs,Biomedical level,LDLRESB,07,4.0 to less than 4.5,7
nhs,Biomedical level,LDLRESB,08,4.5 or more,8
nhs,Biomedical level,LDLRESB,97,Not applicable,97
nhs,Biomedical level,LDLRESB,98,Not reported,98
nhs,Biomedical level,TRIGNTR,0,Not applicable,0
nhs,Biomedical level,TRIGNTR,1,Normal triglycerides,1
nhs,Biomedical level,TRIGNTR,2,Abnormal triglycerides,2
nhs,Biomedical level,TRIGNTR,8,Not reported,8
nhs,Biomedical level,TRIGRESB,01,Less than 0.5,1
nhs,Biomedical level,TRIGRESB,02,0.5 to less than 1.0,2
nhs,Biomedical level,TRIGRESB,03,1.0 to less than 1.5,3
nhs,Biomedical level,TRIGRESB,04,1.5 to less than 2.0,4
nhs,Biomedical level,TRIGRESB,05,2.0 to less than 2.5,5
nhs,Biomedical level,TRIGRESB,06,2.5 to less than 3.0,6
nhs,Biomedical level,TRIGRESB,07,3.0 or more,7
nhs,Biomedical level,TRIGRESB,97,Not applicable,97
nhs,Biomedical level,TRIGRESB,98,Not reported,98
nhs,Biomedical level,APOBNTR,0,Not applicable,0
nhs,Biomedical level,APOBNTR,1,Normal ApoB,1
nhs,Biomedical level,APOBNTR,2,Abnormal ApoB,2
nhs,Biomedical level,APOBNTR,8,Not reported,8
nhs,Biomedical level,APOBRESB,01,0.7 or less,1
nhs,Biomedical level,APOBRESB,02,More than 0.7 to 0.8,2
nhs,Biomedical level,APOBRESB,03,More than 0.8 to 0.9,3
nhs,Biomedical level,APOBRESB,04,More than 0.9 to 1.0,4
nhs,Biomedical level,APOBRESB,05,More than 1.0 to 1.1,5
nhs,Biomedical level,APOBRESB,06,More than 1.1 to 1.2,6
nhs,Biomedical level,APOBRESB,07,More than 1.2 to 1.3,7
nhs,Biomedical level,APOBRESB,08,More than 1.3 to 1.4,8
nhs,Biomedical level,APOBRESB,09,More than 1.4,9
nhs,Biomedical level,APOBRESB,97,Not applicable,97
nhs,Biomedical level,APOBRESB,98,Not reported,98
nhs,Biomedical level,CVDMEDST,0,Not applicable,0
nhs,Biomedical level,CVDMEDST,1,Has dyslipidaemia (using lipid medication and has abnormal lipid levels),1
nhs,Biomedical level,CVDMEDST,2,Has dyslipidaemia (using lipid medication and has normal lipid levels),2
nhs,Biomedical level,CVDMEDST,3,Has dyslipidaemia (not using lipid medication and has abnormal results),3
nhs,Biomedical level,CVDMEDST,4,Does not have dyslipidaemia,4
nhs,Biomedical level,CVDMEDST,8,Not reported,8
nhs,Biomedical level,GLUCFPD,0,Not applicable,0
nhs,Biomedical level,GLUCFPD,1,Fasting plasma glucose indicates no diabetes,1
nhs,Biomedical level,GLUCFPD,2,Impaired fasting plasma glucose,2
nhs,Biomedical level,GLUCFPD,3,Fasting plasma glucose indicates diabetes,3
nhs,Biomedical level,GLUCFPD,8,Not reported,8
nhs,Biomedical level,GLUCFREB,01,Less than 4.5,1
nhs,Biomedical level,GLUCFREB,02,4.5 to less than 5.0,2
nhs,Biomedical level,GLUCFREB,03,5.0 to less than 5.5,3
nhs,Biomedical level,GLUCFREB,04,5.5 to less than 6.1,4
nhs,Biomedical level,GLUCFREB,05,6.1 to less than 7.0,5
nhs,Biomedical level,GLUCFREB,06,7.0 to less than 7.5,6
nhs,Biomedical level,GLUCFREB,07,7.5 or more,7
nhs,Biomedical level,GLUCFREB,97,Not applicable,97
nhs,Biomedical level,GLUCFREB,98,Not reported,98
nhs,Biomedical level,DIAHBRSK,0,Not applicable,0
nhs,Biomedical level,DIAHBRSK,1,Normal - HbA1c <6.0%,1
nhs,Biomedical level,DIAHBRSK,2,At risk of diabetes - HbA1c 6.0 - 6.4 %,2
nhs,Biomedical level,DIAHBRSK,3,Indicates diabetes - HbA1c greater than or equal to 6.5%,3
nhs,Biomedical level,DIAHBRSK,8,Not reported,8
nhs,Biomedical level,HBA1PREB,1,Less than 5.0,1
nhs,Biomedical level,HBA1PREB,2,5.0 to less than 5.5,2
nhs,Biomedical level,HBA1PREB,3,5.5 to less than 6.0,3
nhs,Biomedical level,HBA1PREB,4,6.0 to less than 6.5,4
nhs,Biomedical level,HBA1PREB,5,6.5 to less than 7.0,5
nhs,Biomedical level,HBA1PREB,6,7.0 or more,6
nhs,Biomedical level,HBA1PREB,7,Not applicable,7
nhs,Biomedical level,HBA1PREB,8,Not reported,8
nhs,Biomedical level,DIAHMRSK,0,Not applicable,0
nhs,Biomedical level,DIAHMRSK,1,Normal - HbA1c <42 mmol/mol,1
nhs,Biomedical level,DIAHMRSK,2,At risk of diabetes - HbA1c 42-47 mmol/mol,2
nhs,Biomedical level,DIAHMRSK,3,Indicates diabetes - HbA1c greater than or equal to 48 mmol/mol,3
nhs,Biomedical level,DIAHMRSK,8,Not reported,8
nhs,Biomedical level,HBA1MREB,1,Less than 36,1
nhs,Biomedical level,HBA1MREB,2,36 to less than 39,2
nhs,Biomedical level,HBA1MREB,3,39 to less than 42,3
nhs,Biomedical level,HBA1MREB,4,42 to less than 45,4
nhs,Biomedical level,HBA1MREB,5,45 to less than 48,5
nhs,Biomedical level,HBA1MREB,6,48 or more,6
nhs,Biomedical level,HBA1MREB,7,Not applicable,7
nhs,Biomedical level,HBA1MREB,8,Not stated,8
nhs,Biomedical level,DIABPRVE,0,Not applicable,0
nhs,Biomedical level,DIABPRVE,1,Has diabetes - Known diabetes,1
nhs,Biomedical level,DIABPRVE,2,Has diabetes - Newly diagnosed diabetes,2
nhs,Biomedical level,DIABPRVE,3,Does not have diabetes - Normal,3
nhs,Biomedical level,DIABPRVE,4,Does not have diabetes - At risk of diabetes,4
nhs,Biomedical level,DIABPRVE,8,Not reported,8
nhs,Biomedical level,DIABFPGE,0,Not applicable,0
nhs,Biomedical level,DIABFPGE,1,Has diabetes - Known diabetes,1
nhs,Biomedical level,DIABFPGE,2,Has diabetes - Newly diagnosed diabetes,2
nhs,Biomedical level,DIABFPGE,3,Does not have diabetes - Normal fasting plasma glucose,3
nhs,Biomedical level,DIABFPGE,4,Does not have diabetes - Impaired fasting plasma glucose,4
nhs,Biomedical level,DIABFPGE,8,Not reported,8
nhs,Biomedical level,ACRNTR,0,Not applicable,0
nhs,Biomedical level,ACRNTR,1,No presence of albuminuria,1
nhs,Biomedical level,ACRNTR,2,Presence of albuminuria,2
nhs,Biomedical level,ACRNTR,8,Not reported,8
nhs,Biomedical level,ACRIPA,0,Not applicable,0
nhs,Biomedical level,ACRIPA,1,Normoalbuminuria,1
nhs,Biomedical level,ACRIPA,2,Microalbuminuria,2
nhs,Biomedical level,ACRIPA,3,Macroalbuminuria,3
nhs,Biomedical level,ACRIPA,8,Not reported,8
nhs,Biomedical level,EGFRIMP,0,Not applicable,0
nhs,Biomedical level,EGFRIMP,1,Normal eGFR,1
nhs,Biomedical level,EGFRIMP,2,Impaired eGFR,2
nhs,Biomedical level,EGFRIMP,8,Not reported,8
nhs,Biomedical level,EGFRKDSA,0,Not applicable,0
nhs,Biomedical level,EGFRKDSA,1,No indicators of CKD,1
nhs,Biomedical level,EGFRKDSA,2,Stage 1,2
nhs,Biomedical level,EGFRKDSA,3,Stage 2,3
nhs,Biomedical level,EGFRKDSA,4,Stage 3a,4
nhs,Biomedical level,EGFRKDSA,5,Stage 3b,5
nhs,Biomedical level,EGFRKDSA,6,Stage 4-5,6
nhs,Biomedical level,EGFRKDSA,8,Not reported,8
nhs,Biomedical level,EGFRRESB,1,90 or more,1
nhs,Biomedical level,EGFRRESB,2,75 to 89,2
nhs,Biomedical level,EGFRRESB,3,60 to 74,3
nhs,Biomedical level,EGFRRESB,4,45 to 59,4
nhs,Biomedical level,EGFRRESB,5,30 to 44,5
nhs,Biomedical level,EGFRRESB,6,Less than 30,6
nhs,Biomedical level,EGFRRESB,7,Not applicable,7
nhs,Biomedical level,EGFRRESB,8,Not reported,8
nhs,Biomedical level,ALTNTR,0,Not applicable,0
nhs,Biomedical level,ALTNTR,1,Normal ALT,1
nhs,Biomedical level,ALTNTR,2,Abnormal ALT,2
nhs,Biomedical level,ALTNTR,8,Not reported,8
nhs,Biomedical level,ALTRESB,1,Less than 10,1
nhs,Biomedical level,ALTRESB,2,10 to less than 15,2
nhs,Biomedical level,ALTRESB,3,15 to less than 20,3
nhs,Biomedical level,ALTRESB,4,20 to less than 25,4
nhs,Biomedical level,ALTRESB,5,25 to less than 30,5
nhs,Biomedical level,ALTRESB,6,30 to less than 35,6
nhs,Biomedical level,ALTRESB,7,35 to less than 40,7
nhs,Biomedical level,ALTRESB,8,40 to less than 45,8
nhs,Biomedical level,ALTRESB,9,45 to less than 50,9
nhs,Biomedical level,ALTRESB,10,50 or more,10
nhs,Biomedical level,ALTRESB,97,Not applicable,97
nhs,Biomedical level,ALTRESB,98,Not reported,98
nhs,Biomedical level,GGTNTR,1,Normal GGT,1
nhs,Biomedical level,GGTNTR,2,Abnormal GGT,2
nhs,Biomedical level,GGTNTR,8,Not reported,8
nhs,Biomedical level,GGTRESB,1,10 or less,1
nhs,Biomedical level,GGTRESB,2,More than 10 to 15,2
nhs,Biomedical level,GGTRESB,3,More than 15 to 20,3
nhs,Biomedical level,GGTRESB,4,More than 20 to 25,4
nhs,Biomedical level,GGTRESB,5,More than 25 to 30,5
nhs,Biomedical level,GGTRESB,6,More than 30 to 35,6
nhs,Biomedical level,GGTRESB,7,More than 35 to 40,7
nhs,Biomedical level,GGTRESB,8,More than 40 to 45,8
nhs,Biomedical level,GGTRESB,9,More than 45 to 50,9
nhs,Biomedical level,GGTRESB,10,More than 50 to 55,10
nhs,Biomedical level,GGTRESB,11,More than 55 to 60,11
nhs,Biomedical level,GGTRESB,12,More than 60,12
nhs,Biomedical level,GGTRESB,97,Not applicable,97
nhs,Biomedical level,GGTRESB,98,Not reported,98
nhs,Biomedical level,COTINIES,0,Not applicable,0
nhs,Biomedical level,COTINIES,1,Cotinine levels greater than or equal to 140nmol/L,1
nhs,Biomedical level,COTINIES,2,Cotinine levels less than 140nmol/L,2
nhs,Biomedical level,COTINIES,8,Not reported,8
nhs,Biomedical level,FOLATREB,1,Less than 8.0,1
nhs,Biomedical level,FOLATREB,2,8.0 to less than 11.0,2
nhs,Biomedical level,FOLATREB,3,11.0 to less than 15.0,3
nhs,Biomedical level,FOLATREB,4,15.0 to less than 20.0,4
nhs,Biomedical level,FOLATREB,5,20.0 to less than 25.0,5
nhs,Biomedical level,FOLATREB,6,25.0 to less than 30.0,6
nhs,Biomedical level,FOLATREB,7,30.0 to less than 35.0,7
nhs,Biomedical level,FOLATREB,8,35.0 to less than 40.0,8
nhs,Biomedical level,FOLATREB,9,40.0 to less than 45.0,9
nhs,Biomedical level,FOLATREB,10,45.0 or more,10
nhs,Biomedical level,FOLATREB,97,Not applicable,97
nhs,Biomedical level,FOLATREB,98,Not reported,98
nhs,Biomedical level,B12RESB,1,Less than 145,1
nhs,Biomedical level,B12RESB,2,145 to less than 180,2
nhs,Biomedical level,B12RESB,3,180 to less than 220,3
nhs,Biomedical level,B12RESB,4,220 to less than 300,4
nhs,Biomedical level,B12RESB,5,300 to less than 400,5
nhs,Biomedical level,B12RESB,6,400 to less than 500,6
nhs,Biomedical level,B12RESB,7,500 to less than 600,7
nhs,Biomedical level,B12RESB,8,600 to less than 800,8
nhs,Biomedical level,B12RESB,9,800 or more,9
nhs,Biomedical level,B12RESB,97,Not applicable,97
nhs,Biomedical level,B12RESB,98,Not reported,98
nhs,Biomedical level,HBDAP,0,Not applicable,0
nhs,Biomedical level,HBDAP,1,Normal haemoglobin,1
nhs,Biomedical level,HBDAP,2,At risk of anaemia,2
nhs,Biomedical level,HBDAP,8,Not reported,8
nhs,Biomedical level,FERRCRPB,1,Less than 12,1
nhs,Biomedical level,FERRCRPB,2,12 to less than 15,2
nhs,Biomedical level,FERRCRPB,3,15 to less than 20,3
nhs,Biomedical level,FERRCRPB,4,20 to less than 30,4
nhs,Biomedical level,FERRCRPB,5,30 to less than 50,5
nhs,Biomedical level,FERRCRPB,6,50 to less than 150,6
nhs,Biomedical level,FERRCRPB,7,150 to less than 200,7
nhs,Biomedical level,FERRCRPB,8,200 to less than 300,8
nhs,Biomedical level,FERRCRPB,9,300 to less than 500,9
nhs,Biomedical level,FERRCRPB,10,500 to less than 750,10
nhs,Biomedical level,FERRCRPB,11,750 or more,11
nhs,Biomedical level,FERRCRPB,97,Not applicable,97
nhs,Biomedical level,FERRCRPB,98,Not stated,98
nhs,Biomedical level,SOLTRREB,1,1.5 or less,1
nhs,Biomedical level,SOLTRREB,2,More than 1.5 to 2.0,2
nhs,Biomedical level,SOLTRREB,3,More than 2.0 to 2.5,3
nhs,Biomedical level,SOLTRREB,4,More than 2.5 to 3.0,4
nhs,Biomedical level,SOLTRREB,5,More than 3.0 to 4.0,5
nhs,Biomedical level,SOLTRREB,6,More than 4.0,6
nhs,Biomedical level,SOLTRREB,7,Not applicable,7
nhs,Biomedical level,SOLTRREB,8,Not reported,8
nhs,Biomedical level,VDLCMRGT,0,Not applicable,0
nhs,Biomedical level,VDLCMRGT,1,Adequate vitamin D levels (>= 50 nmol/L),1
nhs,Biomedical level,VDLCMRGT,2,Mild vitamin D deficiency (30-49 nmol/L),2
nhs,Biomedical level,VDLCMRGT,3,Moderate/Severe vitamin D deficiency (<30 nmol/L),3
nhs,Biomedical level,VDLCMRGT,8,Not reported,8
nhs,Biomedical level,VDLCMREB,1,Less than 20,1
nhs,Biomedical level,VDLCMREB,2,20 to less than 30,2
nhs,Biomedical level,VDLCMREB,3,30 to less than 40,3
nhs,Biomedical level,VDLCMREB,4,40 to less than 50,4
nhs,Biomedical level,VDLCMREB,5,50 to less than 60,5
nhs,Biomedical level,VDLCMREB,6,60 to less than 70,6
nhs,Biomedical level,VDLCMREB,7,70 to less than 80,7
nhs,Biomedical level,VDLCMREB,8,80 to less than 90,8
nhs,Biomedical level,VDLCMREB,9,90 to less than 100,9
nhs,Biomedical level,VDLCMREB,10,100 to less than 110,10
nhs,Biomedical level,VDLCMREB,11,110 to less than 120,11
nhs,Biomedical level,VDLCMREB,12,120 to less than 130,12
nhs,Biomedical level,VDLCMREB,13,130 or more,13
nhs,Biomedical level,VDLCMREB,97,Not applicable,97
nhs,Biomedical level,VDLCMREB,98,Not reported,98
npa,Interview details,SEASON2,1,Summer,1
npa,Interview details,SEASON2,2,Autumn,2
npa,Interview details,SEASON2,3,Winter,3
npa,Interview details,SEASON2,4,Spring,4
npa,Interview details,SEASONC,0,Not applicable,0
npa,Interview details,SEASONC,1,Summer,1
npa,Interview details,SEASONC,2,Autumn,2
npa,Interview details,SEASONC,3,Winter,3
npa,Interview details,SEASONC,4,Spring,4
npa,Interview details,NUTDAY1,1,Sunday,1
npa,Interview details,NUTDAY1,2,Monday,2
npa,Interview details,NUTDAY1,3,Tuesday,3
npa,Interview details,NUTDAY1,4,Wednesday,4
npa,Interview details,NUTDAY1,5,Thursday,5
npa,Interview details,NUTDAY1,6,Friday,6
npa,Interview details,NUTDAY1,7,Saturday,7
npa,Interview details,NUTDAY2,0,Not applicable,0
npa,Interview details,NUTDAY2,1,Sunday,1
npa,Interview details,NUTDAY2,2,Monday,2
npa,Interview details,NUTDAY2,3,Tuesday,3
npa,Interview details,NUTDAY2,4,Wednesday,4
npa,Interview details,NUTDAY2,5,Thursday,5
npa,Interview details,NUTDAY2,6,Friday,6
npa,Interview details,NUTDAY2,7,Saturday,7
npa,Interview details,DAY2,00,Not Applicable,0
npa,Interview details,MONTH1,01,January,1
npa,Interview details,MONTH1,02,February,2
npa,Interview details,MONTH1,03,March,3
npa,Interview details,MONTH1,04,April,4
npa,Interview details,MONTH1,06,June,6
npa,Interview details,MONTH1,07,July,7
npa,Interview details,MONTH1,08,August,8
npa,Interview details,MONTH1,09,September,9
npa,Interview details,MONTH1,10,October,10
npa,Interview details,MONTH1,11,November,11
npa,Interview details,MONTH1,12,December,12
npa,Interview details,MONTH2,00,Not Applicable,0
npa,Interview details,MONTH2,01,January,1
npa,Interview details,MONTH2,02,February,2
npa,Interview details,MONTH2,03,March,3
npa,Interview details,MONTH2,04,April,4
npa,Interview details,MONTH2,06,June,6
npa,Interview details,MONTH2,07,July,7
npa,Interview details,MONTH2,08,August,8
npa,Interview details,MONTH2,09,September,9
npa,Interview details,MONTH2,10,October,10
npa,Interview details,MONTH2,11,November,11
npa,Interview details,MONTH2,12,December,12
npa,Interview details,YEAR2,00,Not Applicable,0
npa,Interview details,PRASDIET,0,Not applicable,0
npa,Interview details,PRASDIET,1,Child answered questions no proxy assistance,1
npa,Interview details,PRASDIET,2,Child answered questions proxy assisted,2
npa,Interview details,PRASDIET,3,Proxy answered questions child assisted,3
npa,Interview details,PRASDIET,4,Proxy answered questions no child assistance,4
npa,Interview details,PRASDIET,5,Not known,5
npa,Interview details,PRXDIETC,0,Not applicable,0
npa,Interview details,PRXDIETC,1,Child answered questions no proxy assistance,1
npa,Interview details,PRXDIETC,2,Child answered questions proxy assisted,2
npa,Interview details,PRXDIETC,3,Proxy answered questions child assisted,3
npa,Interview details,PRXDIETC,4,Proxy answered questions no child assistance,4
npa,Interview details,PRXDIETC,5,No CATI nutrition data,5
npa,Interview details,PRXDIETC,6,Not known,6
npa,Household items,ARIABC,1,Major cities of Australia,1
npa,Household items,ARIABC,2,Inner regional Australia,2
npa,Household items,ARIABC,3,Other,3
npa,Household items,SF2SA1QN,1,Lowest 20%,1
npa,Household items,SF2SA1QN,2,Second quintile,2
npa,Household items,SF2SA1QN,3,Third quintile,3
npa,Household items,SF2SA1QN,4,Fourth quintile,4
npa,Household items,SF2SA1QN,5,Highest 20%*,5
npa,Household items,HHTYPC,1,Person living alone,1
npa,Household items,HHTYPC,2,Couple only,2
npa,Household items,HHTYPC,3,Couple family with children (includes households with one other relative),3
npa,Household items,HHTYPC,4,One parent family with children (includes households with one other relative),4
npa,Household items,HHTYPC,5,Unrelated persons aged 15+ only,5
npa,Household items,HHTYPC,6,All other households,6
npa,Household items,HHSIZECB,1,One,1
npa,Household items,HHSIZECB,2,Two,2
npa,Household items,HHSIZECB,3,Three,3
npa,Household items,HHSIZECB,4,Four,4
npa,Household items,HHSIZECB,5,Five,5
npa,Household items,HHSIZECB,6,Six or more persons,6
npa,Household items,INCDEC,00,Not applicable,0
npa,Household items,INCDEC,01,First decile,1
npa,Household items,INCDEC,02,Second decile,2
npa,Household items,INCDEC,03,Third decile,3
npa,Household items,INCDEC,04,Fourth decile,4
npa,Household items,INCDEC,05,Fifth decile,5
npa,Household items,INCDEC,06,Sixth decile,6
npa,Household items,INCDEC,07,Seventh decile,7
npa,Household items,INCDEC,08,Eighth decile,8
npa,Household items,INCDEC,09,Ninth decile,9
npa,Household items,INCDEC,10,Tenth decile,10
npa,Household items,INCDEC,98,Not stated,98
npa,Household items,INCDEC,99,Not known,99
npa,Household items,FDSECQ1,1,"Yes, ran out of food",1
npa,Household items,FDSECQ1,5,"No, did not run out of food",5
npa,Household items,FDSECQ1,8,Not stated,8
npa,Household items,FDSECQ2,0,Not applicable,0
npa,Household items,FDSECQ2,1,Went without food,1
npa,Household items,FDSECQ2,5,Did not go without food,5
npa,Demographics,AGEC,85,85 years and over,85
npa,Demographics,SEX,1,Male,1
npa,Demographics,SEX,2,Female,2
npa,Demographics,SMSBC,0,Not applicable,0
npa,Demographics,SMSBC,1,Married,1
npa,Demographics,SMSBC,2,Not married,2
npa,Demographics,COBBC,1,Australia,1
npa,Demographics,COBBC,2,"Main English Speaking Countries (Canada, Republic of Ireland, New Zealand, South Africa, United Kingdom, United States of America)",2
npa,Demographics,COBBC,3,Other,3
npa,Demographics,YOABC,1,Born in Australia,1
npa,Demographics,YOABC,2,Arrived 1985 and before,2
npa,Demographics,YOABC,3,Arrived 1986-1990,3
npa,Demographics,YOABC,4,Arrived 1991-1995,4
npa,Demographics,YOABC,5,Arrived 1996-2000,5
npa,Demographics,YOABC,6,Arrived 2001-2005,6
npa,Demographics,YOABC,7,Arrived 2006 to year of collection,7
npa,Demographics,YOABC,9,Not stated/Inadequately described,9
npa,Demographics,PROFENG,1,Very well,1
npa,Demographics,PROFENG,2,Well,2
npa,Demographics,PROFENG,3,Not well,3
npa,Demographics,PROFENG,4,Not at all,4
npa,Demographics,PROFENG,5,Mainly speaks English (at home),5
npa,Demographics,PROFENG,9,Not known/Does not speak,9
npa,Education,HYSCHCBC,0,Not applicable,0
npa,Education,HYSCHCBC,1,Year 12 or equivalent,1
npa,Education,HYSCHCBC,2,Year 11 or equivalent,2
npa,Education,HYSCHCBC,3,Year 10 or equivalent,3
npa,Education,HYSCHCBC,4,Year 9 or equivalent,4
npa,Education,HYSCHCBC,5,"Year 8 or below, including never attended school",5
npa,Education,LVHNSQBC,0,Not applicable,0
npa,Education,LVHNSQBC,1,"Postgraduate Degree, Graduate Diploma/Graduate Certificate",1
npa,Education,LVHNSQBC,2,Bachelor Degree,2
npa,Education,LVHNSQBC,3,Advanced Diploma/Diploma,3
npa,Education,LVHNSQBC,4,Certificate III/IV,4
npa,Education,LVHNSQBC,5,Certificate I/II,5
npa,Education,LVHNSQBC,6,Certificate not further defined,6
npa,Education,LVHNSQBC,7,No non-school qualification,7
npa,Education,LVHNSQBC,8,Level not determined,8
npa,Education,STDYFTPT,0,Not applicable,0
npa,Education,STDYFTPT,1,Studying full-time,1
npa,Education,STDYFTPT,2,Studying part-time,2
npa,Education,STDYFTPT,3,Not studying,3
npa,Employment,LFSBC,0,Not applicable,0
npa,Employment,LFSBC,1,Employed,1
npa,Employment,LFSBC,2,Unemployed,2
npa,Employment,LFSBC,3,Not in the labour force,3
npa,Employment,USHRWK,0,Not applicable,0
npa,Employment,USHRWK,1,1 - 15 hours,1
npa,Employment,USHRWK,2,16 - 24 hours,2
npa,Employment,USHRWK,3,25 - 34 hours,3
npa,Employment,USHRWK,4,35 - 39 hours,4
npa,Employment,USHRWK,5,40 hours,5
npa,Employment,USHRWK,6,41 - 48 hours,6
npa,Employment,USHRWK,7,49 hours or more,7
npa,Employment,ANZSICBC,01,"Agriculture, Forestry and Fishing",1
npa,Employment,ANZSICBC,02,Mining,2
npa,Employment,ANZSICBC,03,Manufacturing,3
npa,Employment,ANZSICBC,04,"Electricity, Gas, Water and Waste Services",4
npa,Employment,ANZSICBC,05,Construction,5
npa,Employment,ANZSICBC,06,Wholesale Trade,6
npa,Employment,ANZSICBC,07,Retail Trade,7
npa,Employment,ANZSICBC,08,Accommodation and Food Services,8
npa,Employment,ANZSICBC,09,"Transport, Postal and Warehousing",9
npa,Employment,ANZSICBC,10,Information Media and Telecommunications,10
npa,Employment,ANZSICBC,11,Financial and Insurance Services,11
npa,Employment,ANZSICBC,12,"Rental, Hiring and Real Estate Services",12
npa,Employment,ANZSICBC,13,"Professional, Scientific and Technical Services",13
npa,Employment,ANZSICBC,14,Administrative and Support Services,14
npa,Employment,ANZSICBC,15,Public Administration and Safety,15
npa,Employment,ANZSICBC,16,Education and Training,16
npa,Employment,ANZSICBC,17,Health Care and Social Assistance,17
npa,Employment,ANZSICBC,18,Arts and Recreation Services,18
npa,Employment,ANZSICBC,19,Other Services,19
npa,Employment,ANZSICBC,25,Inadequately described,25
npa,Employment,ANZSICBC,26,Not applicable,26
npa,Employment,ANZSCOBC,1,Managers,1
npa,Employment,ANZSCOBC,2,Professional,2
npa,Employment,ANZSCOBC,3,Technicians and Trades Workers,3
npa,Employment,ANZSCOBC,4,Community and Personal Service Workers,4
npa,Employment,ANZSCOBC,5,Clerical and Administrative Worker,5
npa,Employment,ANZSCOBC,6,Sales Workers,6
npa,Employment,ANZSCOBC,7,Machinery Operators and Drivers,7
npa,Employment,ANZSCOBC,8,Labourers,8
npa,Employment,ANZSCOBC,9,Not applicable and inadequately described,9
npa,Employment,SHIFTQ2,0,Not applicable,0
npa,Employment,SHIFTQ2,1,Did shift work in the last 4 weeks,1
npa,Employment,SHIFTQ2,5,Did not do shift work in the last 4 weeks,5
npa,Employment,SHFTWBC,0,Not applicable,0
npa,Employment,SHFTWBC,1,Rotating shift with periodic changes,1
npa,Employment,SHFTWBC,2,"Regular evening, night or graveyard shift",2
npa,Employment,SHFTWBC,3,Regular morning or afternoon shift,3
npa,Employment,SHFTWBC,4,"Irregular, split, on call or other shift",4
npa,Employment,SHFTWBC,9,No shift work,9
npa,Employment,DURUNBC,0,Not applicable,0
npa,Employment,DURUNBC,1,Under 4 weeks,1
npa,Employment,DURUNBC,2,4 to less than 13 weeks,2
npa,Employment,DURUNBC,3,13 to less than 26 weeks,3
npa,Employment,DURUNBC,4,26 to less than 52 weeks,4
npa,Employment,DURUNBC,5,52 weeks or more,5
npa,Employment,DURUNBC,8,Not stated,8
npa,General health,SF12Q2,0,Not applicable,0
npa,General health,SF12Q2,1,Excellent,1
npa,General health,SF12Q2,2,Very good,2
npa,General health,SF12Q2,3,Good,3
npa,General health,SF12Q2,4,Fair,4
npa,General health,SF12Q2,5,Poor,5
npa,General health,DIABQ01A,1,Family member told they have diabetes,1
npa,General health,DIABQ01A,5,Family member not told they have diabetes,5
npa,General health,DIABQ01A,6,Not known if family member told they have diabetes,6
npa,General health,AGDBBC,01,Under 25,1
npa,General health,AGDBBC,02,25 - 34,2
npa,General health,AGDBBC,03,35 - 44,3
npa,General health,AGDBBC,04,45 - 54,4
npa,General health,AGDBBC,05,55 - 64,5
npa,General health,AGDBBC,06,65 and over,6
npa,General health,AGDBBC,97,Not applicable,97
npa,General health,AGDBBC,99,Not known,99
npa,General health,FEMLSBC,1,Have never menstruated,1
npa,General health,FEMLSBC,2,Currently pregnant,2
npa,General health,FEMLSBC,3,Currently breastfeeding,3
npa,General health,FEMLSBC,4,Currently experiencing menopause,4
npa,General health,FEMLSBC,5,Post menopause,5
npa,General health,FEMLSBC,6,None of these apply,6
npa,General health,FEMLSBC,9,Not applicable,9
npa,Risk factors - Smoking,SMKSTAT,0,Not applicable,0
npa,Risk factors - Smoking,SMKSTAT,1,Current smoker daily,1
npa,Risk factors - Smoking,SMKSTAT,2,Current smoker weekly (at least once a week but not daily),2
npa,Risk factors - Smoking,SMKSTAT,3,Current smoker less than weekly,3
npa,Risk factors - Smoking,SMKSTAT,4,Ex-smoker,4
npa,Risk factors - Smoking,SMKSTAT,5,Never smoked,5
npa,Risk factors - Smoking,SMKDAILY,0,Not applicable,0
npa,Risk factors - Smoking,SMKDAILY,1,Current daily smoker,1
npa,Risk factors - Smoking,SMKDAILY,2,Past daily smoker (still smokes),2
npa,Risk factors - Smoking,SMKDAILY,3,Past daily smoker (ex-smoker),3
npa,Risk factors - Smoking,SMKDAILY,4,Never smoked daily,4
npa,Risk factors - Smoking,SMKDAILY,5,Never smoked,5
npa,Risk factors - Smoking,SMOKEQ1,0,Not applicable,0
npa,Risk factors - Smoking,SMOKEQ1,1,Yes,1
npa,Risk factors - Smoking,SMOKEQ1,5,No,5
npa,Risk factors - Nutrition,DIETRDI,0,Not applicable,0
npa,Risk factors - Nutrition,DIETRDI,1,Met recommended guidelines,1
npa,Risk factors - Nutrition,DIETRDI,2,Did not meet recommended guidelines,2
npa,Risk factors - Nutrition,DIETQ8,1,1 serve,1
npa,Risk factors - Nutrition,DIETQ8,2,2 serves,2
npa,Risk factors - Nutrition,DIETQ8,3,3 serves,3
npa,Risk factors - Nutrition,DIETQ8,4,4 serves,4
npa,Risk factors - Nutrition,DIETQ8,5,5 serves,5
npa,Risk factors - Nutrition,DIETQ8,6,6 or more serves,6
npa,Risk factors - Nutrition,DIETQ8,7,Less than 1 serve,7
npa,Risk factors - Nutrition,DIETQ8,8,Don't eat fruit,8
npa,Risk factors - Nutrition,DIETQ5,1,1 serve,1
npa,Risk factors - Nutrition,DIETQ5,2,2 serves,2
npa,Risk factors - Nutrition,DIETQ5,3,3 serves,3
npa,Risk factors - Nutrition,DIETQ5,4,4 serves,4
npa,Risk factors - Nutrition,DIETQ5,5,5 serves,5
npa,Risk factors - Nutrition,DIETQ5,6,6 or more serves,6
npa,Risk factors - Nutrition,DIETQ5,7,Less than 1 serve,7
npa,Risk factors - Nutrition,DIETQ5,8,Don't eat vegetables,8
npa,Risk factors - Nutrition,DIETQ12,1,Very often,1
npa,Risk factors - Nutrition,DIETQ12,2,Occasionally,2
npa,Risk factors - Nutrition,DIETQ12,3,Rarely,3
npa,Risk factors - Nutrition,DIETQ12,5,Not used,5
npa,Risk factors - Nutrition,DIETQ12,6,Not known,6
npa,Risk factors - Nutrition,SALTACI,1,Cooking salt is iodised,1
npa,Risk factors - Nutrition,SALTACI,2,Cooking salt is not iodised,2
npa,Risk factors - Nutrition,SALTACI,3,Cooking salt is not added to meal,3
npa,Risk factors - Nutrition,SALTACI,4,Not known if salt is iodised,4
npa,Risk factors - Nutrition,SALTACI,5,Not known if salt is added to meal,5
npa,Risk factors - Nutrition,DIETQ14,1,Very often,1
npa,Risk factors - Nutrition,DIETQ14,2,Occasionally,2
npa,Risk factors - Nutrition,DIETQ14,5,Not used,5
npa,Risk factors - Nutrition,DIETQ14,6,Not known,6
npa,Risk factors - Nutrition,SALTATI,1,Table salt is iodised,1
npa,Risk factors - Nutrition,SALTATI,2,Table salt is not iodised,2
npa,Risk factors - Nutrition,SALTATI,3,Table salt is not added to meal,3
npa,Risk factors - Nutrition,SALTATI,4,Not known if table salt is iodised,4
npa,Risk factors - Nutrition,SALTATI,5,Not known if table salt is added to meal,5
npa,Risk factors - Nutrition,BDYMSQ04,0,Not applicable,0
npa,Risk factors - Nutrition,BDYMSQ04,1,Currently on a diet to lose weight,1
npa,Risk factors - Nutrition,BDYMSQ04,2,Currently on a diet for health reasons,2
npa,Risk factors - Nutrition,BDYMSQ04,3,Currently on a diet to lose weight and for health reasons,3
npa,Risk factors - Nutrition,BDYMSQ04,5,Not currently on diet,5
npa,Risk factors - Nutrition,BDYMSQ04,6,Not known if currently on a diet,6
npa,Risk factors - Nutrition,BDYMSQ04,97,Not applicable,97
npa,Risk factors - Nutrition,TAPWTR,1,Community water supply,1
npa,Risk factors - Nutrition,TAPWTR,2,Tank,2
npa,Risk factors - Nutrition,TAPWTR,3,Spring,3
npa,Risk factors - Nutrition,TAPWTR,4,Never drink tap water,4
npa,Risk factors - Nutrition,TAPWTR,5,Other,5
npa,Risk factors - Nutrition,TAPWTR,6,Not known,6
npa,Risk factors - Nutrition,BMR,99998,Not available,99998
npa,Risk factors - Nutrition,EIBMR1,997,Not applicable,997
npa,Risk factors - Nutrition,EIBMR1,998,Not available,998
npa,Risk factors - Nutrition,EIBMR2,997,Not applicable,997
npa,Risk factors - Nutrition,EIBMR2,998,Not available,998
npa,Risk factors - Nutrition,ATEMLS,0,Not applicable,0
npa,Risk factors - Nutrition,ATEMLS,1,Much more than usual,1
npa,Risk factors - Nutrition,ATEMLS,2,Usual,2
npa,Risk factors - Nutrition,ATEMLS,3,Much less than usual,3
npa,Risk factors - Nutrition,ATEMLS,4,Not stated,4
npa,Risk factors - Nutrition,ATEMLSCT,0,Not applicable,0
npa,Risk factors - Nutrition,ATEMLSCT,1,Much more than usual,1
npa,Risk factors - Nutrition,ATEMLSCT,2,Usual,2
npa,Risk factors - Nutrition,ATEMLSCT,3,Much less than usual,3
npa,Risk factors - Nutrition,ATEMLSCT,4,Not stated,4
npa,Risk factors - Nutrition,NUMRECAL,1,1,1
npa,Risk factors - Nutrition,NUMRECAL,2,2,2
npa,Risk factors - Nutrition,FLIMPNUT,0,Not applicable,0
npa,Risk factors - Nutrition,FLIMPNUT,1,Imputed food record,1
npa,Physical measures & body mass,SABDYMS,0,Not applicable,0
npa,Physical measures & body mass,SABDYMS,1,Acceptable weight,1
npa,Physical measures & body mass,SABDYMS,2,Underweight,2
npa,Physical measures & body mass,SABDYMS,3,Overweight,3
npa,Physical measures & body mass,SABDYMS,4,Currently pregnant,4
npa,Physical measures & body mass,SABDYMS,8,Not collected,8
npa,Physical measures & body mass,SABDYMS,9,Not stated,9
npa,Physical measures & body mass,SATWEIG,0,Not applicable,0
npa,Physical measures & body mass,SATWEIG,1,Very satisfied,1
npa,Physical measures & body mass,SATWEIG,2,Satisfied,2
npa,Physical measures & body mass,SATWEIG,3,Neither satisfied nor dissatisfied,3
npa,Physical measures & body mass,SATWEIG,4,Dissatisfied,4
npa,Physical measures & body mass,SATWEIG,5,Very dissatisfied,5
npa,Physical measures & body mass,SATWEIG,7,Refused,7
npa,Physical measures & body mass,SATWEIG,8,Not collected,8
npa,Physical measures & body mass,SATWEIG,9,Not stated,9
npa,Physical measures & body mass,BMICATHY,0,Not applicable,0
npa,Physical measures & body mass,BMICATHY,1,Underweight Class 3,1
npa,Physical measures & body mass,BMICATHY,2,Underweight Class 2,2
npa,Physical measures & body mass,BMICATHY,3,Underweight Class 1,3
npa,Physical measures & body mass,BMICATHY,4,Normal range,4
npa,Physical measures & body mass,BMICATHY,5,Normal range (Adult only),5
npa,Physical measures & body mass,BMICATHY,6,Overweight,6
npa,Physical measures & body mass,BMICATHY,7,Obese Class 1,7
npa,Physical measures & body mass,BMICATHY,8,Obese Class 2 (Adult only),8
npa,Physical measures & body mass,BMICATHY,9,Obese Class 3 (Adult only),9
npa,Physical measures & body mass,BMICATHY,98,Measurement not taken - refusal,98
npa,Physical measures & body mass,BMICATHY,99,Measurement not taken - other reason,99
npa,Physical measures & body mass,BMIMCATW,0,Not applicable,0
npa,Physical measures & body mass,BMIMCATW,1,Underweight Class 3,1
npa,Physical measures & body mass,BMIMCATW,2,Underweight Class 2,2
npa,Physical measures & body mass,BMIMCATW,3,Underweight Class 1,3
npa,Physical measures & body mass,BMIMCATW,4,Normal range,4
npa,Physical measures & body mass,BMIMCATW,5,Normal range (Adult only),5
npa,Physical measures & body mass,BMIMCATW,6,Overweight,6
npa,Physical measures & body mass,BMIMCATW,7,Obese Class 1,7
npa,Physical measures & body mass,BMIMCATW,8,Obese Class 2 (Adult only),8
npa,Physical measures & body mass,BMIMCATW,9,Obese Class 3 (Adult only),9
npa,Physical measures & body mass,BMIMCATW,98,Measurement not taken - refusal,98
npa,Physical measures & body mass,BMIMCATW,99,Measurement not taken - other reason,99
npa,Physical measures & body mass,BMISC,0,Not applicable,0
npa,Physical measures & body mass,BMISC,98,Not measured,98
npa,Physical measures & body mass,BMISC,99,Not known,99
npa,Physical measures & body mass,PHDKGWBC,0,Not applicable,0
npa,Physical measures & body mass,PHDKGWBC,1,to 150. Continuous - one decimal*,1
npa,Physical measures & body mass,PHDKGWBC,997,Measurement not taken - equipment faulty,997
npa,Physical measures & body mass,PHDKGWBC,998,Measurement not taken - refusal,998
npa,Physical measures & body mass,PHDKGWBC,999,Measurement not taken - other reason,999
npa,Physical measures & body mass,PHDCMHBC,0,Not applicable,0
npa,Physical measures & body mass,PHDCMHBC,1,to 210. Continuous - one decimal*,1
npa,Physical measures & body mass,PHDCMHBC,997,Measurement not taken - equipment faulty,997
npa,Physical measures & body mass,PHDCMHBC,998,Measurement not taken - refusal,998
npa,Physical measures & body mass,PHDCMHBC,999,Measurement not taken - other reason,999
npa,Physical measures & body mass,PHDWCATF,0,Not applicable,0
npa,Physical measures & body mass,PHDWCATF,1,Not at risk (less than 80cm),1
npa,Physical measures & body mass,PHDWCATF,2,Increased risk (more than or equal to 80cm),2
npa,Physical measures & body mass,PHDWCATF,3,Substantially increased risk (more than or equal to 88cm),3
npa,Physical measures & body mass,PHDWCATF,9,Not measured/Unable to be determined,9
npa,Physical measures & body mass,PHDWCATM,0,Not applicable,0
npa,Physical measures & body mass,PHDWCATM,1,Not at risk (less than 94cm),1
npa,Physical measures & body mass,PHDWCATM,2,Increased risk (more than or equal to 94cm),2
npa,Physical measures & body mass,PHDWCATM,3,Substantially increased risk (more than or equal to 102cm ),3
npa,Physical measures & body mass,PHDWCATM,9,Not measured/Unable to be determined,9
npa,Physical measures & body mass,PHDCMWBC,0,Not applicable,0
npa,Physical measures & body mass,PHDCMWBC,40,40cm and under,40
npa,Physical measures & body mass,PHDCMWBC,41,to 139. Continuous - one decimal,41
npa,Physical measures & body mass,PHDCMWBC,140,140cm and over,140
npa,Physical measures & body mass,PHDCMWBC,998,Measurement not taken - refusal,998
npa,Physical measures & body mass,PHDCMWBC,999,Measurement not taken - other reason,999
npa,Physical measures & body mass,BPCAT,0,Not applicable,0
npa,Physical measures & body mass,BPCAT,1,Normal (<120/80),1
npa,Physical measures & body mass,BPCAT,2,Normal - high (from 120/80 to < 140/90),2
npa,Physical measures & body mass,BPCAT,3,High (from 140/90 to <160/100),3
npa,Physical measures & body mass,BPCAT,4,Very high (from 160/100 to <180/110),4
npa,Physical measures & body mass,BPCAT,5,Severe (from 180/110),5
npa,Physical measures & body mass,BPCAT,6,Valid reading not obtained,6
npa,Physical measures & body mass,BPCAT,7,Measurement not taken,7
npa,Physical measures & body mass,SYSTOL,0,Not applicable,0
npa,Physical measures & body mass,SYSTOL,1,to 997. Continuous,1
npa,Physical measures & body mass,SYSTOL,998,Valid reading not obtained,998
npa,Physical measures & body mass,SYSTOL,999,Not measured,999
npa,Physical measures & body mass,DIASTOL,0,Not applicable,0
npa,Physical measures & body mass,DIASTOL,1,to 997. Continuous,1
npa,Physical measures & body mass,DIASTOL,998,Valid reading not obtained,998
npa,Physical measures & body mass,DIASTOL,999,Not measured,999
npa,Health conditions,DIABBC,1,"Ever told has diabetes mellitus, still current and long term",1
npa,Health conditions,DIABBC,2,"Ever told has diabetes mellitus, still current but not long term",2
npa,Health conditions,DIABBC,3,"Ever told has diabetes mellitus, not current",3
npa,Health conditions,DIABBC,5,Never told has diabetes mellitus,5
npa,Health conditions,HCHOLBC,1,"Ever told has high cholesterol, still current and long term",1
npa,Health conditions,HCHOLBC,2,"Ever told has high cholesterol, still current but not long term",2
npa,Health conditions,HCHOLBC,3,"Ever told has high cholesterol, not current",3
npa,Health conditions,HCHOLBC,5,Never told has high cholesterol,5
npa,Health conditions,HSUGBC,1,"Ever told has high sugar levels in blood/urine, still current and long term",1
npa,Health conditions,HSUGBC,2,"Ever told has high sugar levels in blood/urine, still current but not long term",2
npa,Health conditions,HSUGBC,3,"Ever told has high sugar levels in blood/urine, not current",3
npa,Health conditions,HSUGBC,5,Never told has high sugar levels in blood/urine,5
npa,Health conditions,HYPBC,1,"Ever told has hypertensive disease, still current and long term",1
npa,Health conditions,HYPBC,2,"Ever told has hypertensive disease, still current but not long term",2
npa,Health conditions,HYPBC,3,"Ever told has hypertensive disease, not current",3
npa,Health conditions,HYPBC,5,Never told has hypertensive disease,5
npa,Health conditions,ANGBC,1,"Ever told has angina, still current and long term",1
npa,Health conditions,ANGBC,2,"Ever told has angina, still current but not long term",2
npa,Health conditions,ANGBC,3,"Ever told has angina, not current",3
npa,Health conditions,ANGBC,5,Never told has angina,5
npa,Health conditions,ISCHBC,1,"Ever told has other ischaemic heart disease, still current and long term",1
npa,Health conditions,ISCHBC,2,"Ever told has other ischaemic heart disease, still current but not long term",2
npa,Health conditions,ISCHBC,3,"Ever told has other ischaemic heart disease, not current",3
npa,Health conditions,ISCHBC,5,Never told has other ischaemic heart disease,5
npa,Health conditions,HFOBC,1,"Ever told has other heart disease, still current and long term*",1
npa,Health conditions,HFOBC,2,"Ever told has other heart disease, still current but not long term",2
npa,Health conditions,HFOBC,3,"Ever told has other heart disease, not current",3
npa,Health conditions,HFOBC,5,Never told has other heart disease,5
npa,Health conditions,CEREVBC,1,"Ever told has cerebrovascular disease, still current and long term*",1
npa,Health conditions,CEREVBC,2,"Ever told has cerebrovascular disease, still current but not long term",2
npa,Health conditions,CEREVBC,3,"Ever told has cerebrovascular disease, not current",3
npa,Health conditions,CEREVBC,5,Never told has cerebrovascular disease,5
npa,Health conditions,OEDBC,1,"Ever told has oedema, still current and long term",1
npa,Health conditions,OEDBC,2,"Ever told has oedema, still current but not long term",2
npa,Health conditions,OEDBC,3,"Ever told has oedema, not current",3
npa,Health conditions,OEDBC,5,Never told has oedema,5
npa,Health conditions,KIDNBC,1,"Ever told has kidney disease, still current and long term",1
npa,Health conditions,KIDNBC,2,"Ever told has kidney disease, still current but not long term",2
npa,Health conditions,KIDNBC,3,"Ever told has kidney disease, not current",3
npa,Health conditions,KIDNBC,5,Never told has kidney disease,5
npa,Physical activity,EXREGUIC,0,Not applicable,0
npa,Physical activity,EXREGUIC,1,Met recommended guidelines,1
npa,Physical activity,EXREGUIC,2,Did not meet recommended guidelines,2
npa,Physical activity,EXREGUIC,9,Not known,9
npa,Physical activity,EXREGUID,0,Not applicable,0
npa,Physical activity,EXREGUID,1,Met recommended guidelines,1
npa,Physical activity,EXREGUID,2,Did not meet recommended guidelines,2
npa,Physical activity,EXREGUID,9,Not known,9
npa,Physical activity,DURACSF,0,Not applicable,0
npa,Physical activity,DURACSF,1,Sedentary,1
npa,Physical activity,DURACSF,2,Insufficiently active,2
npa,Physical activity,DURACSF,3,Sufficiently active for health,3
npa,Physical activity,DURACSF,8,Not known,8
npa,Physical activity,DURSACSF,0,Not applicable,0
npa,Physical activity,DURSACSF,1,Inactive,1
npa,Physical activity,DURSACSF,2,Insufficiently active,2
npa,Physical activity,DURSACSF,3,Sufficiently active for health,3
npa,Physical activity,DURSACSF,8,Not known,8
npa,Physical activity,EXLEVELN,0,Not applicable,0
npa,Physical activity,EXLEVELN,1,High,1
npa,Physical activity,EXLEVELN,2,Moderate,2
npa,Physical activity,EXLEVELN,3,Low,3
npa,Physical activity,EXLEVELN,4,Sedentary (very low),4
npa,Physical activity,EXLEVELN,5,Sedentary (no exercise),5
npa,Physical activity,EXLEVELN,8,Not stated,8
npa,Physical activity,EXLWTBC,0,Did not undertake physical activity in the last week,0
npa,Physical activity,EXLWTBC,1,to 2099. Continuous,1
npa,Physical activity,EXLWTBC,2100,2100 and over,2100
npa,Physical activity,EXLWTBC,9996,Not applicable,9996
npa,Physical activity,EXLWTBC,9999,Not known,9999
npa,Physical activity,EXLWMBC,0,Did not undertake moderate physical activity in the last week,0
npa,Physical activity,EXLWMBC,1,to 1079. Continuous,1
npa,Physical activity,EXLWMBC,1080,1080 and over,1080
npa,Physical activity,EXLWMBC,9996,Not applicable,9996
npa,Physical activity,EXLWMBC,9999,Not known,9999
npa,Physical activity,EXLWVBC,0,Did not undertake vigorous physical activity in the last week,0
npa,Physical activity,EXLWVBC,1,to 1259. Continuous,1
npa,Physical activity,EXLWVBC,1260,1260 and over,1260
npa,Physical activity,EXLWVBC,9996,Not applicable,9996
npa,Physical activity,EXLWVBC,9999,Not known,9999
npa,Physical activity,NDBTHREC,0,None,0
npa,Physical activity,NDBTHREC,1,One,1
npa,Physical activity,NDBTHREC,2,Two,2
npa,Physical activity,NDBTHREC,3,Three,3
npa,Physical activity,NDBTHREC,4,Four,4
npa,Physical activity,NDBTHREC,5,Five,5
npa,Physical activity,NDBTHREC,6,Six,6
npa,Physical activity,NDBTHREC,7,Seven,7
npa,Physical activity,NDBTHREC,8,Not known,8
npa,Physical activity,NDBTHREC,9,Not applicable,9
npa,Physical activity,DAYGUI7,0,None,0
npa,Physical activity,DAYGUI7,1,One,1
npa,Physical activity,DAYGUI7,2,Two,2
npa,Physical activity,DAYGUI7,3,Three,3
npa,Physical activity,DAYGUI7,4,Four,4
npa,Physical activity,DAYGUI7,5,Five,5
npa,Physical activity,DAYGUI7,6,Six,6
npa,Physical activity,DAYGUI7,7,Seven,7
npa,Physical activity,DAYGUI7,8,Not known,8
npa,Physical activity,DAYGUI7,9,Not applicable,9
npa,Physical activity,DAY1807,0,None,0
npa,Physical activity,DAY1807,1,One,1
npa,Physical activity,DAY1807,2,Two,2
npa,Physical activity,DAY1807,3,Three,3
npa,Physical activity,DAY1807,4,Four,4
npa,Physical activity,DAY1807,5,Five,5
npa,Physical activity,DAY1807,6,Six,6
npa,Physical activity,DAY1807,7,Seven,7
npa,Physical activity,DAY1807,8,Not known,8
npa,Physical activity,DAY1807,9,Not applicable,9
npa,Physical activity,NUMD1HPA,0,None,0
npa,Physical activity,NUMD1HPA,1,One,1
npa,Physical activity,NUMD1HPA,2,Two,2
npa,Physical activity,NUMD1HPA,3,Three,3
npa,Physical activity,NUMD1HPA,4,Four,4
npa,Physical activity,NUMD1HPA,5,Five,5
npa,Physical activity,NUMD1HPA,6,Six,6
npa,Physical activity,NUMD1HPA,7,Seven,7
npa,Physical activity,NUMD1HPA,8,Not known,8
npa,Physical activity,NUMD1HPA,9,Not applicable,9
npa,Physical activity,NDSEDAGE,0,None,0
npa,Physical activity,NDSEDAGE,1,One,1
npa,Physical activity,NDSEDAGE,2,Two,2
npa,Physical activity,NDSEDAGE,3,Three,3
npa,Physical activity,NDSEDAGE,4,Four,4
npa,Physical activity,NDSEDAGE,5,Five,5
npa,Physical activity,NDSEDAGE,6,Six,6
npa,Physical activity,NDSEDAGE,7,Seven,7
npa,Physical activity,NDSEDAGE,8,Not known,8
npa,Physical activity,NDSEDAGE,9,Not applicable,9
npa,Physical activity,DAYSCHR7,0,None,0
npa,Physical activity,DAYSCHR7,1,One,1
npa,Physical activity,DAYSCHR7,2,Two,2
npa,Physical activity,DAYSCHR7,3,Three,3
npa,Physical activity,DAYSCHR7,4,Four,4
npa,Physical activity,DAYSCHR7,5,Five,5
npa,Physical activity,DAYSCHR7,6,Six,6
npa,Physical activity,DAYSCHR7,7,Seven,7
npa,Physical activity,DAYSCHR7,8,Not known,8
npa,Physical activity,DAYSCHR7,9,Not applicable,9
npa,Physical activity,TYPNIGHT,0,Not applicable,0
npa,Physical activity,TYPNIGHT,1,"Yes, typical nights sleep",1
npa,Physical activity,TYPNIGHT,2,"No, usually sleep more",2
npa,Physical activity,TYPNIGHT,3,"No, usually sleep less",3
npa,Physical activity,TYPNIGHT,4,No typical sleep,4
npa,Physical activity,TYPNIGHT,5,"No, not further defined (NFD)",5
npa,Physical activity,TYPNIGHT,6,Sleep time not known,6
npa,Food level,DAYNUM,1,Day 1,1
npa,Food level,DAYNUM,2,Day 2,2
npa,Food level,EATOCC,01,Breakfast,1
npa,Food level,EATOCC,02,Lunch,2
npa,Food level,EATOCC,03,Dinner,3
npa,Food level,EATOCC,04,Supper,4
npa,Food level,EATOCC,05,Brunch,5
npa,Food level,EATOCC,06,Morning tea,6
npa,Food level,EATOCC,07,Afternoon tea,7
npa,Food level,EATOCC,08,Snack,8
npa,Food level,EATOCC,09,Beverage/Drink,9
npa,Food level,EATOCC,10,Feeding-infant,10
npa,Food level,EATOCC,11,Extended consumption,11
npa,Food level,EATOCC,91,Other,91
npa,Food level,EATOCC,99,Not determined,99
npa,Food level,EATTIMEC,9999,Not determined,9999
npa,Food level,DISCFLG,0,Non-discretionary,0
npa,Food level,DISCFLG,1,Discretionary,1
npa,Food level,COMBCODE,00,Not applicable,0
npa,Food level,COMBCODE,01,Beverage with additions,1
npa,Food level,COMBCODE,02,Cereal with additions,2
npa,Food level,COMBCODE,03,Bread/baked products with additions,3
npa,Food level,COMBCODE,04,Salad,4
npa,Food level,COMBCODE,05,Sandwiches/wraps/rolls with fillings,5
npa,Food level,COMBCODE,06,Soup,6
npa,Food level,COMBCODE,07,Frozen meal,7
npa,Food level,COMBCODE,08,Ice cream/frozen yoghurt with addtions,8
npa,Food level,COMBCODE,09,Vegetables with additions,9
npa,Food level,COMBCODE,10,Fruit with additions,10
npa,Food level,COMBCODE,11,Tortilla products,11
npa,Food level,COMBCODE,12,"Meat, poultry, fish",12
npa,Food level,COMBCODE,14,Chips,14
npa,Food level,COMBCODE,99,Other mixtures,99
npa,Supplement level,LNUMC,0,Not applicable,0
npa,Supplement level,LNUMC,10000,to 999999. Continuous,10000
npa,Supplement level,SUPPFORM,0,Not applicable,0
npa,Supplement level,SUPPFORM,1,Capsule,1
npa,Supplement level,SUPPFORM,2,Tablet,2
npa,Supplement level,SUPPFORM,3,Liquid,3
npa,Supplement level,SUPPFORM,4,Powder,4
npa,Supplement level,SUPPFORM,5,Gel,5
npa,Supplement level,SUPPFORM,6,Other,6
npa,Supplement level,SUPUNIT,0,Not applicable,0
npa,Supplement level,SUPUNIT,1,"Capsule, tablet or lozenge",1
npa,Supplement level,SUPUNIT,2,ml,2
npa,Supplement level,SUPUNIT,3,g,3
npa,Supplement level,SUPUNIT,4,Other,4
npa,Biomedical level,FASTSTAD,0,Not applicable,0
npa,Biomedical level,FASTSTAD,1,Fasted (8 hours or more),1
npa,Biomedical level,FASTSTAD,2,Did not fast,2
npa,Biomedical level,BIORESPC,0,Not applicable,0
npa,Biomedical level,BIORESPC,1,Did not proceed to Biomedical component,1
npa,Biomedical level,BIORESPC,2,Biomedical participant,2
npa,Biomedical level,MONTHCOL,01,January,1
npa,Biomedical level,MONTHCOL,02,February,2
npa,Biomedical level,MONTHCOL,03,March,3
npa,Biomedical level,MONTHCOL,04,April,4
npa,Biomedical level,MONTHCOL,05,May,5
npa,Biomedical level,MONTHCOL,06,June,6
npa,Biomedical level,MONTHCOL,07,July,7
npa,Biomedical level,MONTHCOL,08,August,8
npa,Biomedical level,MONTHCOL,09,September,9
npa,Biomedical level,MONTHCOL,10,October,10
npa,Biomedical level,MONTHCOL,11,November,11
npa,Biomedical level,MONTHCOL,12,December,12
npa,Biomedical level,MONTHCOL,97,Not applicable,97
npa,Biomedical level,MONTHCOL,98,Not reported,98
npa,Biomedical level,CHOLNTR,0,Not applicable,0
npa,Biomedical level,CHOLNTR,1,Normal total cholesterol,1
npa,Biomedical level,CHOLNTR,2,Abnormal total cholesterol,2
npa,Biomedical level,CHOLNTR,8,Not reported,8
npa,Biomedical level,CHOLRESB,01,Less than 4.0,1
npa,Biomedical level,CHOLRESB,02,4.0 to less than 4.5,2
npa,Biomedical level,CHOLRESB,03,4.5 to less than 5.0,3
npa,Biomedical level,CHOLRESB,04,5.0 to less than 5.5,4
npa,Biomedical level,CHOLRESB,05,5.5 to less than 6.0,5
npa,Biomedical level,CHOLRESB,06,6.0 to less than 6.5,6
npa,Biomedical level,CHOLRESB,07,6.5 to less than 7.0,7
npa,Biomedical level,CHOLRESB,08,7.0 or more,8
npa,Biomedical level,CHOLRESB,97,Not applicable,97
npa,Biomedical level,CHOLRESB,98,Not reported,98
npa,Biomedical level,HDLCHNTR,0,Not applicable,0
npa,Biomedical level,HDLCHNTR,1,Normal HDL cholesterol (non sex dependent),1
npa,Biomedical level,HDLCHNTR,2,Abnormal HDL cholesterol (non sex dependent),2
npa,Biomedical level,HDLCHNTR,8,Not reported,8
npa,Biomedical level,HDLCHSEX,0,Not applicable,0
npa,Biomedical level,HDLCHSEX,1,Normal HDL cholesterol (sex dependent),1
npa,Biomedical level,HDLCHSEX,2,Abnormal HDL cholesterol (sex dependent),2
npa,Biomedical level,HDLCHSEX,8,Not reported,8
npa,Biomedical level,HDLCHREB,1,Less than 1.0,1
npa,Biomedical level,HDLCHREB,2,1.0 to less than 1.3,2
npa,Biomedical level,HDLCHREB,3,1.3 to less than 1.5,3
npa,Biomedical level,HDLCHREB,4,1.5 to less than 2.0,4
npa,Biomedical level,HDLCHREB,5,2.0 to less than 2.5,5
npa,Biomedical level,HDLCHREB,6,2.5 or more,6
npa,Biomedical level,HDLCHREB,7,Not applicable,7
npa,Biomedical level,HDLCHREB,8,Not reported,8
npa,Biomedical level,LDLNTR,0,Not applicable,0
npa,Biomedical level,LDLNTR,1,Normal LDL cholesterol,1
npa,Biomedical level,LDLNTR,2,Abnormal LDL cholesterol,2
npa,Biomedical level,LDLNTR,8,Not reported,8
npa,Biomedical level,LDLRESB,01,Less than 1.5,1
npa,Biomedical level,LDLRESB,02,1.5 to less than 2.0,2
npa,Biomedical level,LDLRESB,03,2.0 to less than 2.5,3
npa,Biomedical level,LDLRESB,04,2.5 to less than 3.0,4
npa,Biomedical level,LDLRESB,05,3.0 to less than 3.5,5
npa,Biomedical level,LDLRESB,06,3.5 to less than 4.0,6
npa,Biomedical level,LDLRESB,07,4.0 to less than 4.5,7
npa,Biomedical level,LDLRESB,08,4.5 or more,8
npa,Biomedical level,LDLRESB,97,Not applicable,97
npa,Biomedical level,LDLRESB,98,Not reported,98
npa,Biomedical level,TRIGNTR,0,Not applicable,0
npa,Biomedical level,TRIGNTR,1,Normal triglycerides,1
npa,Biomedical level,TRIGNTR,2,Abnormal triglycerides,2
npa,Biomedical level,TRIGNTR,8,Not reported,8
npa,Biomedical level,TRIGRESB,01,Less than 0.5,1
npa,Biomedical level,TRIGRESB,02,0.5 to less than 1.0,2
npa,Biomedical level,TRIGRESB,03,1.0 to less than 1.5,3
npa,Biomedical level,TRIGRESB,04,1.5 to less than 2.0,4
npa,Biomedical level,TRIGRESB,05,2.0 to less than 2.5,5
npa,Biomedical level,TRIGRESB,06,2.5 to less than 3.0,6
npa,Biomedical level,TRIGRESB,07,3.0 or more,7
npa,Biomedical level,TRIGRESB,97,Not applicable,97
npa,Biomedical level,TRIGRESB,98,Not reported,98
npa,Biomedical level,APOBNTR,0,Not applicable,0
npa,Biomedical level,APOBNTR,1,Normal ApoB,1
npa,Biomedical level,APOBNTR,2,Abnormal ApoB,2
npa,Biomedical level,APOBNTR,8,Not reported,8
npa,Biomedical level,APOBRESB,01,0.7 or less,1
npa,Biomedical level,APOBRESB,02,More than 0.7 to 0.8,2
npa,Biomedical level,APOBRESB,03,More than 0.8 to 0.9,3
npa,Biomedical level,APOBRESB,04,More than 0.9 to 1.0,4
npa,Biomedical level,APOBRESB,05,More than 1.0 to 1.1,5
npa,Biomedical level,APOBRESB,06,More than 1.1 to 1.2,6
npa,Biomedical level,APOBRESB,07,More than 1.2 to 1.3,7
npa,Biomedical level,APOBRESB,08,More than 1.3 to 1.4,8
npa,Biomedical level,APOBRESB,09,More than 1.4,9
npa,Biomedical level,APOBRESB,97,Not applicable,97
npa,Biomedical level,APOBRESB,98,Not reported,98
npa,Biomedical level,CVDMEDST,0,Not applicable,0
npa,Biomedical level,CVDMEDST,1,Has dyslipidaemia (using lipid medication and has abnormal lipid levels),1
npa,Biomedical level,CVDMEDST,2,Has dyslipidaemia (using lipid medication and has normal lipid levels),2
npa,Biomedical level,CVDMEDST,3,Has dyslipidaemia (not using lipid medication and has abnormal results),3
npa,Biomedical level,CVDMEDST,4,Does not have dyslipidaemia,4
npa,Biomedical level,CVDMEDST,8,Not reported,8
npa,Biomedical level,GLUCFPD,0,Not applicable,0
npa,Biomedical level,GLUCFPD,1,Fasting plasma glucose indicates no diabetes,1
npa,Biomedical level,GLUCFPD,2,Impaired fasting plasma glucose,2
npa,Biomedical level,GLUCFPD,3,Fasting plasma glucose indicates diabetes,3
npa,Biomedical level,GLUCFPD,8,Not reported,8
npa,Biomedical level,GLUCFREB,01,Less than 4.5,1
npa,Biomedical level,GLUCFREB,02,4.5 to less than 5.0,2
npa,Biomedical level,GLUCFREB,03,5.0 to less than 5.5,3
npa,Biomedical level,GLUCFREB,04,5.5 to less than 6.1,4
npa,Biomedical level,GLUCFREB,05,6.1 to less than 7.0,5
npa,Biomedical level,GLUCFREB,06,7.0 to less than 7.5,6
npa,Biomedical level,GLUCFREB,07,7.5 or more,7
npa,Biomedical level,GLUCFREB,97,Not applicable,97
npa,Biomedical level,GLUCFREB,98,Not reported,98
npa,Biomedical level,DIAHBRSK,0,Not applicable,0
npa,Biomedical level,DIAHBRSK,1,Normal - HbA1c <6.0%,1
npa,Biomedical level,DIAHBRSK,2,At risk of diabetes - HbA1c 6.0 - 6.4 %,2
npa,Biomedical level,DIAHBRSK,3,Indicates diabetes - HbA1c greater than or equal to 6.5%,3
npa,Biomedical level,DIAHBRSK,8,Not reported,8
npa,Biomedical level,HBA1PREB,1,Less than 5.0,1
npa,Biomedical level,HBA1PREB,2,5.0 to less than 5.5,2
npa,Biomedical level,HBA1PREB,3,5.5 to less than 6.0,3
npa,Biomedical level,HBA1PREB,4,6.0 to less than 6.5,4
npa,Biomedical level,HBA1PREB,5,6.5 to less than 7.0,5
npa,Biomedical level,HBA1PREB,6,7.0 or more,6
npa,Biomedical level,HBA1PREB,7,Not applicable,7
npa,Biomedical level,HBA1PREB,8,Not reported,8
npa,Biomedical level,DIAHMRSK,0,Not applicable,0
npa,Biomedical level,DIAHMRSK,1,Normal - HbA1c <42 mmol/mol,1
npa,Biomedical level,DIAHMRSK,2,At risk of diabetes - HbA1c 42-47 mmol/mol,2
npa,Biomedical level,DIAHMRSK,3,Indicates diabetes - HbA1c greater than or equal to 48 mmol/mol,3
npa,Biomedical level,DIAHMRSK,8,Not reported,8
npa,Biomedical level,HBA1MREB,1,Less than 36,1
npa,Biomedical level,HBA1MREB,2,36 to less than 39,2
npa,Biomedical level,HBA1MREB,3,39 to less than 42,3
npa,Biomedical level,HBA1MREB,4,42 to less than 45,4
npa,Biomedical level,HBA1MREB,5,45 to less than 48,5
npa,Biomedical level,HBA1MREB,6,48 or more,6
npa,Biomedical level,HBA1MREB,7,Not applicable,7
npa,Biomedical level,HBA1MREB,8,Not stated,8
npa,Biomedical level,DIABPRVE,0,Not applicable,0
npa,Biomedical level,DIABPRVE,1,Has diabetes - Known diabetes,1
npa,Biomedical level,DIABPRVE,2,Has diabetes - Newly diagnosed diabetes,2
npa,Biomedical level,DIABPRVE,3,Does not have diabetes - Normal,3
npa,Biomedical level,DIABPRVE,4,Does not have diabetes - At risk of diabetes,4
npa,Biomedical level,DIABPRVE,8,Not reported,8
npa,Biomedical level,DIABFPGE,0,Not applicable,0
npa,Biomedical level,DIABFPGE,1,Has diabetes - Known diabetes,1
npa,Biomedical level,DIABFPGE,2,Has diabetes - Newly diagnosed diabetes,2
npa,Biomedical level,DIABFPGE,3,Does not have diabetes - Normal fasting plasma glucose,3
npa,Biomedical level,DIABFPGE,4,Does not have diabetes - Impaired fasting plasma glucose,4
npa,Biomedical level,DIABFPGE,8,Not reported,8
npa,Biomedical level,ACRNTR,0,Not applicable,0
npa,Biomedical level,ACRNTR,1,No presence of albuminuria,1
npa,Biomedical level,ACRNTR,2,Presence of albuminuria,2
npa,Biomedical level,ACRNTR,8,Not reported,8
npa,Biomedical level,ACRIPA,0,Not applicable,0
npa,Biomedical level,ACRIPA,1,Normoalbuminuria,1
npa,Biomedical level,ACRIPA,2,Microalbuminuria,2
npa,Biomedical level,ACRIPA,3,Macroalbuminuria,3
npa,Biomedical level,ACRIPA,8,Not reported,8
npa,Biomedical level,EGFRIMP,0,Not applicable,0
npa,Biomedical level,EGFRIMP,1,Normal eGFR,1
npa,Biomedical level,EGFRIMP,2,Impaired eGFR,2
npa,Biomedical level,EGFRIMP,8,Not reported,8
npa,Biomedical level,EGFRKDSA,0,Not applicable,0
npa,Biomedical level,EGFRKDSA,1,No indicators of CKD,1
npa,Biomedical level,EGFRKDSA,2,Stage 1,2
npa,Biomedical level,EGFRKDSA,3,Stage 2,3
npa,Biomedical level,EGFRKDSA,4,Stage 3a,4
npa,Biomedical level,EGFRKDSA,5,Stage 3b,5
npa,Biomedical level,EGFRKDSA,6,Stage 4-5,6
npa,Biomedical level,EGFRKDSA,8,Not reported,8
npa,Biomedical level,EGFRRESB,1,90 or more,1
npa,Biomedical level,EGFRRESB,2,75 to 89,2
npa,Biomedical level,EGFRRESB,3,60 to 74,3
npa,Biomedical level,EGFRRESB,4,45 to 59,4
npa,Biomedical level,EGFRRESB,5,30 to 44,5
npa,Biomedical level,EGFRRESB,6,Less than 30,6
npa,Biomedical level,EGFRRESB,7,Not applicable,7
npa,Biomedical level,EGFRRESB,8,Not reported,8
npa,Biomedical level,ALTNTR,0,Not applicable,0
npa,Biomedical level,ALTNTR,1,Normal ALT,1
npa,Biomedical level,ALTNTR,2,Abnormal ALT,2
npa,Biomedical level,ALTNTR,8,Not reported,8
npa,Biomedical level,ALTRESB,1,Less than 10,1
npa,Biomedical level,ALTRESB,2,10 to less than 15,2
npa,Biomedical level,ALTRESB,3,15 to less than 20,3
npa,Biomedical level,ALTRESB,4,20 to less than 25,4
npa,Biomedical level,ALTRESB,5,25 to less than 30,5
npa,Biomedical level,ALTRESB,6,30 to less than 35,6
npa,Biomedical level,ALTRESB,7,35 to less than 40,7
npa,Biomedical level,ALTRESB,8,40 to less than 45,8
npa,Biomedical level,ALTRESB,9,45 to less than 50,9
npa,Biomedical level,ALTRESB,10,50 or more,10
npa,Biomedical level,ALTRESB,97,Not applicable,97
npa,Biomedical level,ALTRESB,98,Not reported,98
npa,Biomedical level,GGTNTR,1,Normal GGT,1
npa,Biomedical level,GGTNTR,2,Abnormal GGT,2
npa,Biomedical level,GGTNTR,8,Not reported,8
npa,Biomedical level,GGTRESB,1,10 or less,1
npa,Biomedical level,GGTRESB,2,More than 10 to 15,2
npa,Biomedical level,GGTRESB,3,More than 15 to 20,3
npa,Biomedical level,GGTRESB,4,More than 20 to 25,4
npa,Biomedical level,GGTRESB,5,More than 25 to 30,5
npa,Biomedical level,GGTRESB,6,More than 30 to 35,6
npa,Biomedical level,GGTRESB,7,More than 35 to 40,7
npa,Biomedical level,GGTRESB,8,More than 40 to 45,8
npa,Biomedical level,GGTRESB,9,More than 45 to 50,9
npa,Biomedical level,GGTRESB,10,More than 50 to 55,10
npa,Biomedical level,GGTRESB,11,More than 55 to 60,11
npa,Biomedical level,GGTRESB,12,More than 60,12
npa,Biomedical level,GGTRESB,97,Not applicable,97
npa,Biomedical level,GGTRESB,98,Not reported,98
npa,Biomedical level,COTINIES,0,Not applicable,0
npa,Biomedical level,COTINIES,1,Cotinine levels greater than or equal to 140nmol/L,1
npa,Biomedical level,COTINIES,2,Cotinine levels less than 140nmol/L,2
npa,Biomedical level,COTINIES,8,Not reported,8
npa,Biomedical level,FOLATREB,1,Less than 8.0,1
npa,Biomedical level,FOLATREB,2,8.0 to less than 11.0,2
npa,Biomedical level,FOLATREB,3,11.0 to less than 15.0,3
npa,Biomedical level,FOLATREB,4,15.0 to less than 20.0,4
npa,Biomedical level,FOLATREB,5,20.0 to less than 25.0,5
npa,Biomedical level,FOLATREB,6,25.0 to less than 30.0,6
npa,Biomedical level,FOLATREB,7,30.0 to less than 35.0,7
npa,Biomedical level,FOLATREB,8,35.0 to less than 40.0,8
npa,Biomedical level,FOLATREB,9,40.0 to less than 45.0,9
npa,Biomedical level,FOLATREB,10,45.0 or more,10
npa,Biomedical level,FOLATREB,97,Not applicable,97
npa,Biomedical level,FOLATREB,98,Not reported,98
npa,Biomedical level,B12RESB,1,Less than 145,1
npa,Biomedical level,B12RESB,2,145 to less than 180,2
npa,Biomedical level,B12RESB,3,180 to less than 220,3
npa,Biomedical level,B12RESB,4,220 to less than 300,4
npa,Biomedical level,B12RESB,5,300 to less than 400,5
npa,Biomedical level,B12RESB,6,400 to less than 500,6
npa,Biomedical level,B12RESB,7,500 to less than 600,7
npa,Biomedical level,B12RESB,8,600 to less than 800,8
npa,Biomedical level,B12RESB,9,800 or more,9
npa,Biomedical level,B12RESB,97,Not applicable,97
npa,Biomedical level,B12RESB,98,Not reported,98
npa,Biomedical level,HBDAP,0,Not applicable,0
npa,Biomedical level,HBDAP,1,Normal haemoglobin,1
npa,Biomedical level,HBDAP,2,At risk of anaemia,2
npa,Biomedical level,HBDAP,8,Not reported,8
npa,Biomedical level,FERRCRPB,1,Less than 12,1
npa,Biomedical level,FERRCRPB,2,12 to less than 15,2
npa,Biomedical level,FERRCRPB,3,15 to less than 20,3
npa,Biomedical level,FERRCRPB,4,20 to less than 30,4
npa,Biomedical level,FERRCRPB,5,30 to less than 50,5
npa,Biomedical level,FERRCRPB,6,50 to less than 150,6
npa,Biomedical level,FERRCRPB,7,150 to less than 200,7
npa,Biomedical level,FERRCRPB,8,200 to less than 300,8
npa,Biomedical level,FERRCRPB,9,300 to less than 500,9
npa,Biomedical level,FERRCRPB,10,500 to less than 750,10
npa,Biomedical level,FERRCRPB,11,750 or more,11
npa,Biomedical level,FERRCRPB,97,Not applicable,97
npa,Biomedical level,FERRCRPB,98,Not stated,98
npa,Biomedical level,SOLTRREB,1,1.5 or less,1
npa,Biomedical level,SOLTRREB,2,More than 1.5 to 2.0,2
npa,Biomedical level,SOLTRREB,3,More than 2.0 to 2.5,3
npa,Biomedical level,SOLTRREB,4,More than 2.5 to 3.0,4
npa,Biomedical level,SOLTRREB,5,More than 3.0 to 4.0,5
npa,Biomedical level,SOLTRREB,6,More than 4.0,6
npa,Biomedical level,SOLTRREB,7,Not applicable,7
npa,Biomedical level,SOLTRREB,8,Not reported,8
npa,Biomedical level,VDLCMRGT,0,Not applicable,0
npa,Biomedical level,VDLCMRGT,1,Adequate vitamin D levels (>= 50 nmol/L),1
npa,Biomedical level,VDLCMRGT,2,Mild vitamin D deficiency (30-49 nmol/L),2
npa,Biomedical level,VDLCMRGT,3,Moderate/Severe vitamin D deficiency (<30 nmol/L),3
npa,Biomedical level,VDLCMRGT,8,Not reported,8
npa,Biomedical level,VDLCMREB,1,Less than 20,1
npa,Biomedical level,VDLCMREB,2,20 to less than 30,2
npa,Biomedical level,VDLCMREB,3,30 to less than 40,3
npa,Biomedical level,VDLCMREB,4,40 to less than 50,4
npa,Biomedical level,VDLCMREB,5,50 to less than 60,5
npa,Biomedical level,VDLCMREB,6,60 to less than 70,6
npa,Biomedical level,VDLCMREB,7,70 to less than 80,7
npa,Biomedical level,VDLCMREB,8,80 to less than 90,8
npa,Biomedical level,VDLCMREB,9,90 to less than 100,9
npa,Biomedical level,VDLCMREB,10,100 to less than 110,10
npa,Biomedical level,VDLCMREB,11,110 to less than 120,11
npa,Biomedical level,VDLCMREB,12,120 to less than 130,12
npa,Biomedical level,VDLCMREB,13,130 or more,13
npa,Biomedical level,VDLCMREB,97,Not applicable,97
npa,Biomedical level,VDLCMREB,98,Not reported,98
npa,ADG level,ADGFOOD,1,Grain and cereals (serves),1
npa,ADG level,ADGFOOD,2,Wholgrain or high fibre grain and cereals (serves),2
npa,ADG level,ADGFOOD,3,Refined grains and cereals (serves),3
npa,ADG level,ADGFOOD,4,Vegetables and legumes (serves),4
npa,ADG level,ADGFOOD,5,Green and Brassica Vegetables (serves),5
npa,ADG level,ADGFOOD,6,Orange vegeatebles,6
npa,ADG level,ADGFOOD,7,Starchy vegetables,7
npa,ADG level,ADGFOOD,8,Legumes as a vegetable (serves),8
npa,ADG level,ADGFOOD,9,Other vegetables (serves),9
npa,ADG level,ADGFOOD,10,Fruit (serves),10
npa,ADG level,ADGFOOD,11,Fresh/canned fruit (serves),11
npa,ADG level,ADGFOOD,12,Dried fruit (serves),12
npa,ADG level,ADGFOOD,13,Fruit juice (serves),13
npa,ADG level,ADGFOOD,14,"Milk, yoghurt, cheese and/or alternatives (serves)",14
npa,ADG level,ADGFOOD,15,Higher fat dairy foods (>10 pc. fat),15
npa,ADG level,ADGFOOD,16,Higher fat cheese (serves),16
npa,ADG level,ADGFOOD,17,Higher fat milk powder only (serves),17
npa,ADG level,ADGFOOD,18,Medium fat (MF) dairy foods (4-10g% fat),18
npa,ADG level,ADGFOOD,19,Medium fat milk (serves),19
npa,ADG level,ADGFOOD,20,Medium fat evaporated milk (serves),20
npa,ADG level,ADGFOOD,21,Medium fat condensed milk (serves),21
npa,ADG level,ADGFOOD,22,"Medium fat cheese, hard and soft (serves)",22
npa,ADG level,ADGFOOD,23,"Medium fat cheese, fresh (serves)",23
npa,ADG level,ADGFOOD,24,"Medium fat yoghurt, dairy based (serves)",24
npa,ADG level,ADGFOOD,25,"Medium fat milk alternative beverage, calcium enriched (serves)",25
npa,ADG level,ADGFOOD,26,Medium fat dairy-based snack foods (serves),26
npa,ADG level,ADGFOOD,27,Lower fat (LF) dairy foods (<4% fat),27
npa,ADG level,ADGFOOD,28,Lower fat milk (serves),28
npa,ADG level,ADGFOOD,29,Lower fat evaporated milk (serves),29
npa,ADG level,ADGFOOD,30,Lower fat condensed milk (serves),30
npa,ADG level,ADGFOOD,31,"Lower fat cheese, hard and soft (serves)",31
npa,ADG level,ADGFOOD,32,"Lower fat cheese, fresh (serves)",32
npa,ADG level,ADGFOOD,33,"Lower fat yoghurt, dairy based (serves)",33
npa,ADG level,ADGFOOD,34,"Lower fat milk alternative beverage, calcium enriched (serves)",34
npa,ADG level,ADGFOOD,35,Lower fat dairy-based snack foods (serves),35
npa,ADG level,ADGFOOD,36,Lower fat milk powder only (serves),36
npa,ADG level,ADGFOOD,37,"Meats, poultry, fish, eggs, tofu, nuts and seeds and legumes/beans (serves)",37
npa,ADG level,ADGFOOD,38,"Meats, poultry and alternatives, ADG criteria (serves)",38
npa,ADG level,ADGFOOD,39,Red meat unprocessed (<10 pc. fat) (serves),39
npa,ADG level,ADGFOOD,40,Poultry unprocessed (<10 pc. fat) (serves),40
npa,ADG level,ADGFOOD,41,Fish and seafood (serves),41
npa,ADG level,ADGFOOD,42,Eggs (serves),42
npa,ADG level,ADGFOOD,43,Legumes as meat alternative (serves),43
npa,ADG level,ADGFOOD,44,Nuts and seeds (serves),44
npa,ADG level,ADGFOOD,45,"Meats, poultry and alternatives, non-ADG criteria (discretionary) (serves)",45
npa,ADG level,ADGFOOD,46,Red meat unprocessed (=10 pc. fat) (serves),46
npa,ADG level,ADGFOOD,47,Red meat processed (<10 pc fat) (serves),47
npa,ADG level,ADGFOOD,48,Red meat processed (=10 pc. fat) (serves),48
npa,ADG level,ADGFOOD,49,Poultry unprocessed (=10 pc. fat) (serves),49
npa,ADG level,ADGFOOD,50,Poultry processed (<10 pc. fat) (serves),50
npa,ADG level,ADGFOOD,51,Poultry processed (=10 pc. fat) (serves),51
npa,ADG level,ADGFOOD,52,Unsaturated spreads and oils (serves),52
npa,ADG level,ADGINC,1,Non-discretionary only,1
npa,ADG level,ADGINC,2,Discretionary only,2
npa,ADG level,ADGINC,3,Both non-discretionary and discretionary,3
inp,Administrative,SEASON2,1,Summer,1
inp,Administrative,SEASON2,2,Autumn,2
inp,Administrative,SEASON2,3,Winter,3
inp,Administrative,SEASON2,4,Spring,4
inp,Administrative,SEASONC,1,Summer,1
inp,Administrative,SEASONC,2,Autumn,2
inp,Administrative,SEASONC,3,Winter,3
inp,Administrative,SEASONC,4,Spring,4
inp,Administrative,DAY2,00,Not Applicable,0
inp,Administrative,MONTH1,01,January,1
inp,Administrative,MONTH1,02,February,2
inp,Administrative,MONTH1,03,March,3
inp,Administrative,MONTH1,04,April,4
inp,Administrative,MONTH1,06,June,6
inp,Administrative,MONTH1,07,July,7
inp,Administrative,MONTH1,08,August,8
inp,Administrative,MONTH1,09,September,9
inp,Administrative,MONTH1,10,October,10
inp,Administrative,MONTH1,11,November,11
inp,Administrative,MONTH1,12,December,12
inp,Administrative,MONTH2,00,Not Applicable,0
inp,Administrative,MONTH2,01,January,1
inp,Administrative,MONTH2,02,February,2
inp,Administrative,MONTH2,03,March,3
inp,Administrative,MONTH2,04,April,4
inp,Administrative,MONTH2,06,June,6
inp,Administrative,MONTH2,07,July,7
inp,Administrative,MONTH2,08,August,8
inp,Administrative,MONTH2,09,September,9
inp,Administrative,MONTH2,10,October,10
inp,Administrative,MONTH2,11,November,11
inp,Administrative,MONTH2,12,December,12
inp,Administrative,YEAR2,00,Not Applicable,0
inp,Administrative,SMKPAROX,0,Not applicable,0
inp,Administrative,SMKPAROX,1,Parent (or proxy) answered questions,1
inp,Administrative,SMKPAROX,2,Parent present for all smoking questions,2
inp,Administrative,SMKPAROX,3,Parent present for some smoking questions,3
inp,Administrative,SMKPAROX,4,Parent not present for smoking questions,4
inp,Administrative,CPAQ70,0,Not applicable,0
inp,Administrative,CPAQ70,1,"Child answered questions, no proxy assistance",1
inp,Administrative,CPAQ70,2,"Child answered questions, proxy assisted",2
inp,Administrative,CPAQ70,3,"Proxy answered questions, child assisted",3
inp,Administrative,CPAQ70,4,"Proxy answered questions, no child assistance",4
inp,Administrative,PRASDIET,0,Not applicable,0
inp,Administrative,PRASDIET,1,"Child answered questions, no proxy assistance",1
inp,Administrative,PRASDIET,2,"Child answered questions, proxy assisted",2
inp,Administrative,PRASDIET,3,"Proxy answered questions, child assisted",3
inp,Administrative,PRASDIET,4,"Proxy answered questions, no child assistance",4
inp,Administrative,PRASDIET,5,Not known,5
inp,Administrative,PRXDIETC,0,Not applicable,0
inp,Administrative,PRXDIETC,1,"Child answered questions, no proxy assistance",1
inp,Administrative,PRXDIETC,2,"Child answered questions, proxy assisted",2
inp,Administrative,PRXDIETC,3,"Proxy answered questions, child assisted",3
inp,Administrative,PRXDIETC,4,"Proxy answered questions, no child assistance",4
inp,Administrative,PRXDIETC,5,No CATI nutrition data,5
inp,Administrative,PRXDIETC,6,Not known,6
inp,Household level,RAECURF,1,Non-remote,1
inp,Household level,RAECURF,2,Remote,2
inp,Household level,HHTYPC,1,Person living alone,1
inp,Household level,HHTYPC,2,Couple only,2
inp,Household level,HHTYPC,3,Couple family with children (includes households with one other relative),3
inp,Household level,HHTYPC,4,One parent family with children (includes households with one other relative),4
inp,Household level,HHTYPC,5,Unrelated persons aged 15+ only,5
inp,Household level,HHTYPC,6,All other households,6
inp,Household level,WINDGHH,1,Aboriginal and Torres Strait Islander members only in household,1
inp,Household level,WINDGHH,2,Non-Indigenous and Aboriginal and Torres Strait Islander members in household,2
inp,Household level,NUMPERHH,0,None,0
inp,Household level,NUMPERHH,1,One,1
inp,Household level,NUMPERHH,2,Two,2
inp,Household level,NUMPERHH,3,Three,3
inp,Household level,NUMPERHH,4,Four,4
inp,Household level,NUMPERHH,5,Five,5
inp,Household level,NUMPERHH,6,Six,6
inp,Household level,NUMPERHH,7,Seven,7
inp,Household level,NUMPERHH,8,Eight,8
inp,Household level,NUMPERHH,9,Nine,9
inp,Household level,NUMPERHH,10,Ten or more,10
inp,Household level,NOATSIHH,0,None,0
inp,Household level,NOATSIHH,1,One,1
inp,Household level,NOATSIHH,2,Two,2
inp,Household level,NOATSIHH,3,Three,3
inp,Household level,NOATSIHH,4,Four,4
inp,Household level,NOATSIHH,5,Five,5
inp,Household level,NOATSIHH,6,Six,6
inp,Household level,NOATSIHH,7,Seven,7
inp,Household level,NOATSIHH,8,Eight,8
inp,Household level,NOATSIHH,9,Nine,9
inp,Household level,NOATSIHH,10,Ten or more,10
inp,Household level,HHADULEC,0,None,0
inp,Household level,HHADULEC,1,One,1
inp,Household level,HHADULEC,2,Two,2
inp,Household level,HHADULEC,3,Three,3
inp,Household level,HHADULEC,4,Four,4
inp,Household level,HHADULEC,5,Five,5
inp,Household level,HHADULEC,6,Six,6
inp,Household level,HHADULEC,7,Seven,7
inp,Household level,HHADULEC,8,Eight,8
inp,Household level,HHADULEC,9,Nine,9
inp,Household level,HHADULEC,10,Ten or more,10
inp,Household level,ATSI18OV,0,None,0
inp,Household level,ATSI18OV,1,One,1
inp,Household level,ATSI18OV,2,Two,2
inp,Household level,ATSI18OV,3,Three,3
inp,Household level,ATSI18OV,4,Four,4
inp,Household level,ATSI18OV,5,Five,5
inp,Household level,ATSI18OV,6,Six,6
inp,Household level,ATSI18OV,7,Seven,7
inp,Household level,ATSI18OV,8,Eight,8
inp,Household level,ATSI18OV,9,Nine,9
inp,Household level,ATSI18OV,10,Ten or more,10
inp,Household level,NUMKHHEC,0,None,0
inp,Household level,NUMKHHEC,1,One,1
inp,Household level,NUMKHHEC,2,Two,2
inp,Household level,NUMKHHEC,3,Three,3
inp,Household level,NUMKHHEC,4,Four,4
inp,Household level,NUMKHHEC,5,Five,5
inp,Household level,NUMKHHEC,6,Six,6
inp,Household level,NUMKHHEC,7,Seven,7
inp,Household level,NUMKHHEC,8,Eight,8
inp,Household level,NUMKHHEC,9,Nine,9
inp,Household level,NUMKHHEC,10,Ten or more,10
inp,Household level,ATSI0T17,0,None,0
inp,Household level,ATSI0T17,1,One,1
inp,Household level,ATSI0T17,2,Two,2
inp,Household level,ATSI0T17,3,Three,3
inp,Household level,ATSI0T17,4,Four,4
inp,Household level,ATSI0T17,5,Five,5
inp,Household level,ATSI0T17,6,Six,6
inp,Household level,ATSI0T17,7,Seven,7
inp,Household level,ATSI0T17,8,Eight,8
inp,Household level,ATSI0T17,9,Nine,9
inp,Household level,ATSI0T17,10,Ten or more,10
inp,Household level,HH15OV,0,None,0
inp,Household level,HH15OV,1,One,1
inp,Household level,HH15OV,2,Two,2
inp,Household level,HH15OV,3,Three,3
inp,Household level,HH15OV,4,Four,4
inp,Household level,HH15OV,5,Five,5
inp,Household level,HH15OV,6,Six,6
inp,Household level,HH15OV,7,Seven,7
inp,Household level,HH15OV,8,Eight,8
inp,Household level,HH15OV,9,Nine,9
inp,Household level,HH15OV,10,Ten or more,10
inp,Household level,ATSI15OV,0,None,0
inp,Household level,ATSI15OV,1,One,1
inp,Household level,ATSI15OV,2,Two,2
inp,Household level,ATSI15OV,3,Three,3
inp,Household level,ATSI15OV,4,Four,4
inp,Household level,ATSI15OV,5,Five,5
inp,Household level,ATSI15OV,6,Six,6
inp,Household level,ATSI15OV,7,Seven,7
inp,Household level,ATSI15OV,8,Eight,8
inp,Household level,ATSI15OV,9,Nine,9
inp,Household level,ATSI15OV,10,Ten or more,10
inp,Household level,HHC0T14,0,None,0
inp,Household level,HHC0T14,1,One,1
inp,Household level,HHC0T14,2,Two,2
inp,Household level,HHC0T14,3,Three,3
inp,Household level,HHC0T14,4,Four,4
inp,Household level,HHC0T14,5,Five,5
inp,Household level,HHC0T14,6,Six,6
inp,Household level,HHC0T14,7,Seven,7
inp,Household level,HHC0T14,8,Eight,8
inp,Household level,HHC0T14,9,Nine,9
inp,Household level,HHC0T14,10,Ten or more,10
inp,Household level,ATSI0T14,0,None,0
inp,Household level,ATSI0T14,1,One,1
inp,Household level,ATSI0T14,2,Two,2
inp,Household level,ATSI0T14,3,Three,3
inp,Household level,ATSI0T14,4,Four,4
inp,Household level,ATSI0T14,5,Five,5
inp,Household level,ATSI0T14,6,Six,6
inp,Household level,ATSI0T14,7,Seven,7
inp,Household level,ATSI0T14,8,Eight,8
inp,Household level,ATSI0T14,9,Nine,9
inp,Household level,ATSI0T14,10,Ten or more,10
inp,Household level,INCDECE,0,Not applicable,0
inp,Household level,INCDECE,1,First decile,1
inp,Household level,INCDECE,2,Second decile,2
inp,Household level,INCDECE,3,Third decile,3
inp,Household level,INCDECE,4,Fourth decile,4
inp,Household level,INCDECE,5,Fifth decile,5
inp,Household level,INCDECE,6,Sixth decile,6
inp,Household level,INCDECE,7,Seventh decile,7
inp,Household level,INCDECE,8,Eighth decile,8
inp,Household level,INCDECE,9,Ninth decile,9
inp,Household level,INCDECE,10,Tenth decile,10
inp,Household level,INCDECE,98,Not stated,98
inp,Household level,INCDECE,99,Not known,99
inp,Household level,INCDECEP,0,Not applicable,0
inp,Household level,INCDECEP,1,First decile,1
inp,Household level,INCDECEP,2,Second decile,2
inp,Household level,INCDECEP,3,Third decile,3
inp,Household level,INCDECEP,4,Fourth decile,4
inp,Household level,INCDECEP,5,Fifth decile,5
inp,Household level,INCDECEP,6,Sixth decile,6
inp,Household level,INCDECEP,7,Seventh decile,7
inp,Household level,INCDECEP,8,Eighth decile,8
inp,Household level,INCDECEP,9,Ninth decile,9
inp,Household level,INCDECEP,10,Tenth decile,10
inp,Household level,INCDECEP,98,Not stated,98
inp,Household level,INCDECEP,99,Not known,99
inp,Household level,INCSRCH,1,Wage or salary,1
inp,Household level,INCSRCH,2,Any government pension or allowance (including Family Tax Benefit if received as a payment from Centrelink),2
inp,Household level,INCSRCH,3,Other regular source (incl. CDEP),3
inp,Household level,INCSRCH,4,No source of income,4
inp,Household level,INCSRCH,9,Not known/not stated,9
inp,Household level,HSRCCDE,0,Not applicable,0
inp,Household level,HSRCCDE,1,Member of household receives CDEP income,1
inp,Household level,HSRCCDE,5,No members of household receive CDEP income,5
inp,Household level,HSRCCDE,6,Not known/not stated,6
inp,Household level,FDSECQ1,1,"Yes, ran out of food",1
inp,Household level,FDSECQ1,5,"No, did not run out of food",5
inp,Household level,FDSECQ1,8,Not stated,8
inp,Household level,FDSECQ2,0,Not applicable,0
inp,Household level,FDSECQ2,1,Went without food,1
inp,Household level,FDSECQ2,5,Did not go without food,5
inp,Household level,SF2SA1DB,0,Not available,0
inp,Household level,SF2SA1DB,1,Lowest 20%,1
inp,Household level,SF2SA1DB,2,Second quintile,2
inp,Household level,SF2SA1DB,3,Third quintile,3
inp,Household level,SF2SA1DB,4,Fourth quintile,4
inp,Household level,SF2SA1DB,5,Highest 20%*,5
inp,DemographicsLanguage,AGEEC,65,65-69,65
inp,DemographicsLanguage,AGEEC,70,70-74,70
inp,DemographicsLanguage,AGEEC,75,75+,75
inp,DemographicsLanguage,SEX,1,Male,1
inp,DemographicsLanguage,SEX,2,Female,2
inp,DemographicsLanguage,SMS,0,Not applicable,0
inp,DemographicsLanguage,SMS,1,Married,1
inp,DemographicsLanguage,SMS,2,Not married,2
inp,DemographicsLanguage,MAINLANE,0,Not applicable,0
inp,DemographicsLanguage,MAINLANE,1,English,1
inp,DemographicsLanguage,MAINLANE,2,Australian Indigenous languages,2
inp,DemographicsLanguage,MAINLANE,3,Other languages (incl. not currently speaking),3
inp,DemographicsLanguage,PROFENGE,0,Not applicable,0
inp,DemographicsLanguage,PROFENGE,1,Very well,1
inp,DemographicsLanguage,PROFENGE,2,Well,2
inp,DemographicsLanguage,PROFENGE,3,Not well / Not at all,3
inp,DemographicsLanguage,PROFENGE,4,Not known/Does not speak,4
inp,DemographicsLanguage,PROFENGE,5,Mainly speaks English (at home),5
inp,Education,HYSCHCBC,0,Not applicable,0
inp,Education,HYSCHCBC,1,Year 12 or equivalent,1
inp,Education,HYSCHCBC,2,Year 11 or equivalent,2
inp,Education,HYSCHCBC,3,Year 10 or equivalent,3
inp,Education,HYSCHCBC,4,Year 9 or equivalent,4
inp,Education,HYSCHCBC,5,Year 8 or below,5
inp,Education,HYSCHCBC,6,Never attended school,6
inp,Education,EDATTQ2,0,Not applicable,0
inp,Education,EDATTQ2,1,Has non-school qualification,1
inp,Education,EDATTQ2,2,Does not have non-school qualification,2
inp,Education,HLVNSEDC,0,Not applicable,0
inp,Education,HLVNSEDC,1,Postgraduate Degree/Graduate Diploma/Graduate Certificate,1
inp,Education,HLVNSEDC,2,Bachelor Degree,2
inp,Education,HLVNSEDC,3,Advanced Diploma/Diploma,3
inp,Education,HLVNSEDC,4,Certificate III/IV,4
inp,Education,HLVNSEDC,5,Certificate I/II,5
inp,Education,HLVNSEDC,6,Certificate not further defined,6
inp,Education,HLVNSEDC,7,No non-school qualification,7
inp,Education,HLVNSEDC,8,Level not determined,8
inp,Education,HEDATTC,0,Not applicable,0
inp,Education,HEDATTC,1,"Postgraduate Degree, Graduate Diploma/Graduate Certificate",1
inp,Education,HEDATTC,2,Bachelor Degree,2
inp,Education,HEDATTC,3,Advanced Diploma/Diploma,3
inp,Education,HEDATTC,4,Certificate III/IV,4
inp,Education,HEDATTC,5,Certificate I/II,5
inp,Education,HEDATTC,6,Certificate not further defined,6
inp,Education,HEDATTC,7,Year 12,7
inp,Education,HEDATTC,8,Year 11,8
inp,Education,HEDATTC,9,Year 10,9
inp,Education,HEDATTC,10,Year 9,10
inp,Education,HEDATTC,11,Year 8 or below,11
inp,Education,HEDATTC,12,Never attended school,12
inp,Education,HEDATTC,13,Level not determined,13
inp,Education,STDYFTPT,0,Not applicable,0
inp,Education,STDYFTPT,1,Studying full-time,1
inp,Education,STDYFTPT,2,Studying part-time,2
inp,Education,STDYFTPT,3,Not studying,3
inp,Education,STDYFTPT,8,Not stated,8
inp,Employment,LFSBC,0,Not applicable,0
inp,Employment,LFSBC,1,Employed,1
inp,Employment,LFSBC,2,Unemployed,2
inp,Employment,LFSBC,3,Not in the labour force,3
inp,Employment,CDEPQ1R,0,Not applicable,0
inp,Employment,CDEPQ1R,1,CDEP participant,1
inp,Employment,CDEPQ1R,5,Not CDEP participant,5
inp,Employment,CDEPQ1R,6,Not stated,6
inp,Employment,CDEPLFEC,0,Not applicable,0
inp,Employment,CDEPLFEC,1,Employed,1
inp,Employment,CDEPLFEC,2,Unemployed,2
inp,Employment,CDEPLFEC,3,Not in the labour force,3
inp,Employment,USHRWKE,0,Not applicable,0
inp,Employment,USHRWKE,1,1 to 5 hours,1
inp,Employment,USHRWKE,60,60 hours and over,60
inp,Employment,ANZSICC,0,Not applicable,0
inp,Employment,ANZSICC,1,"Agriculture, Forestry and Fishing",1
inp,Employment,ANZSICC,2,"Mining and Electricity, Gas, Water and Waste Services",2
inp,Employment,ANZSICC,3,Manufacturing,3
inp,Employment,ANZSICC,4,Construction,4
inp,Employment,ANZSICC,5,Wholesale Trade,5
inp,Employment,ANZSICC,6,Retail Trade,6
inp,Employment,ANZSICC,7,Accommodation and Food Services,7
inp,Employment,ANZSICC,8,"Transport, Postal and Warehousing",8
inp,Employment,ANZSICC,9,"Information Media and Telecommunications, Financial and Insurance Services, and Rental, Hiring and Real Estate Services",9
inp,Employment,ANZSICC,10,"Professional, Scientific and Technical Services",10
inp,Employment,ANZSICC,11,Administrative and Support Services,11
inp,Employment,ANZSICC,12,Public Administration and Safety,12
inp,Employment,ANZSICC,13,Education and Training,13
inp,Employment,ANZSICC,14,Health Care and Social Assistance,14
inp,Employment,ANZSICC,15,Arts and Recreation Services,15
inp,Employment,ANZSICC,16,Other Services,16
inp,Employment,ANZSICC,17,Inadequately described,17
inp,Employment,OCCUPEC,0,Not applicable,0
inp,Employment,OCCUPEC,1,Managers,1
inp,Employment,OCCUPEC,2,Professional,2
inp,Employment,OCCUPEC,3,Technicians and Trades Workers,3
inp,Employment,OCCUPEC,4,Community and Personal Service Workers,4
inp,Employment,OCCUPEC,5,Clerical and Administrative Workers,5
inp,Employment,OCCUPEC,6,Sales Workers,6
inp,Employment,OCCUPEC,7,Machinery Operators and Drivers,7
inp,Employment,OCCUPEC,8,Labourers,8
inp,Employment,OCCUPEC,9,Inadequately described,9
inp,Employment,UNEMDUEC,0,Not applicable,0
inp,Employment,UNEMDUEC,1,Under 4 weeks,1
inp,Employment,UNEMDUEC,2,4 weeks and under 13 weeks,2
inp,Employment,UNEMDUEC,3,13 weeks and under 26 weeks,3
inp,Employment,UNEMDUEC,4,26 weeks and under 52 weeks,4
inp,Employment,UNEMDUEC,5,52 weeks and over,5
inp,Employment,UNEMDUEC,8,Not stated,8
inp,Health,SF12Q2,0,Not applicable,0
inp,Health,SF12Q2,1,Excellent,1
inp,Health,SF12Q2,2,Very good,2
inp,Health,SF12Q2,3,Good,3
inp,Health,SF12Q2,4,Fair,4
inp,Health,SF12Q2,5,Poor,5
inp,Health,DIABQ01A,1,Family member told they have diabetes,1
inp,Health,DIABQ01A,5,Family member not told they have diabetes,5
inp,Health,DIABQ01A,6,Not known if family member told they have diabetes,6
inp,Health,AGEDIABB,1,Under 25,1
inp,Health,AGEDIABB,2,25-34,2
inp,Health,AGEDIABB,3,35-44,3
inp,Health,AGEDIABB,4,45-54,4
inp,Health,AGEDIABB,5,55-64,5
inp,Health,AGEDIABB,6,65 and over,6
inp,Health,AGEDIABB,97,Not applicable,97
inp,Health,AGEDIABB,99,Not known,99
inp,Risk factor - Smoking,SMKSTAT,0,Not applicable,0
inp,Risk factor - Smoking,SMKSTAT,1,Current smoker daily,1
inp,Risk factor - Smoking,SMKSTAT,2,Current smoker weekly (at least once a week but not daily),2
inp,Risk factor - Smoking,SMKSTAT,3,Current smoker less than weekly,3
inp,Risk factor - Smoking,SMKSTAT,4,Ex-smoker,4
inp,Risk factor - Smoking,SMKSTAT,5,Never smoked,5
inp,Risk factor - Smoking,SMKDAILY,0,Not applicable,0
inp,Risk factor - Smoking,SMKDAILY,1,Current daily smoker,1
inp,Risk factor - Smoking,SMKDAILY,2,Past daily smoker (still smokes),2
inp,Risk factor - Smoking,SMKDAILY,3,Past daily smoker (ex-smoker),3
inp,Risk factor - Smoking,SMKDAILY,4,Never smoked daily,4
inp,Risk factor - Smoking,SMKDAILY,5,Never smoked,5
inp,Risk factor - Smoking,SMOKQ2AE,97,Not applicable,97
inp,Risk factor - Smoking,SMOKQ2AE,99,Not known,99
inp,Risk factor - Smoking,TOBUSE,0,Not applicable,0
inp,Risk factor - Smoking,TOBUSE,1,Current smoker daily,1
inp,Risk factor - Smoking,TOBUSE,2,Current smoker weekly (at least once a week but not daily),2
inp,Risk factor - Smoking,TOBUSE,3,Current smoker less than weekly,3
inp,Risk factor - Smoking,TOBUSE,4,Chews tobacco daily and does not currently smoke tobacco products,4
inp,Risk factor - Smoking,TOBUSE,5,Ex-tobacco user,5
inp,Risk factor - Smoking,TOBUSE,6,Never used tobacco,6
inp,Risk factor - Physical Activity,EXREGUIC,0,Not applicable,0
inp,Risk factor - Physical Activity,EXREGUIC,1,Met recommended guidelines,1
inp,Risk factor - Physical Activity,EXREGUIC,2,Did not meet recommended guidelines,2
inp,Risk factor - Physical Activity,EXREGUIC,9,Not known,9
inp,Risk factor - Physical Activity,EXREGUID,0,Not applicable,0
inp,Risk factor - Physical Activity,EXREGUID,1,Met recommended guidelines,1
inp,Risk factor - Physical Activity,EXREGUID,2,Did not meet recommended guidelines,2
inp,Risk factor - Physical Activity,EXREGUID,9,Not known,9
inp,Risk factor - Physical Activity,DURACSF,0,Not applicable,0
inp,Risk factor - Physical Activity,DURACSF,1,Inactive,1
inp,Risk factor - Physical Activity,DURACSF,2,Insufficiently active,2
inp,Risk factor - Physical Activity,DURACSF,3,Sufficiently active for health,3
inp,Risk factor - Physical Activity,DURACSF,8,Not known,8
inp,Risk factor - Physical Activity,DURSACSF,0,Not applicable,0
inp,Risk factor - Physical Activity,DURSACSF,1,Inactive,1
inp,Risk factor - Physical Activity,DURSACSF,2,Insufficiently active,2
inp,Risk factor - Physical Activity,DURSACSF,3,Sufficiently active for health,3
inp,Risk factor - Physical Activity,DURSACSF,8,Not known,8
inp,Risk factor - Physical Activity,EXLEVELN,0,Not applicable,0
inp,Risk factor - Physical Activity,EXLEVELN,1,High,1
inp,Risk factor - Physical Activity,EXLEVELN,2,Moderate,2
inp,Risk factor - Physical Activity,EXLEVELN,3,Low,3
inp,Risk factor - Physical Activity,EXLEVELN,4,Sedentary (very low),4
inp,Risk factor - Physical Activity,EXLEVELN,5,Sedentary (no exercise),5
inp,Risk factor - Physical Activity,EXLEVELN,8,Not stated,8
inp,Risk factor - Physical Activity,EXTYPELW,0,Not applicable,0
inp,Risk factor - Physical Activity,EXTYPELW,1,No exercise,1
inp,Risk factor - Physical Activity,EXTYPELW,2,Walking only,2
inp,Risk factor - Physical Activity,EXTYPELW,3,Moderate only,3
inp,Risk factor - Physical Activity,EXTYPELW,4,Vigorous only,4
inp,Risk factor - Physical Activity,EXTYPELW,5,Walking and moderate,5
inp,Risk factor - Physical Activity,EXTYPELW,6,Walking and vigorous,6
inp,Risk factor - Physical Activity,EXTYPELW,7,Moderate and vigorous,7
inp,Risk factor - Physical Activity,EXTYPELW,8,"Walking, moderate and vigorous",8
inp,Risk factor - Physical Activity,EXTYPELW,9,Not stated,9
inp,Risk factor - Physical Activity,EXLWNOR,0,Did not undertake physical activity in last week,0
inp,Risk factor - Physical Activity,EXLWNOR,1,to 995. Continuous,1
inp,Risk factor - Physical Activity,EXLWNOR,996,Not applicable,996
inp,Risk factor - Physical Activity,EXLWNOR,999,Not known,999
inp,Risk factor - Physical Activity,EXLWTIMC,0,Did not undertake physical activity in the last week,0
inp,Risk factor - Physical Activity,EXLWTIMC,1,to 9995. Continuous,1
inp,Risk factor - Physical Activity,EXLWTIMC,9996,Not applicable,9996
inp,Risk factor - Physical Activity,EXLWTIMC,9999,Not known,9999
inp,Risk factor - Physical Activity,NUEXTRAR,0,Did not walk to or from places in last week/Permanently unable to walk,0
inp,Risk factor - Physical Activity,NUEXTRAR,1,to 49. Continuous,1
inp,Risk factor - Physical Activity,NUEXTRAR,50,50 or more,50
inp,Risk factor - Physical Activity,NUEXTRAR,996,Not applicable,996
inp,Risk factor - Physical Activity,NUEXTRAR,999,Not known,999
inp,Risk factor - Physical Activity,EXTRMINR,0,Did not walk to or from places in last week/Permanently unable to walk,0
inp,Risk factor - Physical Activity,EXTRMINR,10,to less than 1799. Continuous,10
inp,Risk factor - Physical Activity,EXTRMINR,1800,1800 or more,1800
inp,Risk factor - Physical Activity,EXTRMINR,9996,Not applicable,9996
inp,Risk factor - Physical Activity,EXTRMINR,9999,Not known,9999
inp,Risk factor - Physical Activity,EXLWKFNR,0,"Did not walk for fitness, recreation or sport in last week/Permanently unable to walk",0
inp,Risk factor - Physical Activity,EXLWKFNR,1,to less than 29. Continuous,1
inp,Risk factor - Physical Activity,EXLWKFNR,30,30 or more,30
inp,Risk factor - Physical Activity,EXLWKFNR,996,Not applicable,996
inp,Risk factor - Physical Activity,EXLWKFNR,999,Not known,999
inp,Risk factor - Physical Activity,EXFSRMNE,0,"Did not walk for fitness, recreation or sport in last week/Permanently unable to walk",0
inp,Risk factor - Physical Activity,EXFSRMNE,10,to 1199. Continuous,10
inp,Risk factor - Physical Activity,EXFSRMNE,1200,1200 or more,1200
inp,Risk factor - Physical Activity,EXFSRMNE,9996,Not applicable,9996
inp,Risk factor - Physical Activity,EXFSRMNE,9999,Not known,9999
inp,Risk factor - Physical Activity,EXLMONOR,0,Did not undertake moderate exercise in the last week,0
inp,Risk factor - Physical Activity,EXLMONOR,1,to 14 .Continuous,1
inp,Risk factor - Physical Activity,EXLMONOR,15,15 or more,15
inp,Risk factor - Physical Activity,EXLMONOR,996,Not applicable,996
inp,Risk factor - Physical Activity,EXLMONOR,999,Not known,999
inp,Risk factor - Physical Activity,EXLWMBC,0,Did not undertake moderate exercise in the last week,0
inp,Risk factor - Physical Activity,EXLWMBC,1,to 1079. Continuous,1
inp,Risk factor - Physical Activity,EXLWMBC,1080,1080 or more,1080
inp,Risk factor - Physical Activity,EXLWMBC,9996,Not applicable,9996
inp,Risk factor - Physical Activity,EXLWMBC,9999,Not known,9999
inp,Risk factor - Physical Activity,EXLVIGNR,0,Did not undertake vigorous exercise in the last week,0
inp,Risk factor - Physical Activity,EXLVIGNR,1,to 19. Continuous,1
inp,Risk factor - Physical Activity,EXLVIGNR,20,20 or more,20
inp,Risk factor - Physical Activity,EXLVIGNR,996,Not applicable,996
inp,Risk factor - Physical Activity,EXLVIGNR,999,Not known,999
inp,Risk factor - Physical Activity,EXLWVBC,0,Did not undertake vigorous exercise in the last week,0
inp,Risk factor - Physical Activity,EXLWVBC,1,to 1259 Continuous,1
inp,Risk factor - Physical Activity,EXLWVBC,1260,1260 or more,1260
inp,Risk factor - Physical Activity,EXLWVBC,9996,Not applicable,9996
inp,Risk factor - Physical Activity,EXLWVBC,9999,Not known,9999
inp,Risk factor - Physical Activity,EXVGRNOC,0,Did not do vigorous gardening in last week,0
inp,Risk factor - Physical Activity,EXVGRNOC,1,-19. Continuous,1
inp,Risk factor - Physical Activity,EXVGRNOC,20,20 or more,20
inp,Risk factor - Physical Activity,EXVGRNOC,996,Not applicable,996
inp,Risk factor - Physical Activity,EXVGRNOC,999,Not stated,999
inp,Risk factor - Physical Activity,EXVGRMNC,0,Did not do vigorous gardening in last week,0
inp,Risk factor - Physical Activity,EXVGRMNC,1,to 2399. Continuous,1
inp,Risk factor - Physical Activity,EXVGRMNC,2400,2400 or more,2400
inp,Risk factor - Physical Activity,EXVGRMNC,9996,Not applicable,9996
inp,Risk factor - Physical Activity,EXVGRMNC,9999,Not stated,9999
inp,Risk factor - Physical Activity,STRTONOC,0,Did not do strength or toning activities,0
inp,Risk factor - Physical Activity,STRTONOC,1,-20. Continuous,1
inp,Risk factor - Physical Activity,STRTONOC,21,21 or more,21
inp,Risk factor - Physical Activity,STRTONOC,996,Not applicable,996
inp,Risk factor - Physical Activity,STRTONOC,999,Not stated,999
inp,Risk factor - Physical Activity,STRMINC,0,Did not do strength or toning activities,0
inp,Risk factor - Physical Activity,STRMINC,1,-839. Continuous,1
inp,Risk factor - Physical Activity,STRMINC,840,840 or more,840
inp,Risk factor - Physical Activity,STRMINC,9996,Not applicable,9996
inp,Risk factor - Physical Activity,STRMINC,9999,Not stated,9999
inp,Risk factor - Physical Activity,ADORGWK,0,Not applicable,0
inp,Risk factor - Physical Activity,ADORGWK,1,All moderate/vigorous physical activity organised,1
inp,Risk factor - Physical Activity,ADORGWK,2,Some moderate/vigorous physical activity organised,2
inp,Risk factor - Physical Activity,ADORGWK,3,No moderate/vigorous physical activity organised,3
inp,Risk factor - Physical Activity,ADORGWK,4,Did no moderate/vigorous physical activity in last week,4
inp,Risk factor - Physical Activity,ADORGWK,5,Not known,5
inp,Risk factor - Physical Activity,ADORGWK,10,Walking,10
inp,Risk factor - Physical Activity,ADORGWK,11,Running/Jogging,11
inp,Risk factor - Physical Activity,ADORGWK,12,Bicycle,12
inp,Risk factor - Physical Activity,ADORGWK,13,"Rollerblades, skateboard/scooter (without motor)",13
inp,Risk factor - Physical Activity,ADORGWK,16,Motorcycle/Scooter (with motor),16
inp,Risk factor - Physical Activity,ADORGWK,17,"Private vehicle (car, truck, van)",17
inp,Risk factor - Physical Activity,ADORGWK,18,Taxi,18
inp,Risk factor - Physical Activity,ADORGWK,19,Bus/Ferry/Train/Tram,19
inp,Risk factor - Physical Activity,ADORGWK,20,Aeroplane,20
inp,Risk factor - Physical Activity,ADORGWK,21,Other,21
inp,Risk factor - Physical Activity,ADORGWK,22,Did not leave the house in the last week,22
inp,Risk factor - Physical Activity,ADORGWK,97,Not applicable,97
inp,Risk factor - Physical Activity,ACINACTR,0,Not applicable,0
inp,Risk factor - Physical Activity,ACINACTR,1,Active transport only,1
inp,Risk factor - Physical Activity,ACINACTR,2,Inactive transport only,2
inp,Risk factor - Physical Activity,ACINACTR,3,Active and inactive transport,3
inp,Risk factor - Physical Activity,ACINACTR,4,Did not leave the house in the last week,4
inp,Risk factor - Physical Activity,ACINACTR,5,Not known,5
inp,Risk factor - Physical Activity,ACINACTR,6,Sitting or lying down to use a phone (e.g. text and talk),6
inp,Risk factor - Physical Activity,ACINACTR,7,Sitting or lying down to do other social or leisure activities,7
inp,Risk factor - Physical Activity,ACINACTR,8,No sedentary behaviour in the last week,8
inp,Risk factor - Physical Activity,ACINACTR,9,Not applicable,9
inp,Risk factor - Physical Activity,ADTOTSE,0,Did not sit or lie for sedentary activities in the last week,0
inp,Risk factor - Physical Activity,ADTOTSE,1,- 8399. Continuous,1
inp,Risk factor - Physical Activity,ADTOTSE,8400,8400 or more,8400
inp,Risk factor - Physical Activity,ADTOTSE,9996,Not applicable,9996
inp,Risk factor - Physical Activity,ADTOTSE,9999,Not known,9999
inp,Risk factor - Physical Activity,TOTWKMIN,1,-5999. Continuous,1
inp,Risk factor - Physical Activity,TOTWKMIN,6000,6000 or more,6000
inp,Risk factor - Physical Activity,TOTWKMIN,99996,Not applicable,99996
inp,Risk factor - Physical Activity,TOTWKMIN,99999,Not stated,99999
inp,Risk factor - Physical Activity,WKSATMIN,1,-5999. Continuous,1
inp,Risk factor - Physical Activity,WKSATMIN,6000,6000 or more,6000
inp,Risk factor - Physical Activity,WKSATMIN,99996,Not applicable,99996
inp,Risk factor - Physical Activity,WKSATMIN,99999,Not stated,99999
inp,Risk factor - Physical Activity,ADTOTSEL,0,Did not sit or lie for sedentary leisure activities in the last week,0
inp,Risk factor - Physical Activity,ADTOTSEL,1,- 7199 Continuous,1
inp,Risk factor - Physical Activity,ADTOTSEL,7200,7200 or more,7200
inp,Risk factor - Physical Activity,ADTOTSEL,9996,Not applicable,9996
inp,Risk factor - Physical Activity,ADTOTSEL,9999,Not known,9999
inp,Risk factor - Physical Activity,TRSATMIN,0,Did not sit to travel in last week,0
inp,Risk factor - Physical Activity,TRSATMIN,1,- 3599. Continuous,1
inp,Risk factor - Physical Activity,TRSATMIN,3600,3600 or more,3600
inp,Risk factor - Physical Activity,TRSATMIN,9996,Not applicable,9996
inp,Risk factor - Physical Activity,TRSATMIN,9999,Not known,9999
inp,Risk factor - Physical Activity,ADTOTTV,0,Did not sit or lie down to watch television or videos in the last week,0
inp,Risk factor - Physical Activity,ADTOTTV,1,- 5039 Continuous,1
inp,Risk factor - Physical Activity,ADTOTTV,5040,5040 or more,5040
inp,Risk factor - Physical Activity,ADTOTTV,9996,Not applicable,9996
inp,Risk factor - Physical Activity,ADTOTTV,9999,Not known,9999
inp,Risk factor - Physical Activity,ADTOTCOM,0,Did not sit or lie down to use a computer or the internet in the last week,0
inp,Risk factor - Physical Activity,ADTOTCOM,1,- 4799. Continuous,1
inp,Risk factor - Physical Activity,ADTOTCOM,4800,4800 or more,4800
inp,Risk factor - Physical Activity,ADTOTCOM,9996,Not applicable,9996
inp,Risk factor - Physical Activity,ADTOTCOM,9999,Not known,9999
inp,Risk factor - Physical Activity,ADTOTEG,0,Did not sit or lie down to play electronic games in the last week,0
inp,Risk factor - Physical Activity,ADTOTEG,1,-3000. Continuous,1
inp,Risk factor - Physical Activity,ADTOTEG,9996,Not applicable,9996
inp,Risk factor - Physical Activity,ADTOTEG,9999,Not known,9999
inp,Risk factor - Physical Activity,ADTOTSC,0,Did not sit or lie down to do screen-based activities in the last week,0
inp,Risk factor - Physical Activity,ADTOTSC,1,- 6599. Continuous,1
inp,Risk factor - Physical Activity,ADTOTSC,6600,6600 or more,6600
inp,Risk factor - Physical Activity,ADTOTSC,9996,Not applicable,9996
inp,Risk factor - Physical Activity,ADTOTSC,9999,Not known,9999
inp,Risk factor - Physical Activity,ADTOTPH,0,Did not sit or lie down to use a phone in the last week,0
inp,Risk factor - Physical Activity,ADTOTPH,1,- 2999. Continuous,1
inp,Risk factor - Physical Activity,ADTOTPH,3000,3000 or more,3000
inp,Risk factor - Physical Activity,ADTOTPH,9996,Not applicable,9996
inp,Risk factor - Physical Activity,ADTOTPH,9999,Not known,9999
inp,Risk factor - Physical Activity,ADTOTLE,0,Did not sit or lie down to do leisure activities in the last week,0
inp,Risk factor - Physical Activity,ADTOTLE,1,- 3599. Continuous,1
inp,Risk factor - Physical Activity,ADTOTLE,3600,3600 or more,3600
inp,Risk factor - Physical Activity,ADTOTLE,9996,Not applicable,9996
inp,Risk factor - Physical Activity,ADTOTLE,9999,Not known,9999
inp,Risk factor - Physical Activity,DAYGUI3,0,None,0
inp,Risk factor - Physical Activity,DAYGUI3,1,One,1
inp,Risk factor - Physical Activity,DAYGUI3,2,Two,2
inp,Risk factor - Physical Activity,DAYGUI3,3,Three,3
inp,Risk factor - Physical Activity,DAYGUI3,8,Not known,8
inp,Risk factor - Physical Activity,DAYGUI3,9,Not applicable,9
inp,Risk factor - Physical Activity,DAY1803,0,None,0
inp,Risk factor - Physical Activity,DAY1803,1,One,1
inp,Risk factor - Physical Activity,DAY1803,2,Two,2
inp,Risk factor - Physical Activity,DAY1803,3,Three,3
inp,Risk factor - Physical Activity,DAY1803,8,Not known,8
inp,Risk factor - Physical Activity,DAY1803,9,Not applicable,9
inp,Risk factor - Physical Activity,DAYSCHR3,0,None,0
inp,Risk factor - Physical Activity,DAYSCHR3,1,One,1
inp,Risk factor - Physical Activity,DAYSCHR3,2,Two,2
inp,Risk factor - Physical Activity,DAYSCHR3,3,Three,3
inp,Risk factor - Physical Activity,DAYSCHR3,8,Not known,8
inp,Risk factor - Physical Activity,DAYSCHR3,9,Not applicable,9
inp,Risk factor - Physical Activity,NDBTHR3,0,None,0
inp,Risk factor - Physical Activity,NDBTHR3,1,One,1
inp,Risk factor - Physical Activity,NDBTHR3,2,Two,2
inp,Risk factor - Physical Activity,NDBTHR3,3,Three,3
inp,Risk factor - Physical Activity,NDBTHR3,8,Not known,8
inp,Risk factor - Physical Activity,NDBTHR3,9,Not applicable,9
inp,Risk factor - Physical Activity,NDPA1H3,0,None,0
inp,Risk factor - Physical Activity,NDPA1H3,1,One,1
inp,Risk factor - Physical Activity,NDPA1H3,2,Two,2
inp,Risk factor - Physical Activity,NDPA1H3,3,Three,3
inp,Risk factor - Physical Activity,NDPA1H3,8,Not known,8
inp,Risk factor - Physical Activity,NDPA1H3,9,Not applicable,9
inp,Risk factor - Physical Activity,HBSCQ01,0,None,0
inp,Risk factor - Physical Activity,HBSCQ01,1,One,1
inp,Risk factor - Physical Activity,HBSCQ01,2,Two,2
inp,Risk factor - Physical Activity,HBSCQ01,3,Three,3
inp,Risk factor - Physical Activity,HBSCQ01,4,Four,4
inp,Risk factor - Physical Activity,HBSCQ01,5,Five,5
inp,Risk factor - Physical Activity,HBSCQ01,6,Six,6
inp,Risk factor - Physical Activity,HBSCQ01,7,Seven,7
inp,Risk factor - Physical Activity,HBSCQ01,9,Not applicable,9
inp,Risk factor - Physical Activity,SDSAGE3,0,None,0
inp,Risk factor - Physical Activity,SDSAGE3,1,One,1
inp,Risk factor - Physical Activity,SDSAGE3,2,Two,2
inp,Risk factor - Physical Activity,SDSAGE3,3,Three,3
inp,Risk factor - Physical Activity,SDSAGE3,8,Not known,8
inp,Risk factor - Physical Activity,SDSAGE3,9,Not applicable,9
inp,Risk factor - Physical Activity,SLPTIME,0,Did not go to bed,0
inp,Risk factor - Physical Activity,SLPTIME,1,-989. Continuous,1
inp,Risk factor - Physical Activity,SLPTIME,9998,Not known,9998
inp,Risk factor - Physical Activity,SLPTIME,9999,Not applicable,9999
inp,Risk factor - Physical Activity,TYPNIGHT,0,Not applicable,0
inp,Risk factor - Physical Activity,TYPNIGHT,1,"Yes, typical nights sleep",1
inp,Risk factor - Physical Activity,TYPNIGHT,2,"No, usually sleep more",2
inp,Risk factor - Physical Activity,TYPNIGHT,3,"No, usually sleep less",3
inp,Risk factor - Physical Activity,TYPNIGHT,4,No typical sleep,4
inp,Risk factor - Physical Activity,TYPNIGHT,5,"No, not further defined (NFD)",5
inp,Risk factor - Physical Activity,TYPNIGHT,6,Sleep time not known,6
inp,Risk factor - Physical Activity,TYPNIGHT,7,Not applicable,7
inp,Risk factor - Physical Activity,HWKB4TV,0,Not applicable,0
inp,Risk factor - Physical Activity,HWKB4TV,1,Never,1
inp,Risk factor - Physical Activity,HWKB4TV,2,Rarely,2
inp,Risk factor - Physical Activity,HWKB4TV,3,Sometimes,3
inp,Risk factor - Physical Activity,HWKB4TV,4,Often,4
inp,Risk factor - Physical Activity,HWKB4TV,5,Always,5
inp,Risk factor - Physical Activity,HWKB4TV,6,Not applicable to child,6
inp,Risk factor - Physical Activity,TVOFF,0,Not applicable,0
inp,Risk factor - Physical Activity,TVOFF,1,Never,1
inp,Risk factor - Physical Activity,TVOFF,2,Rarely,2
inp,Risk factor - Physical Activity,TVOFF,3,Sometimes,3
inp,Risk factor - Physical Activity,TVOFF,4,Often,4
inp,Risk factor - Physical Activity,TVOFF,5,Always,5
inp,Risk factor - Physical Activity,TVOFF,6,Not applicable to child,6
inp,Risk factor - Physical Activity,SUPERTV,0,Not applicable,0
inp,Risk factor - Physical Activity,SUPERTV,1,Never,1
inp,Risk factor - Physical Activity,SUPERTV,2,Rarely,2
inp,Risk factor - Physical Activity,SUPERTV,3,Sometimes,3
inp,Risk factor - Physical Activity,SUPERTV,4,Often,4
inp,Risk factor - Physical Activity,SUPERTV,5,Always,5
inp,Risk factor - Physical Activity,SUPERTV,6,Not applicable to child,6
inp,Risk factor - Physical Activity,SUPGAME,0,Not applicable,0
inp,Risk factor - Physical Activity,SUPGAME,1,Never,1
inp,Risk factor - Physical Activity,SUPGAME,2,Rarely,2
inp,Risk factor - Physical Activity,SUPGAME,3,Sometimes,3
inp,Risk factor - Physical Activity,SUPGAME,4,Often,4
inp,Risk factor - Physical Activity,SUPGAME,5,Always,5
inp,Risk factor - Physical Activity,SUPGAME,6,Not applicable to child,6
inp,Risk factor - Physical Activity,COMREST,0,Not applicable,0
inp,Risk factor - Physical Activity,COMREST,1,Never,1
inp,Risk factor - Physical Activity,COMREST,2,Rarely,2
inp,Risk factor - Physical Activity,COMREST,3,Sometimes,3
inp,Risk factor - Physical Activity,COMREST,4,Often,4
inp,Risk factor - Physical Activity,COMREST,5,Always,5
inp,Risk factor - Physical Activity,COMREST,6,Not applicable to child,6
inp,Risk factor - Physical Activity,RPADAYR,0,Not applicable,0
inp,Risk factor - Physical Activity,RPADAYR,1,Monday,1
inp,Risk factor - Physical Activity,RPADAYR,2,Tuesday,2
inp,Risk factor - Physical Activity,RPADAYR,3,Wednesday,3
inp,Risk factor - Physical Activity,RPADAYR,4,Thursday,4
inp,Risk factor - Physical Activity,RPADAYR,5,Friday,5
inp,Risk factor - Physical Activity,RPADAYR,6,Saturday,6
inp,Risk factor - Physical Activity,RPADAYR,7,Sunday,7
inp,Risk factor - Physical Activity,RPADAYR,10,Playing Football / Soccer,10
inp,Risk factor - Physical Activity,RPADAYR,11,Playing Netball / Basketball,11
inp,Risk factor - Physical Activity,RPADAYR,12,Playing Softball / Cricket,12
inp,Risk factor - Physical Activity,RPADAYR,13,Swimming,13
inp,Risk factor - Physical Activity,RPADAYR,14,Running,14
inp,Risk factor - Physical Activity,RPADAYR,15,Hunting / Gathering Bush Foods / Fishing,15
inp,Risk factor - Physical Activity,RPADAYR,16,Dancing (incl. ceremonial dancing),16
inp,Risk factor - Physical Activity,RPADAYR,17,Housework / Gardening / Heavy yardwork,17
inp,Risk factor - Physical Activity,RPADAYR,18,Walking to places,18
inp,Risk factor - Physical Activity,RPADAYR,19,Other,19
inp,Risk factor - Physical Activity,RPADAYR,20,Did no physical activity on day prior to interview,20
inp,Risk factor - Physical Activity,RPADAYR,97,Not applicable,97
inp,Risk factor - Physical Activity,RPADAYR,99,Not known,99
inp,Risk factor - Physical Activity,RPADAYR,8,Other,8
inp,Risk factor - Physical Activity,RPADAYR,9,Did not walk anywhere on day prior to interview,9
inp,Risk factor - Physical Activity,RPATIMEA,0,Not applicable,0
inp,Risk factor - Physical Activity,RPATIMEA,1,Less than 30 minutes,1
inp,Risk factor - Physical Activity,RPATIMEA,3,More than 30 minutes,3
inp,Risk factor - Physical Activity,RPATIMEA,8,Did no physical activity on day prior to interview,8
inp,Risk factor - Physical Activity,RPATIMEA,9,Not known,9
inp,Risk factor - Physical Activity,RPATIMEC,0,Not applicable,0
inp,Risk factor - Physical Activity,RPATIMEC,1,Less than 60 minutes,1
inp,Risk factor - Physical Activity,RPATIMEC,3,More than 60 minutes,3
inp,Risk factor - Physical Activity,RPATIMEC,8,Did no physical activity on day prior to interview,8
inp,Risk factor - Physical Activity,RPATIMEC,9,Not known,9
inp,Risk factor - Physical Activity,RPAEXAMA,0,Not applicable,0
inp,Risk factor - Physical Activity,RPAEXAMA,1,Usually do more physical activity or walking to places,1
inp,Risk factor - Physical Activity,RPAEXAMA,2,Usually do same amount of physical activity or walking to places,2
inp,Risk factor - Physical Activity,RPAEXAMA,3,Usually do less physical activity or walking to places,3
inp,Risk factor - Physical Activity,RPAEXAMA,8,Did no physical activity on day prior to interview,8
inp,Risk factor - Physical Activity,RPAEXAMA,9,Not known,9
inp,Risk factor - Physical Activity,RPAEXAMC,0,Not applicable,0
inp,Risk factor - Physical Activity,RPAEXAMC,1,Usually do more physical activity or walking to places,1
inp,Risk factor - Physical Activity,RPAEXAMC,2,Usually do same amount of physical activity or walking to places,2
inp,Risk factor - Physical Activity,RPAEXAMC,3,Usually do less physical activity or walking to places,3
inp,Risk factor - Physical Activity,RPAEXAMC,8,Did no physical activity on day prior to interview,8
inp,Risk factor - Physical Activity,RPAEXAMC,9,Not known,9
inp,Risk factor - Physical Activity,RPAEXAMC,10,Yarn with family or friends,10
inp,Risk factor - Physical Activity,RPAEXAMC,11,Eat meals,11
inp,Risk factor - Physical Activity,RPAEXAMC,12,"Watch TV, videos, Bluray or DVDs",12
inp,Risk factor - Physical Activity,RPAEXAMC,13,Listen to music,13
inp,Risk factor - Physical Activity,RPAEXAMC,14,"Play any Playstation, Nintendo, X-Box, computer, DS or PSP games",14
inp,Risk factor - Physical Activity,RPAEXAMC,15,Use a computer or the Internet,15
inp,Risk factor - Physical Activity,RPAEXAMC,16,Use a phone (e.g. text and talk),16
inp,Risk factor - Physical Activity,RPAEXAMC,17,Play cards,17
inp,Risk factor - Physical Activity,RPAEXAMC,18,Paint or do other art,18
inp,Risk factor - Physical Activity,RPAEXAMC,19,Work or study,19
inp,Risk factor - Physical Activity,RPAEXAMC,20,Watch dancing or ceremonies,20
inp,Risk factor - Physical Activity,RPAEXAMC,21,Watch sport,21
inp,Risk factor - Physical Activity,RPAEXAMC,22,Drive or sit in a car,22
inp,Risk factor - Physical Activity,RPAEXAMC,23,School classes,23
inp,Risk factor - Physical Activity,RPAEXAMC,24,Other,24
inp,Risk factor - Physical Activity,RPAEXAMC,25,Did no sedentary activity on day prior to interview,25
inp,Risk factor - Physical Activity,RPAEXAMC,97,Not applicable,97
inp,Risk factor - Physical Activity,RPAEXAMC,99,Not known,99
inp,Risk factor - Physical Activity,RPAQ13,0,Not applicable,0
inp,Risk factor - Physical Activity,RPAQ13,1,Mostly sitting,1
inp,Risk factor - Physical Activity,RPAQ13,2,Mostly standing,2
inp,Risk factor - Physical Activity,RPAQ13,3,Mostly walking,3
inp,Risk factor - Physical Activity,RPAQ13,4,Mostly running,4
inp,Risk factor - Physical Activity,RPAQ13,5,Mostly doing heavy labour or hard physical work,5
inp,Risk factor - Physical Activity,RPAQ13,9,Not known,9
inp,Risk factor - Physical Activity,PEDISSUE,0,Not applicable,0
inp,Risk factor - Physical Activity,PEDISSUE,1,Pedometer issued and worn,1
inp,Risk factor - Physical Activity,PEDISSUE,2,Pedometer issued but not worn,2
inp,Risk factor - Physical Activity,PEDISSUE,5,Pedometer not issued,5
inp,Risk factor - Physical Activity,NUMVAL,9,Did not participate in the pedometer component,9
inp,Risk factor - Physical Activity,NUMVAL,10,Not applicable,10
inp,Risk factor - Physical Activity,NDYSWKPC,9,Did not participate in the pedometer component,9
inp,Risk factor - Physical Activity,NDYSWKPC,10,Not applicable,10
inp,Risk factor - Physical Activity,NDYSWEPC,9,Did not participate in the pedometer component,9
inp,Risk factor - Physical Activity,NDYSWEPC,10,Not applicable,10
inp,Risk factor - Physical Activity,PEDPOP,0,Not applicable,0
inp,Risk factor - Physical Activity,PEDPOP,1,Reported a minimum of 4 days of steps with at least 1 weekday and 1 weekend day,1
inp,Risk factor - Physical Activity,PEDPOP,2,Did not meet minimum reported day requirements,2
inp,Risk factor - Physical Activity,PEDPOP,3,Did not participate in pedometer component,3
inp,Risk factor - Physical Activity,PEDAGEDY,0,Not applicable,0
inp,Risk factor - Physical Activity,PEDAGEDY,1,Sedentary,1
inp,Risk factor - Physical Activity,PEDAGEDY,2,Low active,2
inp,Risk factor - Physical Activity,PEDAGEDY,3,Somewhat active,3
inp,Risk factor - Physical Activity,PEDAGEDY,4,Active,4
inp,Risk factor - Physical Activity,PEDAGEDY,5,Highly active,5
inp,Risk factor - Physical Activity,PEDAGEDY,6,Did not meet day threshold requirement,6
inp,Risk factor - Physical Activity,PEDAGEDY,7,Did not participate in the pedometer component,7
inp,Risk factor - Physical Activity,PEDAGEWK,0,Not applicable,0
inp,Risk factor - Physical Activity,PEDAGEWK,1,Sedentary,1
inp,Risk factor - Physical Activity,PEDAGEWK,2,Low active,2
inp,Risk factor - Physical Activity,PEDAGEWK,3,Somewhat active,3
inp,Risk factor - Physical Activity,PEDAGEWK,4,Active,4
inp,Risk factor - Physical Activity,PEDAGEWK,5,Highly active,5
inp,Risk factor - Physical Activity,PEDAGEWK,6,Did not meet day threshold requirement,6
inp,Risk factor - Physical Activity,PEDAGEWK,7,Did not participate in the pedometer component,7
inp,Risk factor - Physical Activity,PEDAGEWE,0,Not applicable,0
inp,Risk factor - Physical Activity,PEDAGEWE,1,Sedentary,1
inp,Risk factor - Physical Activity,PEDAGEWE,2,Low active,2
inp,Risk factor - Physical Activity,PEDAGEWE,3,Somewhat active,3
inp,Risk factor - Physical Activity,PEDAGEWE,4,Active,4
inp,Risk factor - Physical Activity,PEDAGEWE,5,Highly active,5
inp,Risk factor - Physical Activity,PEDAGEWE,6,Did not meet day threshold requirement,6
inp,Risk factor - Physical Activity,PEDAGEWE,7,Did not participate in the pedometer component,7
inp,Risk factor - Physical Activity,DYS10STP,0,None,0
inp,Risk factor - Physical Activity,DYS10STP,1,One day,1
inp,Risk factor - Physical Activity,DYS10STP,2,Two days,2
inp,Risk factor - Physical Activity,DYS10STP,3,Three days,3
inp,Risk factor - Physical Activity,DYS10STP,4,Four days,4
inp,Risk factor - Physical Activity,DYS10STP,5,Five days,5
inp,Risk factor - Physical Activity,DYS10STP,6,Six days,6
inp,Risk factor - Physical Activity,DYS10STP,7,Seven days,7
inp,Risk factor - Physical Activity,DYS10STP,8,Reported less than 7 days,8
inp,Risk factor - Physical Activity,DYS10STP,10,Did not participate in the pedometer component,10
inp,Risk factor - Physical Activity,DYS10STP,11,Not applicable,11
inp,Risk factor - Physical Activity,MET10KV7,0,Not applicable,0
inp,Risk factor - Physical Activity,MET10KV7,1,Met recommended 10000 step threshold for average steps per day,1
inp,Risk factor - Physical Activity,MET10KV7,2,Did not meet recommended 10000 step threshold for average steps per day,2
inp,Risk factor - Physical Activity,MET10KV7,3,Did not meet day threshold requirement,3
inp,Risk factor - Physical Activity,MET10KV7,4,Did not participate in the pedometer component,4
inp,Risk factor - Physical Activity,MET10KV5,0,Not applicable,0
inp,Risk factor - Physical Activity,MET10KV5,1,Met recommended 10000 step threshold for average steps per wkday,1
inp,Risk factor - Physical Activity,MET10KV5,2,Did not meet recommended 10000 step threshold for average steps per wkday,2
inp,Risk factor - Physical Activity,MET10KV5,3,Did not meet day threshold requirement,3
inp,Risk factor - Physical Activity,MET10KV5,4,Did not participate in the pedometer component,4
inp,Risk factor - Physical Activity,MET10KV2,0,Not applicable,0
inp,Risk factor - Physical Activity,MET10KV2,1,Met recommended 10000 step threshold for average steps per wkend day,1
inp,Risk factor - Physical Activity,MET10KV2,2,Did not meet recommended 10000 step threshold for average steps per wkend day,2
inp,Risk factor - Physical Activity,MET10KV2,3,Did not meet day threshold requirement,3
inp,Risk factor - Physical Activity,MET10KV2,4,Did not participate in the pedometer component,4
inp,Risk factor - Physical Activity,DYSTHRE1,0,None,0
inp,Risk factor - Physical Activity,DYSTHRE1,1,One day,1
inp,Risk factor - Physical Activity,DYSTHRE1,2,Two days,2
inp,Risk factor - Physical Activity,DYSTHRE1,3,Three days,3
inp,Risk factor - Physical Activity,DYSTHRE1,4,Four days,4
inp,Risk factor - Physical Activity,DYSTHRE1,5,Five days,5
inp,Risk factor - Physical Activity,DYSTHRE1,6,Six days,6
inp,Risk factor - Physical Activity,DYSTHRE1,7,Seven days,7
inp,Risk factor - Physical Activity,DYSTHRE1,8,Reported less than 7 days,8
inp,Risk factor - Physical Activity,DYSTHRE1,10,Did not participate in the pedometer component,10
inp,Risk factor - Physical Activity,DYSTHRE1,11,Not applicable,11
inp,Risk factor - Physical Activity,METT1AV7,0,Not applicable,0
inp,Risk factor - Physical Activity,METT1AV7,1,Met recommended step threshold 1 for average steps per day,1
inp,Risk factor - Physical Activity,METT1AV7,2,Did not meet recommended step threshold 1 for average steps per day,2
inp,Risk factor - Physical Activity,METT1AV7,3,Did not meet day threshold requirement,3
inp,Risk factor - Physical Activity,METT1AV7,4,Did not participate in the pedometer component,4
inp,Risk factor - Physical Activity,METT1AV5,0,Not applicable,0
inp,Risk factor - Physical Activity,METT1AV5,1,Met recommended step threshold 1 for average steps per weekday,1
inp,Risk factor - Physical Activity,METT1AV5,2,Did not meet recommended step threshold 1 for average steps per weekday,2
inp,Risk factor - Physical Activity,METT1AV5,3,Did not meet day threshold requirement,3
inp,Risk factor - Physical Activity,METT1AV5,4,Did not participate in the pedometer component,4
inp,Risk factor - Physical Activity,METT1AV2,0,Not applicable,0
inp,Risk factor - Physical Activity,METT1AV2,1,Met recommended step threshold 1 for average steps per weekend day,1
inp,Risk factor - Physical Activity,METT1AV2,2,Did not meet recommended step threshold 1 for average steps per weekend day,2
inp,Risk factor - Physical Activity,METT1AV2,3,Did not meet day threshold requirement,3
inp,Risk factor - Physical Activity,METT1AV2,4,Did not participate in the pedometer component,4
inp,Risk factor - Nutrition,DIETRDI,0,Not applicable,0
inp,Risk factor - Nutrition,DIETRDI,1,Met recommended guidelines,1
inp,Risk factor - Nutrition,DIETRDI,2,Did not meet recommended guidelines,2
inp,Risk factor - Nutrition,DIETFRU,0,Not applicable,0
inp,Risk factor - Nutrition,DIETFRU,1,Met recommended guidelines,1
inp,Risk factor - Nutrition,DIETFRU,2,Did not meet recommended guidelines,2
inp,Risk factor - Nutrition,DIETVEG,0,Not applicable,0
inp,Risk factor - Nutrition,DIETVEG,1,Met recommended guidelines,1
inp,Risk factor - Nutrition,DIETVEG,2,Did not meet recommended guidelines,2
inp,Risk factor - Nutrition,RDIBOTH,0,Not applicable,0
inp,Risk factor - Nutrition,RDIBOTH,1,Met recommended guidelines,1
inp,Risk factor - Nutrition,RDIBOTH,2,Did not meet recommended guidelines,2
inp,Risk factor - Nutrition,RDIVEG,0,Not applicable,0
inp,Risk factor - Nutrition,RDIVEG,1,Met recommended guidelines,1
inp,Risk factor - Nutrition,RDIVEG,2,Did not meet recommended guidelines,2
inp,Risk factor - Nutrition,RDIFRUIT,0,Not applicable,0
inp,Risk factor - Nutrition,RDIFRUIT,1,Met recommended guidelines,1
inp,Risk factor - Nutrition,RDIFRUIT,2,Did not meet recommended guidelines,2
inp,Risk factor - Nutrition,DIETQ5,0,Not applicable,0
inp,Risk factor - Nutrition,DIETQ5,1,1 serve,1
inp,Risk factor - Nutrition,DIETQ5,2,2 serves,2
inp,Risk factor - Nutrition,DIETQ5,3,3 serves,3
inp,Risk factor - Nutrition,DIETQ5,4,4 serves,4
inp,Risk factor - Nutrition,DIETQ5,5,5 serves,5
inp,Risk factor - Nutrition,DIETQ5,6,6 or more serves,6
inp,Risk factor - Nutrition,DIETQ5,7,Less than 1 serve,7
inp,Risk factor - Nutrition,DIETQ5,8,Don't eat vegetables,8
inp,Risk factor - Nutrition,DIETQ8,0,Not applicable,0
inp,Risk factor - Nutrition,DIETQ8,1,1 serve,1
inp,Risk factor - Nutrition,DIETQ8,2,2 serves,2
inp,Risk factor - Nutrition,DIETQ8,3,3 serves,3
inp,Risk factor - Nutrition,DIETQ8,4,4 serves,4
inp,Risk factor - Nutrition,DIETQ8,5,5 serves,5
inp,Risk factor - Nutrition,DIETQ8,6,6 or more serves,6
inp,Risk factor - Nutrition,DIETQ8,7,Less than 1 serve,7
inp,Risk factor - Nutrition,DIETQ8,8,Don't eat fruit,8
inp,Risk factor - Nutrition,DIETQ12,0,Not applicable,0
inp,Risk factor - Nutrition,DIETQ12,1,Very often,1
inp,Risk factor - Nutrition,DIETQ12,2,Occasionally,2
inp,Risk factor - Nutrition,DIETQ12,3,Rarely,3
inp,Risk factor - Nutrition,DIETQ12,5,Not used,5
inp,Risk factor - Nutrition,DIETQ12,6,Not known,6
inp,Risk factor - Nutrition,SALTACI,0,Not applicable,0
inp,Risk factor - Nutrition,SALTACI,1,Cooking salt is iodised,1
inp,Risk factor - Nutrition,SALTACI,2,Cooking salt is not iodised,2
inp,Risk factor - Nutrition,SALTACI,3,Cooking salt is not added to meal,3
inp,Risk factor - Nutrition,SALTACI,4,Not known if salt is iodised,4
inp,Risk factor - Nutrition,SALTACI,5,Not known if salt is added to meal,5
inp,Risk factor - Nutrition,DIETQ14,0,Not applicable,0
inp,Risk factor - Nutrition,DIETQ14,1,Very often,1
inp,Risk factor - Nutrition,DIETQ14,2,Occasionally,2
inp,Risk factor - Nutrition,DIETQ14,3,Rarely,3
inp,Risk factor - Nutrition,DIETQ14,5,Not used,5
inp,Risk factor - Nutrition,DIETQ14,6,Not known,6
inp,Risk factor - Nutrition,SALTATI,0,Not applicable,0
inp,Risk factor - Nutrition,SALTATI,1,Table salt is iodised,1
inp,Risk factor - Nutrition,SALTATI,2,Table salt is not iodised,2
inp,Risk factor - Nutrition,SALTATI,3,Table salt is not added to meal,3
inp,Risk factor - Nutrition,SALTATI,4,Not known if table salt is iodised,4
inp,Risk factor - Nutrition,SALTATI,5,Not known if table salt is added to meal,5
inp,Risk factor - Nutrition,TAPWTR,1,Community water supply,1
inp,Risk factor - Nutrition,TAPWTR,2,Tank,2
inp,Risk factor - Nutrition,TAPWTR,3,Spring,3
inp,Risk factor - Nutrition,TAPWTR,4,Never drink tap water,4
inp,Risk factor - Nutrition,TAPWTR,5,Other,5
inp,Risk factor - Nutrition,TAPWTR,6,Not known,6
inp,Risk factor - Nutrition,BDYMSQ04,0,Not applicable,0
inp,Risk factor - Nutrition,BDYMSQ04,1,Currently on a diet to lose weight,1
inp,Risk factor - Nutrition,BDYMSQ04,2,Currently on a diet for health reasons,2
inp,Risk factor - Nutrition,BDYMSQ04,3,Currently on a diet to lose weight and for health reasons,3
inp,Risk factor - Nutrition,BDYMSQ04,5,Not currently on a diet,5
inp,Risk factor - Nutrition,BDYMSQ04,6,Not known if currently on a diet,6
inp,Risk factor - Nutrition,BDYMSQ04,10,Weight loss or low calorie diet,10
inp,Risk factor - Nutrition,BDYMSQ04,11,Low fat or cholesterol diet,11
inp,Risk factor - Nutrition,BDYMSQ04,12,Low salt or sodium diet,12
inp,Risk factor - Nutrition,BDYMSQ04,13,Sugar free or low sugar diet,13
inp,Risk factor - Nutrition,BDYMSQ04,14,Low fibre diet,14
inp,Risk factor - Nutrition,BDYMSQ04,15,High fibre diet,15
inp,Risk factor - Nutrition,BDYMSQ04,16,Diabetic diet,16
inp,Risk factor - Nutrition,BDYMSQ04,17,Low carbohydrate diet,17
inp,Risk factor - Nutrition,BDYMSQ04,18,High protein diet,18
inp,Risk factor - Nutrition,BDYMSQ04,19,Weight gain diet,19
inp,Risk factor - Nutrition,BDYMSQ04,20,Other,20
inp,Risk factor - Nutrition,BDYMSQ04,21,Type of diet not known,21
inp,Risk factor - Nutrition,BDYMSQ04,22,Not currently on a diet,22
inp,Risk factor - Nutrition,BDYMSQ04,23,Not known if currently on a diet,23
inp,Risk factor - Nutrition,BDYMSQ04,97,Not applicable,97
inp,Risk factor - Nutrition,NHMRCAGE,1,2-3,1
inp,Risk factor - Nutrition,NHMRCAGE,2,4-8,2
inp,Risk factor - Nutrition,NHMRCAGE,3,9-13,3
inp,Risk factor - Nutrition,NHMRCAGE,4,14-18,4
inp,Risk factor - Nutrition,NHMRCAGE,5,19-30,5
inp,Risk factor - Nutrition,NHMRCAGE,6,31-50,6
inp,Risk factor - Nutrition,NHMRCAGE,7,51-70,7
inp,Risk factor - Nutrition,NHMRCAGE,8,71+,8
inp,Risk factor - Nutrition,NUMRECAL,1,1,1
inp,Risk factor - Nutrition,NUMRECAL,2,2,2
inp,Risk factor - Nutrition,NUTDAY1,1,Sunday,1
inp,Risk factor - Nutrition,NUTDAY1,2,Monday,2
inp,Risk factor - Nutrition,NUTDAY1,3,Tuesday,3
inp,Risk factor - Nutrition,NUTDAY1,4,Wednesday,4
inp,Risk factor - Nutrition,NUTDAY1,5,Thursday,5
inp,Risk factor - Nutrition,NUTDAY1,6,Friday,6
inp,Risk factor - Nutrition,NUTDAY1,7,Saturday,7
inp,Risk factor - Nutrition,NUTDAY2,0,Not applicable,0
inp,Risk factor - Nutrition,NUTDAY2,1,Sunday,1
inp,Risk factor - Nutrition,NUTDAY2,2,Monday,2
inp,Risk factor - Nutrition,NUTDAY2,3,Tuesday,3
inp,Risk factor - Nutrition,NUTDAY2,4,Wednesday,4
inp,Risk factor - Nutrition,NUTDAY2,5,Thursday,5
inp,Risk factor - Nutrition,NUTDAY2,6,Friday,6
inp,Risk factor - Nutrition,NUTDAY2,7,Saturday,7
inp,Risk factor - Nutrition,FLIMPNUT,0,Not applicable,0
inp,Risk factor - Nutrition,FLIMPNUT,1,Imputed food record,1
inp,Risk factor - Nutrition,ATEMLS,1,Much more than usual,1
inp,Risk factor - Nutrition,ATEMLS,2,Usual,2
inp,Risk factor - Nutrition,ATEMLS,3,Much less than usual,3
inp,Risk factor - Nutrition,ATEMLS,4,Not stated,4
inp,Risk factor - Nutrition,ATEMLSCT,0,Not applicable,0
inp,Risk factor - Nutrition,ATEMLSCT,1,Much more than usual,1
inp,Risk factor - Nutrition,ATEMLSCT,2,Usual,2
inp,Risk factor - Nutrition,ATEMLSCT,3,Much less than usual,3
inp,Risk factor - Nutrition,ATEMLSCT,4,Not stated,4
inp,Risk factor - Nutrition,BMR,99998,Not available,99998
inp,Risk factor - Nutrition,EIBMR1,997,Not applicable,997
inp,Risk factor - Nutrition,EIBMR1,998,Not available,998
inp,Risk factor - Nutrition,EIBMR2,997,Not applicable,997
inp,Risk factor - Nutrition,EIBMR2,998,Not available,998
inp,Physical Measurements&Body Mass,SABDYMS,0,Not applicable,0
inp,Physical Measurements&Body Mass,SABDYMS,1,Acceptable weight,1
inp,Physical Measurements&Body Mass,SABDYMS,2,Underweight,2
inp,Physical Measurements&Body Mass,SABDYMS,3,Overweight,3
inp,Physical Measurements&Body Mass,SABDYMS,4,Currently pregnant,4
inp,Physical Measurements&Body Mass,SABDYMS,8,Not collected,8
inp,Physical Measurements&Body Mass,SABDYMS,9,Not stated,9
inp,Physical Measurements&Body Mass,SATWEIG,0,Not applicable,0
inp,Physical Measurements&Body Mass,SATWEIG,1,Very satisfied,1
inp,Physical Measurements&Body Mass,SATWEIG,2,Satisfied,2
inp,Physical Measurements&Body Mass,SATWEIG,3,Neither satisfied nor dissatisfied,3
inp,Physical Measurements&Body Mass,SATWEIG,4,Dissatisfied,4
inp,Physical Measurements&Body Mass,SATWEIG,5,Very dissatisfied,5
inp,Physical Measurements&Body Mass,SATWEIG,7,Refused,7
inp,Physical Measurements&Body Mass,SATWEIG,8,Not collected,8
inp,Physical Measurements&Body Mass,SATWEIG,9,Not stated,9
inp,Physical Measurements&Body Mass,BMICATHY,0,Not applicable,0
inp,Physical Measurements&Body Mass,BMICATHY,1,Underweight Class 3,1
inp,Physical Measurements&Body Mass,BMICATHY,2,Underweight Class 2,2
inp,Physical Measurements&Body Mass,BMICATHY,3,Underweight Class 1,3
inp,Physical Measurements&Body Mass,BMICATHY,4,Normal range,4
inp,Physical Measurements&Body Mass,BMICATHY,5,Normal range (Adult only),5
inp,Physical Measurements&Body Mass,BMICATHY,6,Overweight,6
inp,Physical Measurements&Body Mass,BMICATHY,7,Obese Class 1,7
inp,Physical Measurements&Body Mass,BMICATHY,8,Obese Class 2 (Adult only),8
inp,Physical Measurements&Body Mass,BMICATHY,9,Obese Class 3 (Adult only),9
inp,Physical Measurements&Body Mass,BMICATHY,98,Measurement not taken - refusal,98
inp,Physical Measurements&Body Mass,BMICATHY,99,Measurement not taken - other reason,99
inp,Physical Measurements&Body Mass,BMIMCATW,0,Not applicable,0
inp,Physical Measurements&Body Mass,BMIMCATW,1,Underweight Class 3,1
inp,Physical Measurements&Body Mass,BMIMCATW,2,Underweight Class 2,2
inp,Physical Measurements&Body Mass,BMIMCATW,3,Underweight Class 1,3
inp,Physical Measurements&Body Mass,BMIMCATW,4,Normal range,4
inp,Physical Measurements&Body Mass,BMIMCATW,5,Normal range (Adult only),5
inp,Physical Measurements&Body Mass,BMIMCATW,6,Overweight,6
inp,Physical Measurements&Body Mass,BMIMCATW,7,Obese Class 1,7
inp,Physical Measurements&Body Mass,BMIMCATW,8,Obese Class 2 (Adult only),8
inp,Physical Measurements&Body Mass,BMIMCATW,9,Obese Class 3 (Adult only),9
inp,Physical Measurements&Body Mass,BMIMCATW,98,Measurement not taken - refusal,98
inp,Physical Measurements&Body Mass,BMIMCATW,99,Measurement not taken - other reason,99
inp,Physical Measurements&Body Mass,BMISC,0,Not applicable,0
inp,Physical Measurements&Body Mass,BMISC,98,Not measured,98
inp,Physical Measurements&Body Mass,BMISC,99,Not known,99
inp,Physical Measurements&Body Mass,PHDKGW2,0,Not applicable,0
inp,Physical Measurements&Body Mass,PHDKGW2,1,to 150. Continuous - one decimal*,1
inp,Physical Measurements&Body Mass,PHDKGW2,997,Measurement not taken - equipment faulty,997
inp,Physical Measurements&Body Mass,PHDKGW2,998,Measurement not taken - refusal,998
inp,Physical Measurements&Body Mass,PHDKGW2,999,Measurement not taken - other reason,999
inp,Physical Measurements&Body Mass,PHDCMH2,0,Not applicable,0
inp,Physical Measurements&Body Mass,PHDCMH2,1,to 210. Continuous - one decimal*,1
inp,Physical Measurements&Body Mass,PHDCMH2,997,Measurement not taken - equipment faulty,997
inp,Physical Measurements&Body Mass,PHDCMH2,998,Measurement not taken - refusal,998
inp,Physical Measurements&Body Mass,PHDCMH2,999,Measurement not taken - other reason,999
inp,Physical Measurements&Body Mass,PHDCMWBC,0,Not applicable,0
inp,Physical Measurements&Body Mass,PHDCMWBC,68,68cm and under,68
inp,Physical Measurements&Body Mass,PHDCMWBC,69,to 139. Continuous - one decimal,69
inp,Physical Measurements&Body Mass,PHDCMWBC,140,140cm and over,140
inp,Physical Measurements&Body Mass,PHDCMWBC,998,Measurement not taken - refusal,998
inp,Physical Measurements&Body Mass,PHDCMWBC,999,Measurement not taken - other reason,999
inp,Physical Measurements&Body Mass,PHDWCATM,0,Not applicable,0
inp,Physical Measurements&Body Mass,PHDWCATM,1,Not at risk (less than 94cm),1
inp,Physical Measurements&Body Mass,PHDWCATM,2,Increased risk (more than or equal to 94cm),2
inp,Physical Measurements&Body Mass,PHDWCATM,3,Substantially increased risk (more than or equal to 102cm ),3
inp,Physical Measurements&Body Mass,PHDWCATM,9,Not measured/Unable to be determined,9
inp,Physical Measurements&Body Mass,PHDWCATF,0,Not applicable,0
inp,Physical Measurements&Body Mass,PHDWCATF,1,Not at risk (less than 80cm),1
inp,Physical Measurements&Body Mass,PHDWCATF,2,Increased risk (more than or equal to 80cm),2
inp,Physical Measurements&Body Mass,PHDWCATF,3,Substantially increased risk (more than or equal to 88cm),3
inp,Physical Measurements&Body Mass,PHDWCATF,9,Not measured/Unable to be determined,9
inp,Physical Measurements&Body Mass,PHDHIP,0,Not applicable,0
inp,Physical Measurements&Body Mass,PHDHIP,1,to 200. Continuous - one decimal*,1
inp,Physical Measurements&Body Mass,PHDHIP,998,Measurement not taken - refusal,998
inp,Physical Measurements&Body Mass,PHDHIP,999,Measurement not taken - other reason,999
inp,Physical Measurements&Body Mass,WHRSC,0,Not applicable,0
inp,Physical Measurements&Body Mass,WHRSC,98,Measurement not taken - refusal,98
inp,Physical Measurements&Body Mass,WHRSC,99,Measurement not taken - other reason,99
inp,Physical Measurements&Body Mass,WHRCAT,0,Not applicable,0
inp,Physical Measurements&Body Mass,WHRCAT,1,At increased risk,1
inp,Physical Measurements&Body Mass,WHRCAT,2,Not at increased risk,2
inp,Physical Measurements&Body Mass,WHRCAT,9,Not measured/Unable to be determined,9
inp,Physical Measurements&Body Mass,BPCAT,0,Not applicable,0
inp,Physical Measurements&Body Mass,BPCAT,1,Normal (<120/80),1
inp,Physical Measurements&Body Mass,BPCAT,2,Normal - high (from 120/80 to < 140/90),2
inp,Physical Measurements&Body Mass,BPCAT,3,High (from 140/90 to <160/100),3
inp,Physical Measurements&Body Mass,BPCAT,4,Very high (from 160/100 to <180/110),4
inp,Physical Measurements&Body Mass,BPCAT,5,Severe (from 180/110),5
inp,Physical Measurements&Body Mass,BPCAT,6,Valid reading not obtained,6
inp,Physical Measurements&Body Mass,BPCAT,7,Measurement not taken,7
inp,Physical Measurements&Body Mass,SYSTOL,0,Not applicable,0
inp,Physical Measurements&Body Mass,SYSTOL,1,to 997. Continuous,1
inp,Physical Measurements&Body Mass,SYSTOL,998,Valid reading not obtained,998
inp,Physical Measurements&Body Mass,SYSTOL,999,Not measured,999
inp,Physical Measurements&Body Mass,DIASTOL,0,Not applicable,0
inp,Physical Measurements&Body Mass,DIASTOL,1,to 997. Continuous,1
inp,Physical Measurements&Body Mass,DIASTOL,998,Valid reading not obtained,998
inp,Physical Measurements&Body Mass,DIASTOL,999,Not measured,999
inp,Biomedical level,FASTSTAD,0,Not applicable,0
inp,Biomedical level,FASTSTAD,1,Fasted (8 hours or more),1
inp,Biomedical level,FASTSTAD,2,Did not fast,2
inp,Biomedical level,BIORESPC,0,Not applicable,0
inp,Biomedical level,BIORESPC,1,Did not proceed to Biomedical component,1
inp,Biomedical level,BIORESPC,2,Biomedical participant,2
inp,Biomedical level,MONTHCOL,1,January,1
inp,Biomedical level,MONTHCOL,2,February,2
inp,Biomedical level,MONTHCOL,3,March,3
inp,Biomedical level,MONTHCOL,4,April,4
inp,Biomedical level,MONTHCOL,5,May,5
inp,Biomedical level,MONTHCOL,6,June,6
inp,Biomedical level,MONTHCOL,7,July,7
inp,Biomedical level,MONTHCOL,8,August,8
inp,Biomedical level,MONTHCOL,9,September,9
inp,Biomedical level,MONTHCOL,10,October,10
inp,Biomedical level,MONTHCOL,11,November,11
inp,Biomedical level,MONTHCOL,12,December,12
inp,Biomedical level,MONTHCOL,97,Not applicable,97
inp,Biomedical level,MONTHCOL,98,Not reported,98
inp,Biomedical level,ABRSKRGC,1,Less than 10%,1
inp,Biomedical level,ABRSKRGC,2,10% to less than or equal to 15%,2
inp,Biomedical level,ABRSKRGC,3,Greater than 15%,3
inp,Biomedical level,ABRSKRGC,4,Auto High Risk (greater than 15%),4
inp,Biomedical level,ABRSKRGC,5,Auto High Risk (prior CVD event),5
inp,Biomedical level,ABRSKRGC,7,Not applicable,7
inp,Biomedical level,ABRSKRGC,9,Unable to calculate,9
inp,Biomedical level,ABRSKFLG,0,Not applicable,0
inp,Biomedical level,ABRSKFLG,1,All data available for Absolute risk calculation,1
inp,Biomedical level,ABRSKFLG,2,One or more components missing from Absolute risk calculation,2
inp,Biomedical level,CHOLNTR,0,Not applicable,0
inp,Biomedical level,CHOLNTR,1,Normal total cholesterol,1
inp,Biomedical level,CHOLNTR,2,Abnormal total cholesterol,2
inp,Biomedical level,CHOLNTR,8,Not reported,8
inp,Biomedical level,CHOLRESB,01,Less than 4.0,1
inp,Biomedical level,CHOLRESB,02,4.0 to less than 4.5,2
inp,Biomedical level,CHOLRESB,03,4.5 to less than 5.0,3
inp,Biomedical level,CHOLRESB,04,5.0 to less than 5.5,4
inp,Biomedical level,CHOLRESB,05,5.5 to less than 6.0,5
inp,Biomedical level,CHOLRESB,06,6.0 to less than 6.5,6
inp,Biomedical level,CHOLRESB,07,6.5 to less than 7.0,7
inp,Biomedical level,CHOLRESB,08,7.0 or more,8
inp,Biomedical level,CHOLRESB,97,Not applicable,97
inp,Biomedical level,CHOLRESB,98,Not reported,98
inp,Biomedical level,HDLCHNTR,0,Not applicable,0
inp,Biomedical level,HDLCHNTR,1,Normal HDL cholesterol (non sex dependent),1
inp,Biomedical level,HDLCHNTR,2,Abnormal HDL cholesterol (non sex dependent),2
inp,Biomedical level,HDLCHNTR,8,Not reported,8
inp,Biomedical level,HDLCHSEX,0,Not applicable,0
inp,Biomedical level,HDLCHSEX,1,Normal HDL cholesterol (sex dependent),1
inp,Biomedical level,HDLCHSEX,2,Abnormal HDL cholesterol (sex dependent),2
inp,Biomedical level,HDLCHSEX,8,Not reported,8
inp,Biomedical level,HDLCHREB,1,Less than 1.0,1
inp,Biomedical level,HDLCHREB,2,1.0 to less than 1.3,2
inp,Biomedical level,HDLCHREB,3,1.3 to less than 1.5,3
inp,Biomedical level,HDLCHREB,4,1.5 to less than 2.0,4
inp,Biomedical level,HDLCHREB,5,2.0 to less than 2.5,5
inp,Biomedical level,HDLCHREB,6,2.5 or more,6
inp,Biomedical level,HDLCHREB,7,Not applicable,7
inp,Biomedical level,HDLCHREB,8,Not reported,8
inp,Biomedical level,LDLNTR,0,Not applicable,0
inp,Biomedical level,LDLNTR,1,Normal LDL cholesterol,1
inp,Biomedical level,LDLNTR,2,Abnormal LDL cholesterol,2
inp,Biomedical level,LDLNTR,8,Not reported,8
inp,Biomedical level,LDLRESB,01,Less than 1.5,1
inp,Biomedical level,LDLRESB,02,1.5 to less than 2.0,2
inp,Biomedical level,LDLRESB,03,2.0 to less than 2.5,3
inp,Biomedical level,LDLRESB,04,2.5 to less than 3.0,4
inp,Biomedical level,LDLRESB,05,3.0 to less than 3.5,5
inp,Biomedical level,LDLRESB,06,3.5 to less than 4.0,6
inp,Biomedical level,LDLRESB,07,4.0 to less than 4.5,7
inp,Biomedical level,LDLRESB,08,4.5 or more,8
inp,Biomedical level,LDLRESB,97,Not applicable,97
inp,Biomedical level,LDLRESB,98,Not reported,98
inp,Biomedical level,TRIGNTR,0,Not applicable,0
inp,Biomedical level,TRIGNTR,1,Normal triglycerides,1
inp,Biomedical level,TRIGNTR,2,Abnormal triglycerides,2
inp,Biomedical level,TRIGNTR,8,Not reported,8
inp,Biomedical level,TRIGRESB,01,Less than 0.5,1
inp,Biomedical level,TRIGRESB,02,0.5 to less than 1.0,2
inp,Biomedical level,TRIGRESB,03,1.0 to less than 1.5,3
inp,Biomedical level,TRIGRESB,04,1.5 to less than 2.0,4
inp,Biomedical level,TRIGRESB,05,2.0 to less than 2.5,5
inp,Biomedical level,TRIGRESB,06,2.5 to less than 3.0,6
inp,Biomedical level,TRIGRESB,07,3.0 or more,7
inp,Biomedical level,TRIGRESB,97,Not applicable,97
inp,Biomedical level,TRIGRESB,98,Not reported,98
inp,Biomedical level,APOBNTR,0,Not applicable,0
inp,Biomedical level,APOBNTR,1,Normal ApoB,1
inp,Biomedical level,APOBNTR,2,Abnormal ApoB,2
inp,Biomedical level,APOBNTR,8,Not reported,8
inp,Biomedical level,APOBRESB,01,0.7 or less,1
inp,Biomedical level,APOBRESB,02,More than 0.7 to 0.8,2
inp,Biomedical level,APOBRESB,03,More than 0.8 to 0.9,3
inp,Biomedical level,APOBRESB,04,More than 0.9 to 1.0,4
inp,Biomedical level,APOBRESB,05,More than 1.0 to 1.1,5
inp,Biomedical level,APOBRESB,06,More than 1.1 to 1.2,6
inp,Biomedical level,APOBRESB,07,More than 1.2 to 1.3,7
inp,Biomedical level,APOBRESB,08,More than 1.3 to 1.4,8
inp,Biomedical level,APOBRESB,09,More than 1.4,9
inp,Biomedical level,APOBRESB,97,Not applicable,97
inp,Biomedical level,APOBRESB,98,Not reported,98
inp,Biomedical level,CVDMEDST,0,Not applicable,0
inp,Biomedical level,CVDMEDST,1,Has dyslipidaemia (using lipid medication and has abnormal lipid levels),1
inp,Biomedical level,CVDMEDST,2,Has dyslipidaemia (using lipid medication and has normal lipid levels),2
inp,Biomedical level,CVDMEDST,3,Has dyslipidaemia (not using lipid medication and has abnormal results),3
inp,Biomedical level,CVDMEDST,4,Does not have dyslipidaemia,4
inp,Biomedical level,CVDMEDST,8,Not reported,8
inp,Biomedical level,GLUCFPD,0,Not applicable,0
inp,Biomedical level,GLUCFPD,1,Fasting plasma glucose indicates no diabetes,1
inp,Biomedical level,GLUCFPD,2,Impaired fasting plasma glucose,2
inp,Biomedical level,GLUCFPD,3,Fasting plasma glucose indicates diabetes,3
inp,Biomedical level,GLUCFPD,8,Not reported,8
inp,Biomedical level,GLUCFREB,01,Less than 4.5,1
inp,Biomedical level,GLUCFREB,02,4.5 to less than 5.0,2
inp,Biomedical level,GLUCFREB,03,5.0 to less than 5.5,3
inp,Biomedical level,GLUCFREB,04,5.5 to less than 6.1,4
inp,Biomedical level,GLUCFREB,05,6.1 to less than 7.0,5
inp,Biomedical level,GLUCFREB,06,7.0 to less than 7.5,6
inp,Biomedical level,GLUCFREB,07,7.5 or more,7
inp,Biomedical level,GLUCFREB,97,Not applicable,97
inp,Biomedical level,GLUCFREB,98,Not reported,98
inp,Biomedical level,DIAHBRSK,0,Not applicable,0
inp,Biomedical level,DIAHBRSK,1,Normal - HbA1c < 6.0%,1
inp,Biomedical level,DIAHBRSK,2,At risk of diabetes - HbA1c 6.0 - 6.4 %,2
inp,Biomedical level,DIAHBRSK,3,Indicates diabetes - HbA1c greater than or equal to 6.5%,3
inp,Biomedical level,DIAHBRSK,8,Not reported,8
inp,Biomedical level,HBA1PREB,1,Less than 5.0,1
inp,Biomedical level,HBA1PREB,2,5.0 to less than 5.5,2
inp,Biomedical level,HBA1PREB,3,5.5 to less than 6.0,3
inp,Biomedical level,HBA1PREB,4,6.0 to less than 6.5,4
inp,Biomedical level,HBA1PREB,5,6.5 to less than 7.0,5
inp,Biomedical level,HBA1PREB,6,7.0 or more,6
inp,Biomedical level,HBA1PREB,7,Not applicable,7
inp,Biomedical level,HBA1PREB,8,Not reported,8
inp,Biomedical level,DIAHMRSK,0,Not applicable,0
inp,Biomedical level,DIAHMRSK,1,Normal - HbA1c <42 mmol/mol,1
inp,Biomedical level,DIAHMRSK,2,At risk of diabetes - HbA1c 42-47 mmol/mol,2
inp,Biomedical level,DIAHMRSK,3,Indicates diabetes - HbA1c greater than or equal to 48 mmol/mol,3
inp,Biomedical level,DIAHMRSK,8,Not reported,8
inp,Biomedical level,HBA1MREB,1,Less than 36,1
inp,Biomedical level,HBA1MREB,2,36 to less than 39,2
inp,Biomedical level,HBA1MREB,3,39 to less than 42,3
inp,Biomedical level,HBA1MREB,4,42 to less than 45,4
inp,Biomedical level,HBA1MREB,5,45 to less than 48,5
inp,Biomedical level,HBA1MREB,6,48 or more,6
inp,Biomedical level,HBA1MREB,7,Not applicable,7
inp,Biomedical level,HBA1MREB,8,Not reported,8
inp,Biomedical level,DIABPRVE,00,Not applicable,0
inp,Biomedical level,DIABPRVE,01,Has diabetes - Known diabetes,1
inp,Biomedical level,DIABPRVE,02,Has diabetes - Newly diagnosed diabetes,2
inp,Biomedical level,DIABPRVE,03,Does not have diabetes - Normal,3
inp,Biomedical level,DIABPRVE,04,Does not have diabetes - At risk of diabetes,4
inp,Biomedical level,DIABPRVE,08,Not reported,8
inp,Biomedical level,DIABFPGE,00,Not applicable,0
inp,Biomedical level,DIABFPGE,01,Has diabetes - Known diabetes,1
inp,Biomedical level,DIABFPGE,02,Has diabetes - Newly diagnosed diabetes,2
inp,Biomedical level,DIABFPGE,03,Does not have diabetes - Normal fasting plasma glucose,3
inp,Biomedical level,DIABFPGE,04,Does not have diabetes - Impaired fasting plasma glucose,4
inp,Biomedical level,DIABFPGE,08,Not reported,8
inp,Biomedical level,ACRNTR,0,Not applicable,0
inp,Biomedical level,ACRNTR,1,No presence of albuminuria,1
inp,Biomedical level,ACRNTR,2,Presence of albuminuria,2
inp,Biomedical level,ACRNTR,8,Not reported,8
inp,Biomedical level,ACRIPA,0,Not applicable,0
inp,Biomedical level,ACRIPA,1,Normoalbuminuria,1
inp,Biomedical level,ACRIPA,2,Microalbuminuria,2
inp,Biomedical level,ACRIPA,3,Macroalbuminuria,3
inp,Biomedical level,ACRIPA,8,Not reported,8
inp,Biomedical level,EGFRIMP,0,Not applicable,0
inp,Biomedical level,EGFRIMP,1,Normal eGFR,1
inp,Biomedical level,EGFRIMP,2,Impaired eGFR,2
inp,Biomedical level,EGFRIMP,8,Not reported,8
inp,Biomedical level,EGFRKDSA,0,Not applicable,0
inp,Biomedical level,EGFRKDSA,1,No indicators of CKD,1
inp,Biomedical level,EGFRKDSA,2,Stage 1,2
inp,Biomedical level,EGFRKDSA,3,Stage 2,3
inp,Biomedical level,EGFRKDSA,4,Stage 3a,4
inp,Biomedical level,EGFRKDSA,5,Stage 3b,5
inp,Biomedical level,EGFRKDSA,6,Stage 4-5,6
inp,Biomedical level,EGFRKDSA,8,Not reported,8
inp,Biomedical level,EGFRRESB,1,90 or more,1
inp,Biomedical level,EGFRRESB,2,75 to 89,2
inp,Biomedical level,EGFRRESB,3,60 to 74,3
inp,Biomedical level,EGFRRESB,4,45 to 59,4
inp,Biomedical level,EGFRRESB,5,30 to 44,5
inp,Biomedical level,EGFRRESB,6,Less than 30,6
inp,Biomedical level,EGFRRESB,97,Not applicable,97
inp,Biomedical level,EGFRRESB,98,Not reported,98
inp,Biomedical level,ALTNTR,0,Not applicable,0
inp,Biomedical level,ALTNTR,1,Normal ALT,1
inp,Biomedical level,ALTNTR,2,Abnormal ALT,2
inp,Biomedical level,ALTNTR,8,Not reported,8
inp,Biomedical level,ALTRESB,1,Less than 10,1
inp,Biomedical level,ALTRESB,2,10 to less than 15,2
inp,Biomedical level,ALTRESB,3,15 to less than 20,3
inp,Biomedical level,ALTRESB,4,20 to less than 25,4
inp,Biomedical level,ALTRESB,5,25 to less than 30,5
inp,Biomedical level,ALTRESB,6,30 to less than 35,6
inp,Biomedical level,ALTRESB,7,35 to less than 40,7
inp,Biomedical level,ALTRESB,8,40 to less than 45,8
inp,Biomedical level,ALTRESB,9,45 to less than 50,9
inp,Biomedical level,ALTRESB,10,50 or more,10
inp,Biomedical level,ALTRESB,97,Not applicable,97
inp,Biomedical level,ALTRESB,98,Not reported,98
inp,Biomedical level,GGTNTR,0,Not applicable,0
inp,Biomedical level,GGTNTR,1,Normal GGT,1
inp,Biomedical level,GGTNTR,2,Abnormal GGT,2
inp,Biomedical level,GGTNTR,8,Not reported,8
inp,Biomedical level,GGTRESB,1,10 or less,1
inp,Biomedical level,GGTRESB,2,More than 10 to 15,2
inp,Biomedical level,GGTRESB,3,More than 15 to 20,3
inp,Biomedical level,GGTRESB,4,More than 20 to 25,4
inp,Biomedical level,GGTRESB,5,More than 25 to 30,5
inp,Biomedical level,GGTRESB,6,More than 30 to 35,6
inp,Biomedical level,GGTRESB,7,More than 35 to 40,7
inp,Biomedical level,GGTRESB,8,More than 40 to 45,8
inp,Biomedical level,GGTRESB,9,More than 45 to 50,9
inp,Biomedical level,GGTRESB,10,More than 50 to 55,10
inp,Biomedical level,GGTRESB,11,More than 55 to 60,11
inp,Biomedical level,GGTRESB,12,More than 60,12
inp,Biomedical level,GGTRESB,97,Not applicable,97
inp,Biomedical level,GGTRESB,98,Not reported,98
inp,Biomedical level,COTINIES,0,Not applicable,0
inp,Biomedical level,COTINIES,1,Cotinine levels greater than or equal to 140 nmol/L,1
inp,Biomedical level,COTINIES,2,Cotinine levels less than 140 nmol/L,2
inp,Biomedical level,COTINIES,8,Not reported,8
inp,Biomedical level,FOLATREB,1,Less than 8.0,1
inp,Biomedical level,FOLATREB,2,8.0 to less than 11.0,2
inp,Biomedical level,FOLATREB,3,11.0 to less than 15.0,3
inp,Biomedical level,FOLATREB,4,15.0 to less than 20.0,4
inp,Biomedical level,FOLATREB,5,20.0 to less than 25.0,5
inp,Biomedical level,FOLATREB,6,25.0 to less than 30.0,6
inp,Biomedical level,FOLATREB,7,30.0 to less than 35.0,7
inp,Biomedical level,FOLATREB,8,35.0 to less than 40.0,8
inp,Biomedical level,FOLATREB,9,40.0 to less than 45.0,9
inp,Biomedical level,FOLATREB,10,45.0 or more,10
inp,Biomedical level,FOLATREB,97,Not applicable,97
inp,Biomedical level,FOLATREB,98,Not reported,98
inp,Biomedical level,B12RESB,1,Less than 145,1
inp,Biomedical level,B12RESB,2,145 to less than 180,2
inp,Biomedical level,B12RESB,3,180 to less than 220,3
inp,Biomedical level,B12RESB,4,220 to less than 300,4
inp,Biomedical level,B12RESB,5,300 to less than 400,5
inp,Biomedical level,B12RESB,6,400 to less than 500,6
inp,Biomedical level,B12RESB,7,500 to less than 600,7
inp,Biomedical level,B12RESB,8,600 to less than 800,8
inp,Biomedical level,B12RESB,9,800 or more,9
inp,Biomedical level,B12RESB,97,Not applicable,97
inp,Biomedical level,B12RESB,98,Not reported,98
inp,Biomedical level,HBDAP,0,Not applicable,0
inp,Biomedical level,HBDAP,1,Normal haemoglobin,1
inp,Biomedical level,HBDAP,2,At risk of anaemia,2
inp,Biomedical level,HBDAP,8,Not reported,8
inp,Biomedical level,FERRCRPB,1,Less than 12,1
inp,Biomedical level,FERRCRPB,2,12 to less than 15,2
inp,Biomedical level,FERRCRPB,3,15 to less than 20,3
inp,Biomedical level,FERRCRPB,4,20 to less than 30,4
inp,Biomedical level,FERRCRPB,5,30 to less than 50,5
inp,Biomedical level,FERRCRPB,6,50 to less than 150,6
inp,Biomedical level,FERRCRPB,7,150 to less than 200,7
inp,Biomedical level,FERRCRPB,8,200 to less than 300,8
inp,Biomedical level,FERRCRPB,9,300 to less than 500,9
inp,Biomedical level,FERRCRPB,10,500 to less than 750,10
inp,Biomedical level,FERRCRPB,11,750 or more,11
inp,Biomedical level,FERRCRPB,97,Not applicable,97
inp,Biomedical level,FERRCRPB,98,Not stated,98
inp,Biomedical level,SOLTRREB,1,1.5 or less,1
inp,Biomedical level,SOLTRREB,2,More than 1.5 to 2.0,2
inp,Biomedical level,SOLTRREB,3,More than 2.0 to 2.5,3
inp,Biomedical level,SOLTRREB,4,More than 2.5 to 3.0,4
inp,Biomedical level,SOLTRREB,5,More than 3.0 to 4.0,5
inp,Biomedical level,SOLTRREB,6,More than 4.0,6
inp,Biomedical level,SOLTRREB,7,Not applicable,7
inp,Biomedical level,SOLTRREB,8,Not reported,8
inp,Biomedical level,VDLCMRGT,0,Not applicable,0
inp,Biomedical level,VDLCMRGT,1,Adequate vitamin D levels (>= 50 nmol/L),1
inp,Biomedical level,VDLCMRGT,2,Mild vitamin D deficiency (30-49 nmol/L),2
inp,Biomedical level,VDLCMRGT,3,Moderate/Severe vitamin D deficiency (<30 nmol/L),3
inp,Biomedical level,VDLCMRGT,8,Not reported,8
inp,Biomedical level,VDLCMREB,1,Less than 20,1
inp,Biomedical level,VDLCMREB,2,20 to less than 30,2
inp,Biomedical level,VDLCMREB,3,30 to less than 40,3
inp,Biomedical level,VDLCMREB,4,40 to less than 50,4
inp,Biomedical level,VDLCMREB,5,50 to less than 60,5
inp,Biomedical level,VDLCMREB,6,60 to less than 70,6
inp,Biomedical level,VDLCMREB,7,70 to less than 80,7
inp,Biomedical level,VDLCMREB,8,80 to less than 90,8
inp,Biomedical level,VDLCMREB,9,90 to less than 100,9
inp,Biomedical level,VDLCMREB,10,100 to less than 110,10
inp,Biomedical level,VDLCMREB,11,110 to less than 120,11
inp,Biomedical level,VDLCMREB,12,120 to less than 130,12
inp,Biomedical level,VDLCMREB,13,More than 130,13
inp,Biomedical level,VDLCMREB,97,Not applicable,97
inp,Biomedical level,VDLCMREB,98,Not reported,98
inp,Conditions level,ICD10ME,01,Diabetes Type 1 ICD-10 E10,1
inp,Conditions level,ICD10ME,02,Diabetes Type 2 ICD-10 E11,2
inp,Conditions level,ICD10ME,03,Diabetes Type unknown ICD-10 E12-E14,3
inp,Conditions level,ICD10ME,04,Gestational diabetes ICD-10 O24,4
inp,Conditions level,ICD10ME,05,High sugar levels in blood/urine ICD-10 R73,5
inp,Conditions level,ICD10ME,06,High cholesterol ICD-10 E78,6
inp,Conditions level,ICD10ME,07,Hypertensive disease ICD-10 I10-I15,7
inp,Conditions level,ICD10ME,08,Angina ICD-10 I20,8
inp,Conditions level,ICD10ME,09,"Other Ischaemic heart diseases ICD-10 I21-I25, I42, I44-I46",9
inp,Conditions level,ICD10ME,10,Heart failure ICD-10 I50,10
inp,Conditions level,ICD10ME,11,"Other heart diseases ICD-10 I26-I41, I43, I48-I49, I51-I52",11
inp,Conditions level,ICD10ME,12,Tachycardia ICD-10 I47,12
inp,Conditions level,ICD10ME,13,Stroke and Other cerebrovascular diseases ICD-10 I60-I69,13
inp,Conditions level,ICD10ME,15,Oedema ICD-10 R60,15
inp,Conditions level,ICD10ME,16,"Diseases of arteries, arterioles, and capillaries ICD-10 I70-I79",16
inp,Conditions level,ICD10ME,17,Haemorrhoids ICD-10 I84,17
inp,Conditions level,ICD10ME,18,"Varicose veins ICD-10 I83, I85, I86",18
inp,Conditions level,ICD10ME,19,"Other diseases of veins, lymphatic vessels ICD-10 I80-I82, I87-I89",19
inp,Conditions level,ICD10ME,20,Low blood pressure ICD-10 I95,20
inp,Conditions level,ICD10ME,21,Other diseases of circulatory system ICD-10 I01-I09,21
inp,Conditions level,ICD10ME,22,Cardiac murmurs and cardiac sounds ICD-10 R01,22
inp,Conditions level,ICD10ME,23,"Other signs, symptoms involving circulatory system ICD-10 I97-I99, R07.2",23
inp,Conditions level,ICD10ME,24,Kidney Disease ICD-10 N00-N29,24
inp,Conditions level,ICD10ME,25,Does not have selected conditions,25
inp,Conditions level,AHSSTAT,1,"Ever told has condition, still current and long-term",1
inp,Conditions level,AHSSTAT,2,"Ever told has condition, still current but not long-term",2
inp,Conditions level,AHSSTAT,3,"Ever told has condition, not current",3
inp,Conditions level,AHSSTAT,5,"Never told has selected condition, not current or long-term",5
inp,Adult PA level,TYPMOVIC,100,Aerobics/exercising (other),100
inp,Adult PA level,TYPMOVIC,120,Aqua aerobics,120
inp,Adult PA level,TYPMOVIC,130,Archery,130
inp,Adult PA level,TYPMOVIC,150,Australian rules football (AFL),150
inp,Adult PA level,TYPMOVIC,160,Badminton,160
inp,Adult PA level,TYPMOVIC,180,Basketball (indoor & outdoor),180
inp,Adult PA level,TYPMOVIC,220,Boxing,220
inp,Adult PA level,TYPMOVIC,231,Kayaking,231
inp,Adult PA level,TYPMOVIC,260,Cricket (outdoor),260
inp,Adult PA level,TYPMOVIC,290,Bike riding,290
inp,Adult PA level,TYPMOVIC,292,Cycling,292
inp,Adult PA level,TYPMOVIC,301,Boot scooting,301
inp,Adult PA level,TYPMOVIC,304,Dancing (other),304
inp,Adult PA level,TYPMOVIC,330,Circuits,330
inp,Adult PA level,TYPMOVIC,332,Exercise biking,332
inp,Adult PA level,TYPMOVIC,333,Fitness centre activities,333
inp,Adult PA level,TYPMOVIC,334,Gymnasium workouts,334
inp,Adult PA level,TYPMOVIC,336,Weight training (for fitness - other),336
inp,Adult PA level,TYPMOVIC,341,Fishing,341
inp,Adult PA level,TYPMOVIC,352,Touch football,352
inp,Adult PA level,TYPMOVIC,370,Golf,370
inp,Adult PA level,TYPMOVIC,380,Circus acrobatics,380
inp,Adult PA level,TYPMOVIC,390,Handball,390
inp,Adult PA level,TYPMOVIC,410,Hockey (indoor & outdoor),410
inp,Adult PA level,TYPMOVIC,430,Horse riding / equestrian activities,430
inp,Adult PA level,TYPMOVIC,450,Jogging,450
inp,Adult PA level,TYPMOVIC,451,Running,451
inp,Adult PA level,TYPMOVIC,480,Lawn bowls,480
inp,Adult PA level,TYPMOVIC,503,Kickboxing,503
inp,Adult PA level,TYPMOVIC,504,Taekwondo,504
inp,Adult PA level,TYPMOVIC,505,Tai Chi,505
inp,Adult PA level,TYPMOVIC,530,Netball (indoor & outdoor ),530
inp,Adult PA level,TYPMOVIC,550,Pilates,550
inp,Adult PA level,TYPMOVIC,580,Rowing,580
inp,Adult PA level,TYPMOVIC,600,Rugby league (football),600
inp,Adult PA level,TYPMOVIC,610,Rugby union (football),610
inp,Adult PA level,TYPMOVIC,634,Shooting sport (other),634
inp,Adult PA level,TYPMOVIC,641,Skateboarding,641
inp,Adult PA level,TYPMOVIC,650,Soccer (indoor),650
inp,Adult PA level,TYPMOVIC,660,Soccer (outdoor),660
inp,Adult PA level,TYPMOVIC,670,Softball,670
inp,Adult PA level,TYPMOVIC,680,Squash,680
inp,Adult PA level,TYPMOVIC,700,Surfing,700
inp,Adult PA level,TYPMOVIC,710,Swimming,710
inp,Adult PA level,TYPMOVIC,730,Tennis (indoor & outdoor),730
inp,Adult PA level,TYPMOVIC,740,Tenpin bowling,740
inp,Adult PA level,TYPMOVIC,750,Dirt bike riding (motorised),750
inp,Adult PA level,TYPMOVIC,770,Volleyball ( Indoor & Outdoor ),770
inp,Adult PA level,TYPMOVIC,830,Wood chopping,830
inp,Adult PA level,TYPMOVIC,850,Yoga,850
inp,Adult PA level,TYPMOVIC,890,Dog shows,890
inp,Adult PA level,TYPMOVIC,891,Playing,891
inp,Adult PA level,TYPMOVIC,977,Other - NFD,977
inp,Adult PA level,TYPMOVIC,988,No moderate/vigorous activity undertaken,988
inp,Adult PA level,TYPMOVIC,999,Not applicable,999
inp,Adult PA level,WACTORG,0,Not applicable,0
inp,Adult PA level,WACTORG,1,All activity organised,1
inp,Adult PA level,WACTORG,2,Some activity organised,2
inp,Adult PA level,WACTORG,3,Activity not organised,3
inp,Adult PA level,WACTORG,4,Not known,4
inp,Adult PA level,WACTORG,5,Did no activity,5
inp,Adult PA level,METADULT,0,Not applicable,0
inp,Adult PA level,METADULT,2,5 to 13.3 Continuous,2
inp,Adult PA level,METADULT,99,Not known,99
inp,Child (5-17) PA levels,CPADAY,0,Not applicable,0
inp,Child (5-17) PA levels,CPADAY,1,Monday,1
inp,Child (5-17) PA levels,CPADAY,2,Tuesday,2
inp,Child (5-17) PA levels,CPADAY,3,Wednesday,3
inp,Child (5-17) PA levels,CPADAY,4,Thursday,4
inp,Child (5-17) PA levels,CPADAY,5,Friday,5
inp,Child (5-17) PA levels,CPADAY,6,Saturday,6
inp,Child (5-17) PA levels,CPADAY,7,Sunday,7
inp,Child (5-17) PA levels,DAYTYPE,0,Not applicable,0
inp,Child (5-17) PA levels,DAYTYPE,1,Weekday,1
inp,Child (5-17) PA levels,DAYTYPE,2,Weekend,2
inp,Child (5-17) PA levels,DAYORDE3,0,Not applicable,0
inp,Child (5-17) PA levels,DAYORDE3,1,First,1
inp,Child (5-17) PA levels,DAYORDE3,2,Second,2
inp,Child (5-17) PA levels,DAYORDE3,3,Third,3
inp,Child (5-17) PA levels,CPASCDAY,0,Not applicable,0
inp,Child (5-17) PA levels,CPASCDAY,1,Went to school,1
inp,Child (5-17) PA levels,CPASCDAY,2,Did not go to school / home schooled,2
inp,Child (5-17) PA levels,CPASCDAY,3,Does not attend school,3
inp,Child (5-17) PA levels,CPAMBTHD,0,Not applicable,0
inp,Child (5-17) PA levels,CPAMBTHD,1,Met physical activity and screen-based sedentary activity recommendations that day,1
inp,Child (5-17) PA levels,CPAMBTHD,2,Did not meet physical activity and screen-based sedentary activity recommendations that day,2
inp,Child (5-17) PA levels,CPAMBTHD,3,Not known,3
inp,Child (5-17) PA levels,PA1HRDAY,0,Not applicable,0
inp,Child (5-17) PA levels,PA1HRDAY,1,Did physical activity for at least 60 mins that day,1
inp,Child (5-17) PA levels,PA1HRDAY,2,Did physical activity for less than 60 minutes that day,2
inp,Child (5-17) PA levels,PA1HRDAY,3,Not known,3
inp,Child (5-17) PA levels,SE2HRDAY,0,Not applicable,0
inp,Child (5-17) PA levels,SE2HRDAY,1,Did no more than 120 mins screen-based activity (excluding homework) that day,1
inp,Child (5-17) PA levels,SE2HRDAY,2,Did more than 120 mins screen-based activity (excluding homework) that day,2
inp,Child (5-17) PA levels,SE2HRDAY,3,Not known,3
inp,Child (5-17) PA levels,SE2HDYHW,0,Not applicable,0
inp,Child (5-17) PA levels,SE2HDYHW,1,Did no more than 120 mins screen-based activity (including homework) that day,1
inp,Child (5-17) PA levels,SE2HDYHW,2,Did more than 120 mins screen-based activity (including homework) that day,2
inp,Child (5-17) PA levels,SE2HDYHW,3,Not known,3
inp,Child (5-17) PA levels,SE2HDYHW,4,Public transport (inc.bus/ferry/train/tram),4
inp,Child (5-17) PA levels,SE2HDYHW,5,Private vehicle (including taxi),5
inp,Child (5-17) PA levels,SE2HDYHW,6,None of these,6
inp,Child (5-17) PA levels,SE2HDYHW,7,Did not go anywhere,7
inp,Child (5-17) PA levels,SE2HDYHW,9,Not applicable,9
inp,Child (5-17) PA levels,TOTMSEDE,0,"Did not sit or lie down to do screen-based activities, including for homework, that day",0
inp,Child (5-17) PA levels,TOTMSEDE,1,-959. Continuous,1
inp,Child (5-17) PA levels,TOTMSEDE,960,960 or more,960
inp,Child (5-17) PA levels,TOTMSEDE,9998,Not known,9998
inp,Child (5-17) PA levels,TOTMSEDE,9999,Not applicable,9999
inp,Child (5-17) PA levels,TOMSDNHE,0,"Did not sit or lie down to do screen-based activities, excluding for homework, that day",0
inp,Child (5-17) PA levels,TOMSDNHE,1,-959. Continuous,1
inp,Child (5-17) PA levels,TOMSDNHE,960,960 or more,960
inp,Child (5-17) PA levels,TOMSDNHE,9998,Not known,9998
inp,Child (5-17) PA levels,TOMSDNHE,9999,Not applicable,9999
inp,Child (5-17) PA levels,MINSTVEC,0,Did not sit or lie down to watch television videos or DVDs that day,0
inp,Child (5-17) PA levels,MINSTVEC,1,- 719. Continuous,1
inp,Child (5-17) PA levels,MINSTVEC,720,720 or more,720
inp,Child (5-17) PA levels,MINSTVEC,9998,Not known,9998
inp,Child (5-17) PA levels,MINSTVEC,9999,Not applicable,9999
inp,Child (5-17) PA levels,MINSGAEC,0,Did not sit or lie down to play consoles computer or handheld games that day,0
inp,Child (5-17) PA levels,MINSGAEC,1,- 719. Continuous,1
inp,Child (5-17) PA levels,MINSGAEC,720,720 or more,720
inp,Child (5-17) PA levels,MINSGAEC,9998,Not known,9998
inp,Child (5-17) PA levels,MINSGAEC,9999,Not applicable,9999
inp,Child (5-17) PA levels,SITCOMEC,0,Did not sit or lie down to use computer or Internet (excluding games) that day,0
inp,Child (5-17) PA levels,SITCOMEC,1,- 599. Continuous,1
inp,Child (5-17) PA levels,SITCOMEC,600,600 or more,600
inp,Child (5-17) PA levels,SITCOMEC,9998,Not known,9998
inp,Child (5-17) PA levels,SITCOMEC,9999,Not applicable,9999
inp,Child (5-17) PA levels,SITHWEC,0,Did not sit or lie down to use computer or Internet for homework that day,0
inp,Child (5-17) PA levels,SITHWEC,1,- 179. Continuous,1
inp,Child (5-17) PA levels,SITHWEC,180,180 or more,180
inp,Child (5-17) PA levels,SITHWEC,9998,Not known,9998
inp,Child (5-17) PA levels,SITHWEC,9999,Not applicable,9999
inp,Child (5-17) PA levels,SITCOMLC,0,Did not sit or lie down to use computer or Internet (excluding games and homework) that day,0
inp,Child (5-17) PA levels,SITCOMLC,1,- 599. Continuous,1
inp,Child (5-17) PA levels,SITCOMLC,600,600 or more,600
inp,Child (5-17) PA levels,SITCOMLC,9998,Not known,9998
inp,Child (5-17) PA levels,SITCOMLC,9999,Not applicable,9999
inp,Child (5-17) PA levels,DAY710,0,Not applicable,0
inp,Child (5-17) PA levels,DAY710,1,Monday,1
inp,Child (5-17) PA levels,DAY710,2,Tuesday,2
inp,Child (5-17) PA levels,DAY710,3,Wednesday,3
inp,Child (5-17) PA levels,DAY710,4,Thursday,4
inp,Child (5-17) PA levels,DAY710,5,Friday,5
inp,Child (5-17) PA levels,DAY710,6,Saturday,6
inp,Child (5-17) PA levels,DAY710,7,Sunday,7
inp,Child (5-17) PA levels,DAYTY710,0,Not applicable,0
inp,Child (5-17) PA levels,DAYTY710,1,Weekday,1
inp,Child (5-17) PA levels,DAYTY710,2,Weekend,2
inp,Child (5-17) PA levels,METCHILD,0,Not applicable,0
inp,Child (5-17) PA levels,METCHILD,1,4-10.0 Continuous,1
inp,Child (5-17) PA levels,METCHILD,99,No physical activity on day/Type of activity unknown.,99
inp,Child (5-17) PA levels,CMVACTEC,0,-479. Continuous,0
inp,Child (5-17) PA levels,CMVACTEC,480,480 or more,480
inp,Child (5-17) PA levels,CMVACTEC,9998,Not stated,9998
inp,Child (5-17) PA levels,CMVACTEC,9999,Not applicable,9999
inp,Child (5-17) PA levels,ORGFLAG,0,Not applicable,0
inp,Child (5-17) PA levels,ORGFLAG,1,All activity organised,1
inp,Child (5-17) PA levels,ORGFLAG,2,Some activity organised,2
inp,Child (5-17) PA levels,ORGFLAG,3,Activity not organised,3
inp,Child (5-17) PA levels,ORGFLAG,5,Did no activity that day,5
inp,Child (5-17) PA levels,CMVACTOR,0,-9997. Continuous,0
inp,Child (5-17) PA levels,CMVACTOR,9998,Not stated,9998
inp,Child (5-17) PA levels,CMVACTOR,9999,Not applicable,9999
inp,Child (5-17) PA levels,CMVACTNC,0,-479. Continuous,0
inp,Child (5-17) PA levels,CMVACTNC,480,480 or more,480
inp,Child (5-17) PA levels,CMVACTNC,9998,Not stated,9998
inp,Child (5-17) PA levels,CMVACTNC,9999,Not applicable,9999
inp,Child (2-4) PA level,TPADAY,0,Not applicable,0
inp,Child (2-4) PA level,TPADAY,1,Monday,1
inp,Child (2-4) PA level,TPADAY,2,Tuesday,2
inp,Child (2-4) PA level,TPADAY,3,Wednesday,3
inp,Child (2-4) PA level,TPADAY,4,Thursday,4
inp,Child (2-4) PA level,TPADAY,5,Friday,5
inp,Child (2-4) PA level,TPADAY,6,Saturday,6
inp,Child (2-4) PA level,TPADAY,7,Sunday,7
inp,Child (2-4) PA level,TPADAYO3,0,Not applicable,0
inp,Child (2-4) PA level,TPADAYO3,1,First,1
inp,Child (2-4) PA level,TPADAYO3,2,Second,2
inp,Child (2-4) PA level,TPADAYO3,3,Third,3
inp,Child (2-4) PA level,TPAREDAY,0,Not applicable,0
inp,Child (2-4) PA level,TPAREDAY,1,Met physical and screen-based activity recommendations that day,1
inp,Child (2-4) PA level,TPAREDAY,2,Did not meet physical and screen-based activity recommendations that day,2
inp,Child (2-4) PA level,TPAREDAY,3,Not known,3
inp,Child (2-4) PA level,TPA3HRD,0,Not applicable,0
inp,Child (2-4) PA level,TPA3HRD,1,Did physical activity for at least 180 minutes that day,1
inp,Child (2-4) PA level,TPA3HRD,2,Did physical activity for less than 180 minutes that day,2
inp,Child (2-4) PA level,TPA3HRD,3,Not known,3
inp,Child (2-4) PA level,TPA1HRD,0,Not applicable,0
inp,Child (2-4) PA level,TPA1HRD,1,Did no more than 60 minutes screen-based activity that day,1
inp,Child (2-4) PA level,TPA1HRD,2,Did more than 60 minutes screen-based activity that day,2
inp,Child (2-4) PA level,TPA1HRD,3,Not known,3
inp,Child (2-4) PA level,TPA1HRD,4,"Sitting or lying down to play console, computer or handheld console games",4
inp,Child (2-4) PA level,TPA1HRD,5,Did no physical or screen-based activity on that day,5
inp,Child (2-4) PA level,TPA1HRD,6,Not applicable,6
inp,Child (2-4) PA level,TOTMTOEC,720,720 or more,720
inp,Child (2-4) PA level,TOTMTOEC,9998,Not known,9998
inp,Child (2-4) PA level,TOTMTOEC,9999,Not applicable,9999
inp,Child (2-4) PA level,TOTMINEC,480,480 or more,480
inp,Child (2-4) PA level,TOTMINEC,9998,Not known,9998
inp,Child (2-4) PA level,TOTMINEC,9999,Not applicable,9999
inp,Child (2-4) PA level,TOTMOUEC,540,540 or more,540
inp,Child (2-4) PA level,TOTMOUEC,9998,Not known,9998
inp,Child (2-4) PA level,TOTMOUEC,9999,Not applicable,9999
inp,Child (2-4) PA level,TOTMSCEC,360,360 or more,360
inp,Child (2-4) PA level,TOTMSCEC,9998,Not known,9998
inp,Child (2-4) PA level,TOTMSCEC,9999,Not applicable,9999
inp,Child (2-4) PA level,TOTMTVEC,360,360 or more,360
inp,Child (2-4) PA level,TOTMTVEC,9998,Not known,9998
inp,Child (2-4) PA level,TOTMTVEC,9999,Not applicable,9999
inp,Child (2-4) PA level,TOTMGAEC,120,120 or more,120
inp,Child (2-4) PA level,TOTMGAEC,9998,Not known,9998
inp,Child (2-4) PA level,TOTMGAEC,9999,Not applicable,9999
inp,Pedometer level,DAYWPED,0,Not applicable,0
inp,Pedometer level,DAYWPED,1,Sunday,1
inp,Pedometer level,DAYWPED,2,Monday,2
inp,Pedometer level,DAYWPED,3,Tuesday,3
inp,Pedometer level,DAYWPED,4,Wednesday,4
inp,Pedometer level,DAYWPED,5,Thursday,5
inp,Pedometer level,DAYWPED,6,Friday,6
inp,Pedometer level,DAYWPED,7,Saturday,7
inp,Pedometer level,DAYWPED,8,Not known,8
inp,Pedometer level,DAYWPED,9,Did not participate in the pedometer component,9
inp,Pedometer level,WKNDFLAG,0,Not applicable,0
inp,Pedometer level,WKNDFLAG,1,Weekday,1
inp,Pedometer level,WKNDFLAG,2,Weekend,2
inp,Pedometer level,WKNDFLAG,3,Not known,3
inp,Pedometer level,WKNDFLAG,4,Did not participate in the pedometer component,4
inp,Pedometer level,DAYORPED,0,Not applicable,0
inp,Pedometer level,DAYORPED,1,First,1
inp,Pedometer level,DAYORPED,2,Second,2
inp,Pedometer level,DAYORPED,3,Third,3
inp,Pedometer level,DAYORPED,4,Fourth,4
inp,Pedometer level,DAYORPED,5,Fifth,5
inp,Pedometer level,DAYORPED,6,Sixth,6
inp,Pedometer level,DAYORPED,7,Seventh,7
inp,Pedometer level,DAYORPED,8,Eighth,8
inp,Pedometer level,DAYORPED,9,Did not participate in the pedometer component,9
inp,Pedometer level,PEDSTEP8,40000,"40,000 or more",40000
inp,Pedometer level,PEDSTEP8,99998,Did not participate in the pedometer component,99998
inp,Pedometer level,PEDSTEP8,99999,Not applicable,99999
inp,Pedometer level,METT1DY,0,Not applicable,0
inp,Pedometer level,METT1DY,1,Met recommended step threshold one that day,1
inp,Pedometer level,METT1DY,2,Did not meet recommended step threshold one for that day,2
inp,Pedometer level,METT1DY,4,Did not participate in the pedometer component,4
inp,Pedometer level,MET10DY,0,Not applicable,0
inp,Pedometer level,MET10DY,1,Met the 10000 step recommendation that day,1
inp,Pedometer level,MET10DY,2,Did not meet the 10000 step recommendation that day,2
inp,Pedometer level,MET10DY,4,Did not participate in the pedometer component,4
inp,Pedometer level,PEDTIME,9996,Did not take pedometer off that day,9996
inp,Pedometer level,PEDTIME,9997,Not known,9997
inp,Pedometer level,PEDTIME,9998,Did not participate in the pedometer component,9998
inp,Pedometer level,PEDTIME,9999,Not applicable,9999
inp,Pedometer level,PEDOFFDY,0,Not applicable,0
inp,Pedometer level,PEDOFFDY,1,Took pedometer off during that day,1
inp,Pedometer level,PEDOFFDY,2,Did not take pedometer off during that day,2
inp,Pedometer level,PEDOFFDY,3,Not known,3
inp,Pedometer level,PEDOFFDY,4,Did not participate in the pedometer component,4
inp,Pedometer level,PEDOFFDM,9997,Not known,9997
inp,Pedometer level,PEDOFFDM,9998,Did not participate in the pedometer component,9998
inp,Pedometer level,PEDOFFDM,9999,Not applicable,9999
inp,Food level,DAYNUM,1,Day 1,1
inp,Food level,DAYNUM,2,Day 2,2
inp,Food level,EATOCC,1,Breakfast,1
inp,Food level,EATOCC,2,Lunch,2
inp,Food level,EATOCC,3,Dinner,3
inp,Food level,EATOCC,4,Supper,4
inp,Food level,EATOCC,5,Brunch,5
inp,Food level,EATOCC,6,Morning tea,6
inp,Food level,EATOCC,7,Afternoon tea,7
inp,Food level,EATOCC,8,Snack,8
inp,Food level,EATOCC,9,Beverage/Drink,9
inp,Food level,EATOCC,10,Feeding-infant,10
inp,Food level,EATOCC,11,Extended consumption,11
inp,Food level,EATOCC,91,Other,91
inp,Food level,EATOCC,99,Not determined,99
inp,Food level,EATTIMEC,9999,Not determined,9999
inp,Food level,COMBCODE,0,Not applicable,0
inp,Food level,COMBCODE,1,Beverage with additions,1
inp,Food level,COMBCODE,2,Cereal with additions,2
inp,Food level,COMBCODE,3,Bread/baked products with additions,3
inp,Food level,COMBCODE,4,Salad,4
inp,Food level,COMBCODE,5,Sandwiches/wraps/rolls with fillings,5
inp,Food level,COMBCODE,6,Soup,6
inp,Food level,COMBCODE,7,Frozen meal,7
inp,Food level,COMBCODE,8,Ice cream/frozen yoghurt with addtions,8
inp,Food level,COMBCODE,9,Vegetables with additions,9
inp,Food level,COMBCODE,10,Fruit with additions,10
inp,Food level,COMBCODE,11,Tortilla products,11
inp,Food level,COMBCODE,12,"Meat, poultry, fish",12
inp,Food level,COMBCODE,14,Chips,14
inp,Food level,COMBCODE,99,Other mixtures,99
inp,Food level,DISCFLG,0,Non-discretionary,0
inp,Food level,DISCFLG,1,Discretionary,1
inp,Supplements level,SUPPCOD,0,Not applicable,0
inp,Supplements level,SUPPCOD,33101,Multivitamin and/or multimineral,33101
inp,Supplements level,SUPPCOD,33102,"Multivitamin and/or multimineral, with herbal extracts",33102
inp,Supplements level,SUPPCOD,33103,Multivitamin and/or multimineral containing caffeine,33103
inp,Supplements level,SUPPCOD,33104,Calcium supplements,33104
inp,Supplements level,SUPPCOD,33105,Magnesium supplements,33105
inp,Supplements level,SUPPCOD,33106,Zinc supplements,33106
inp,Supplements level,SUPPCOD,33107,Other single mineral supplements,33107
inp,Supplements level,SUPPCOD,33108,Vitamin C supplements,33108
inp,Supplements level,SUPPCOD,33109,Vitamin E supplements,33109
inp,Supplements level,SUPPCOD,33110,Folic acid supplements,33110
inp,Supplements level,SUPPCOD,33111,Vitamin D supplements,33111
inp,Supplements level,SUPPCOD,33112,Other single vitamin supplements,33112
inp,Supplements level,SUPPCOD,33201,Fish oil supplements,33201
inp,Supplements level,SUPPCOD,33202,Fish oil supplements with added nutrients,33202
inp,Supplements level,SUPPCOD,33204,Evening primrose oil supplements,33204
inp,Supplements level,SUPPCOD,33205,Other lipid supplements,33205
inp,Supplements level,SUPPCOD,33301,Herbal supplements,33301
inp,Supplements level,SUPPCOD,33302,Herbal supplements containing caffeine sources,33302
inp,Supplements level,SUPPCOD,33303,Homoeopathic supplements,33303
inp,Supplements level,SUPPCOD,33401,Fibre supplements,33401
inp,Supplements level,SUPPCOD,33402,Protein or amino acid supplements,33402
inp,Supplements level,SUPPCOD,33501,Probiotic supplements,33501
inp,Supplements level,SUPPCOD,33503,Glucosamine and/or chondroitin based supplements,33503
inp,Supplements level,SUPPCOD,33504,Coenzyme Q10 supplements,33504
inp,Supplements level,SUPPCOD,33505,Other supplements,33505
inp,Supplements level,SUPPFORM,0,Not applicable,0
inp,Supplements level,SUPPFORM,1,Capsule,1
inp,Supplements level,SUPPFORM,2,Tablet,2
inp,Supplements level,SUPPFORM,3,Liquid,3
inp,Supplements level,SUPPFORM,4,Powder,4
inp,Supplements level,SUPPFORM,5,Other,5
inp,Supplements level,SUPUNIT,0,Not applicable,0
inp,Supplements level,SUPUNIT,1,"Capsule, tablet or lozenge",1
inp,Supplements level,SUPUNIT,2,ml,2
inp,Supplements level,SUPUNIT,3,g,3
inp,Supplements level,SUPUNIT,4,Other,4
inp,ADG Level,ADGFOOD,1,Grain and cereals (serves),1
inp,ADG Level,ADGFOOD,2,Wholgrain or high fibre grain and cereals (serves),2
inp,ADG Level,ADGFOOD,3,Refined grains and cereals (serves),3
inp,ADG Level,ADGFOOD,4,Vegetables and legumes (serves),4
inp,ADG Level,ADGFOOD,5,Green and Brassica Vegetables (serves),5
inp,ADG Level,ADGFOOD,6,Orange vegeatebles,6
inp,ADG Level,ADGFOOD,7,Starchy vegetables,7
inp,ADG Level,ADGFOOD,8,Legumes as a vegetable (serves),8
inp,ADG Level,ADGFOOD,9,Other vegetables (serves),9
inp,ADG Level,ADGFOOD,10,Fruit (serves),10
inp,ADG Level,ADGFOOD,11,Fresh/canned fruit (serves),11
inp,ADG Level,ADGFOOD,12,Dried fruit (serves),12
inp,ADG Level,ADGFOOD,13,Fruit juice (serves),13
inp,ADG Level,ADGFOOD,14,"Milk, yoghurt, cheese and/or alternatives (serves)",14
inp,ADG Level,ADGFOOD,15,Higher fat dairy foods (>10 pc. fat),15
inp,ADG Level,ADGFOOD,16,Higher fat cheese (serves),16
inp,ADG Level,ADGFOOD,17,Higher fat milk powder only (serves),17
inp,ADG Level,ADGFOOD,18,Medium fat (MF) dairy foods (4-10g% fat),18
inp,ADG Level,ADGFOOD,19,Medium fat milk (serves),19
inp,ADG Level,ADGFOOD,20,Medium fat evaporated milk (serves),20
inp,ADG Level,ADGFOOD,21,Medium fat condensed milk (serves),21
inp,ADG Level,ADGFOOD,22,"Medium fat cheese, hard and soft (serves)",22
inp,ADG Level,ADGFOOD,23,"Medium fat cheese, fresh (serves)",23
inp,ADG Level,ADGFOOD,24,"Medium fat yoghurt, dairy based (serves)",24
inp,ADG Level,ADGFOOD,25,"Medium fat milk alternative beverage, calcium enriched (serves)",25
inp,ADG Level,ADGFOOD,26,Medium fat dairy-based snack foods (serves),26
inp,ADG Level,ADGFOOD,27,Lower fat (LF) dairy foods (<4% fat),27
inp,ADG Level,ADGFOOD,28,Lower fat milk (serves),28
inp,ADG Level,ADGFOOD,29,Lower fat evaporated milk (serves),29
inp,ADG Level,ADGFOOD,30,Lower fat condensed milk (serves),30
inp,ADG Level,ADGFOOD,31,"Lower fat cheese, hard and soft (serves)",31
inp,ADG Level,ADGFOOD,32,"Lower fat cheese, fresh (serves)",32
inp,ADG Level,ADGFOOD,33,"Lower fat yoghurt, dairy based (serves)",33
inp,ADG Level,ADGFOOD,34,"Lower fat milk alternative beverage, calcium enriched (serves)",34
inp,ADG Level,ADGFOOD,35,Lower fat dairy-based snack foods (serves),35
inp,ADG Level,ADGFOOD,36,Lower fat milk powder only (serves),36
inp,ADG Level,ADGFOOD,37,"Meats, poultry, fish, eggs, tofu, nuts and seeds and legumes/beans (serves)",37
inp,ADG Level,ADGFOOD,38,"Meats, poultry and alternatives, ADG criteria (serves)",38
inp,ADG Level,ADGFOOD,39,Red meat unprocessed (<10 pc. fat) (serves),39
inp,ADG Level,ADGFOOD,40,Poultry unprocessed (<10 pc. fat) (serves),40
inp,ADG Level,ADGFOOD,41,Fish and seafood (serves),41
inp,ADG Level,ADGFOOD,42,Eggs (serves),42
inp,ADG Level,ADGFOOD,43,Legumes as meat alternative (serves),43
inp,ADG Level,ADGFOOD,44,Nuts and seeds (serves),44
inp,ADG Level,ADGFOOD,45,"Meats, poultry and alternatives, non-ADG criteria (discretionary) (serves)",45
inp,ADG Level,ADGFOOD,46,Red meat unprocessed (=10 pc. fat) (serves),46
inp,ADG Level,ADGFOOD,47,Red meat processed (<10 pc fat) (serves),47
inp,ADG Level,ADGFOOD,48,Red meat processed (=10 pc. fat) (serves),48
inp,ADG Level,ADGFOOD,49,Poultry unprocessed (=10 pc. fat) (serves),49
inp,ADG Level,ADGFOOD,50,Poultry processed (<10 pc. fat) (serves),50
inp,ADG Level,ADGFOOD,51,Poultry processed (=10 pc. fat) (serves),51
inp,ADG Level,ADGFOOD,52,Unsaturated spreads and oils (serves),52
inp,ADG Level,ADGINC,1,Non-discretionary only,1
inp,ADG Level,ADGINC,2,Discretionary only,2
inp,ADG Level,ADGINC,3,Both non-discretionary and discretionary,3
