survey_long,file,variable,description,sheet,population,definition
National Health Survey,AHSnhs11bsp,ABSLID,Household record identifer,Administrative,NA,NA
National Health Survey,AHSnhs11bsp,AGEB,Age of person,Demographics,All persons,NA
National Health Survey,AHSnhs11bsp,COBCODBC,Country of birth,Demographics,All persons,NA
National Health Survey,AHSnhs11bsp,YOABC,Year of arrival in Australia,Demographics,All persons,NA
National Health Survey,AHSnhs11bsp,CURSTUBC,Type of educational institution currently attending,Education,All persons currently studying aged 15 years and over,NA
National Health Survey,AHSnhs11bsp,HLVNSEDC,Level of highest non-school qualification,Education,All persons aged 15 years and over,NA
National Health Survey,AHSnhs11bsp,CLVNSEDC,Level of current non-school qualification,Education,All persons aged 15 years and over,NA
National Health Survey,AHSnhs11bsp,INDUSTBC,Industry (main job),Employment,All employed persons aged 15 years and over,NA
National Health Survey,AHSnhs11bsp,USHRWKB,Hours usually worked each week (all jobs),Employment,All employed persons aged 15 years and over,NA
National Health Survey,AHSnhs11bsp,UNEMPDRB,Duration of unemployment (weeks),Employment,All unemployed persons aged 15 years and over,NA
National Health Survey,AHSnhs11bsp,LSTWKFTB,Number of weeks since last worked full-time,Employment,All unemployed persons aged 15 years and over,NA
National Health Survey,AHSnhs11bsp,OCCUPBC,Occupation (main job),Employment,All employed persons aged 15 years and over,NA
National Health Survey,AHSnhs11bsp,SMOKE11B,Age last ceased daily smoking,Risk factors,All persons who have smoked daily but not currently and aged 15 years and over,NA
National Health Survey,AHSnhs11bsp,SMOKEQ8B,Age commenced smoking daily,Risk factors,All persons who have ever smoked daily aged 15 years and over,NA
National Health Survey,AHSnhs11bsp,SMKAGEDB,Duration of daily smoking - years,Risk factors,All persons aged 15 years and over,NA
National Health Survey,AHSnhs11bsp,CNCRQ16B,Age first diagnosed with breast cancer,Health,Persons with breast cancer,NA
National Health Survey,AHSnhs11bsp,MSKRTBC,Age told had long term arthritis,Health,Persons who were ever told they had arthritis,NA
National Health Survey,AHSnhs11bsp,MSKOSTBC,Age told had osteoporosis or osteopenia,Health,Persons who were ever told they had osteoporosis or osteopenia,NA
National Health Survey,AHSnhs11bsp,AGEDIABC,Age first told had diabetes or high sugar levels,Health,Persons told they have diabetes/HSL,NA
National Health Survey,AHSnhs11bsp,MAINLANB,Main language spoken at home,Demographics,All persons aged 2 years and over,NA
National Health Survey,AHSnhs11bsp,SMSBC,Social marital status,Demographics,All persons aged 15 years and over,NA
National Health Survey,AHSnhs11bsp,HYSCHCBC,Highest year of school completed,Education,All persons aged 15 years and over,NA
National Health Survey,AHSnhs11bsp,MWBS14E,Number of times saw doctor or other health professional about feelings in last 4 weeks,Health,Persons aged 18 years and over who identified a feeling at least a little of the time,NA
National Health Survey,AHSnhs11bsp,EXFSRMNE,"Total minutes walked for fitness, recreation or sport in last week",Risk factor - Physical Activity,All persons aged 15 years and over,NA
National Health Survey,AHSnhs11bsp,EXLWMBC,Total minutes undertaken moderate exercise in last week,Risk factor - Physical Activity,All persons aged 15 years and over,NA
National Health Survey,AHSnhs11bsp,EXLWVBC,Total minutes undertaken vigorous exercise last week,Risk factor - Physical Activity,All persons aged 15 years and over,NA
National Health Survey,AHSnhs11bsp,EXLWKFNR,"Number of times walked for 10 minutes or more for fitness, recreation or sport in last week",Risk factor - Physical Activity,All persons aged 15 years and over,NA
National Health Survey,AHSnhs11bsp,NUEXTRAR,Number of times walked for 10 minutes or more for transport in the last week,Risk factor - Physical Activity,All persons aged 15 years and over,NA
National Health Survey,AHSnhs11bsp,EXTRMINR,Total minutes spent walking for transport in the last week,Risk factor - Physical Activity,All persons aged 15 years and over,NA
National Health Survey,AHSnhs11bsp,EXLMONOR,Number of times undertaken moderate exercise in last week,Risk factor - Physical Activity,All persons aged 15 years and over,NA
National Health Survey,AHSnhs11bsp,EXLVIGNR,Number of times undertaken vigorous exercise in last week,Risk factor - Physical Activity,All persons aged 15 years and over,NA
National Health Survey,AHSnhs11bsp,EXLWTIMR,"Total minutes undertaken exercise for fitness, recreation, sport or transport in last week",Risk factor - Physical Activity,All persons aged 15 years and over,NA
National Health Survey,AHSnhs11bsp,EXLWNOR,Number of times did exercise or walked for transport in last week,Risk factor - Physical Activity,All persons aged 15 years and over,NA
National Health Survey,AHSnhs11bsp,AGEINSLC,Age started having daily insulin injections,Health,Persons having daily insulin,NA
National Health Survey,AHSnhs11bsp,AGEMHCF,Age first told had any mental health condition,Health,Persons with mental health condition,NA
National Health Survey,AHSnhs11bsp,PHDKGW2,Measured weight (kg),Physical measurements&Body Mass,All persons aged 2 years and over,NA
National Health Survey,AHSnhs11bsp,PHDCMH2,Measured height (cm),Physical measurements&Body Mass,All persons aged 2 years and over,NA
National Health Survey,AHSnhs11bsp,PHDCMWBC,Measured waist circumference (cm),Physical measurements&Body Mass,All persons aged 2 years and over,NA
National Health Survey,AHSnhs11bsp,BMISC,Body Mass Index (BMI) - score measured,Physical measurements&Body Mass,All persons aged 2 years and over,NA
National Health Survey,AHSnhs11bsp,BMICATHY,"Body Mass Index - measured - categories (Half year scale for children, 18+ for adults)",Physical measurements&Body Mass,All persons aged 2 years and over,NA
National Health Survey,AHSnhs11bsp,BMIMCATW,Body Mass Index - measured - categories (Whole years scale for all ages),Physical measurements&Body Mass,All persons aged 2 years and over,NA
National Health Survey,AHSnhs11bsp,PHDWCATM,Measured waist circumference - categories (male adults),Physical measurements&Body Mass,All males aged 18 years and over,NA
National Health Survey,AHSnhs11bsp,PHDWCATF,Measured waist circumference - categories (female adults),Physical measurements&Body Mass,All females aged 18 years and over,NA
National Health Survey,AHSnhs11bsp,HIGOVEC,Whether currently has Govt health concession card,Health,All persons aged 18 years and over,NA
National Health Survey,AHSnhs11bsp,HIGCOCFA,Type of Govt concession/entitlement card,NA,NA,NA
National Health Survey,AHSnhs11bsp,HIGCOCFB,Type of Govt concession/entitlement card,NA,NA,NA
National Health Survey,AHSnhs11bsp,HIGCOCFC,Type of Govt concession/entitlement card,NA,NA,NA
National Health Survey,AHSnhs11bsp,HIGCOCFD,Type of Govt concession/entitlement card,NA,NA,NA
National Health Survey,AHSnhs11bsp,HIGCOCFE,Type of Govt concession/entitlement card,NA,NA,NA
National Health Survey,AHSnhs11bsp,INCDECPN,Gross weekly personal income in deciles,Personal income,All persons aged 15 years and over,NA
National Health Survey,AHSnhs11bsp,DIABSQ6C,Time since last consulted an eye specialist/optometrist for a diabetes related eye condition,Health,Persons told they have diabetes or HSL and have an eye/sight problem due to diabetes/ HSL,NA
National Health Survey,AHSnhs11bsp,LFSBC,Labour force status,Employment,All persons aged 15 years and over,NA
National Health Survey,AHSnhs11bsp,EMPTYPCF,Status in employment,Employment,All employed persons aged 15 years and over,NA
National Health Survey,AHSnhs11bsp,HEALF05E,Number of times consulted GP in last two weeks,Health,Persons who have consulted GP in last 2 weeks,NA
National Health Survey,AHSnhs11bsp,SHFTWKEC,Type of shift work,Employment,All employed persons aged 15 years and over,NA
National Health Survey,AHSnhs11bsp,HEALF07E,Number of times consulted specialist in last two weeks,Health,Persons who have consulted specialist in last 2 weeks,NA
National Health Survey,AHSnhs11bsp,HEALF11E,Whether admitted to hostpital as inpatient in last two weeks,Health,All persons,NA
National Health Survey,AHSnhs11bsp,HEALF13E,Whether visited outpatient clinic hospital in last two weeks,Health,All persons,NA
National Health Survey,AHSnhs11bsp,DIABSIGE,Time since last consulted an eye specialist/optometrist for any eye condition,Health,Persons told they have diabetes/HSL,NA
National Health Survey,AHSnhs11bsp,CSTUDQ4C,Main field of current non-school qualification (ASCED),Education,All persons aged 15 years and over,NA
National Health Survey,AHSnhs11bsp,HEALF15E,Whether visited emergency/casualty department in last two weeks,Health,All persons,NA
National Health Survey,AHSnhs11bsp,HEALF17E,Whether visited day clinic in last two weeks,Health,All persons,NA
National Health Survey,AHSnhs11bsp,INCCIMSC,Main source of personal cash income,Personal income,All persons aged 15 years and over,NA
National Health Survey,AHSnhs11bsp,INCGOECA,Type of government pension or allowance received (A),NA,NA,NA
National Health Survey,AHSnhs11bsp,INCGOECB,Type of government pension or allowance received (B),NA,NA,NA
National Health Survey,AHSnhs11bsp,INCGOECC,Type of government pension or allowance received (C),NA,NA,NA
National Health Survey,AHSnhs11bsp,INCGOECD,Type of government pension or allowance received (D),NA,NA,NA
National Health Survey,AHSnhs11bsp,INCGOECE,Type of government pension or allowance received (E),NA,NA,NA
National Health Survey,AHSnhs11bsp,INCGOECF,Type of government pension or allowance received (F),NA,NA,NA
National Health Survey,AHSnhs11bsp,INCGOECG,Type of government pension or allowance received (G),NA,NA,NA
National Health Survey,AHSnhs11bsp,INCGOECH,Type of government pension or allowance received (H),NA,NA,NA
National Health Survey,AHSnhs11bsp,INCGOECI,Type of government pension or allowance received (I),NA,NA,NA
National Health Survey,AHSnhs11bsp,INCGOECJ,Type of government pension or allowance received (J),NA,NA,NA
National Health Survey,AHSnhs11bsp,INCRACFA,Sources of cash income (A),NA,NA,NA
National Health Survey,AHSnhs11bsp,INCRACFB,Sources of cash income (B),NA,NA,NA
National Health Survey,AHSnhs11bsp,INCRACFC,Sources of cash income (C),NA,NA,NA
National Health Survey,AHSnhs11bsp,INCRACFD,Sources of cash income (D),NA,NA,NA
National Health Survey,AHSnhs11bsp,EMPARRCF,Working arrangements,Employment,All employed persons aged 15 years and over,NA
National Health Survey,AHSnhs11bsp,HEAL12MA,Actions taken for health in last 12 months (A),NA,NA,NA
National Health Survey,AHSnhs11bsp,HEAL12MB,Actions taken for health in last 12 months (B),NA,NA,NA
National Health Survey,AHSnhs11bsp,HEAL12MC,Actions taken for health in last 12 months (C),NA,NA,NA
National Health Survey,AHSnhs11bsp,HEAL12MD,Actions taken for health in last 12 months (D),NA,NA,NA
National Health Survey,AHSnhs11bsp,HEAL12ME,Actions taken for health in last 12 months (E),NA,NA,NA
National Health Survey,AHSnhs11bsp,HEAL12MF,Actions taken for health in last 12 months (F),NA,NA,NA
National Health Survey,AHSnhs11bsp,HEAL12MG,Actions taken for health in last 12 months (G),NA,NA,NA
National Health Survey,AHSnhs11bsp,HEAL12MH,Actions taken for health in last 12 months (H),NA,NA,NA
National Health Survey,AHSnhs11bsp,HEAL12MI,Actions taken for health in last 12 months (I),NA,NA,NA
National Health Survey,AHSnhs11bsp,HEAL12MJ,Actions taken for health in last 12 months (J),NA,NA,NA
National Health Survey,AHSnhs11bsp,HEAL12MK,Actions taken for health in last 12 months (K),NA,NA,NA
National Health Survey,AHSnhs11bsp,HEAL12ML,Actions taken for health in last 12 months (L),NA,NA,NA
National Health Survey,AHSnhs11bsp,HEAL12MM,Actions taken for health in last 12 months (M),NA,NA,NA
National Health Survey,AHSnhs11bsp,HEAL12MN,Actions taken for health in last 12 months (N),NA,NA,NA
National Health Survey,AHSnhs11bsp,HEAL12MO,Actions taken for health in last 12 months (O),NA,NA,NA
National Health Survey,AHSnhs11bsp,HEAL12MP,Actions taken for health in last 12 months (P),NA,NA,NA
National Health Survey,AHSnhs11bsp,HEAL12MQ,Actions taken for health in last 12 months (Q),NA,NA,NA
National Health Survey,AHSnhs11bsp,HEAL12MR,Actions taken for health in last 12 months (R),NA,NA,NA
National Health Survey,AHSnhs11bsp,HEAL12MS,Actions taken for health in last 12 months (S),NA,NA,NA
National Health Survey,AHSnhs11bsp,HEAL12MT,Actions taken for health in last 12 months (T),NA,NA,NA
National Health Survey,AHSnhs11bsp,HEAL12MU,Actions taken for health in last 12 months (U),NA,NA,NA
National Health Survey,AHSnhs11bsp,HEAL12MV,Actions taken for health in last 12 months (V),NA,NA,NA
National Health Survey,AHSnhs11bsp,HEAL12MW,Actions taken for health in last 12 months (W),NA,NA,NA
National Health Survey,AHSnhs11bsp,HEAL12MX,Actions taken for health in last 12 months (X),NA,NA,NA
National Health Survey,AHSnhs11bsp,HEAL12MY,Actions taken for health in last 12 months (Y),NA,NA,NA
National Health Survey,AHSnhs11bsp,HEAL2WKA,Actions taken for health in the last 2 weeks (excl dentist) (A),NA,NA,NA
National Health Survey,AHSnhs11bsp,HEAL2WKB,Actions taken for health in the last 2 weeks (excl dentist) (B),NA,NA,NA
National Health Survey,AHSnhs11bsp,HEAL2WKC,Actions taken for health in the last 2 weeks (excl dentist) (C),NA,NA,NA
National Health Survey,AHSnhs11bsp,HEAL2WKD,Actions taken for health in the last 2 weeks (excl dentist) (D),NA,NA,NA
National Health Survey,AHSnhs11bsp,HEAL2WKE,Actions taken for health in the last 2 weeks (excl dentist) (E),NA,NA,NA
National Health Survey,AHSnhs11bsp,HEAL2WKF,Actions taken for health in the last 2 weeks (excl dentist) (F),NA,NA,NA
National Health Survey,AHSnhs11bsp,HEAL2WKG,Actions taken for health in the last 2 weeks (excl dentist) (G),NA,NA,NA
National Health Survey,AHSnhs11bsp,HEAL2WKH,Actions taken for health in the last 2 weeks (excl dentist) (H),NA,NA,NA
National Health Survey,AHSnhs11bsp,HEAL2WKI,Actions taken for health in the last 2 weeks (excl dentist) (I),NA,NA,NA
National Health Survey,AHSnhs11bsp,HEAL2WKJ,Actions taken for health in the last 2 weeks (excl dentist) (J),NA,NA,NA
National Health Survey,AHSnhs11bsp,HEAL2WKK,Actions taken for health in the last 2 weeks (excl dentist) (K),NA,NA,NA
National Health Survey,AHSnhs11bsp,HEAL2WKL,Actions taken for health in the last 2 weeks (excl dentist) (L),NA,NA,NA
National Health Survey,AHSnhs11bsp,HEAL2WKM,Actions taken for health in the last 2 weeks (excl dentist) (M),NA,NA,NA
National Health Survey,AHSnhs11bsp,HEAL2WKN,Actions taken for health in the last 2 weeks (excl dentist) (N),NA,NA,NA
National Health Survey,AHSnhs11bsp,HEAL2WKO,Actions taken for health in the last 2 weeks (excl dentist) (O),NA,NA,NA
National Health Survey,AHSnhs11bsp,HEAL2WKP,Actions taken for health in the last 2 weeks (excl dentist) (P),NA,NA,NA
National Health Survey,AHSnhs11bsp,HEAL2WKQ,Actions taken for health in the last 2 weeks (excl dentist) (Q),NA,NA,NA
National Health Survey,AHSnhs11bsp,HEAL2WKR,Actions taken for health in the last 2 weeks (excl dentist) (R),NA,NA,NA
National Health Survey,AHSnhs11bsp,HEAL2WKS,Actions taken for health in the last 2 weeks (excl dentist) (S),NA,NA,NA
National Health Survey,AHSnhs11bsp,HEAL2WKT,Actions taken for health in the last 2 weeks (excl dentist) (T),NA,NA,NA
National Health Survey,AHSnhs11bsp,HEAL2WKU,Actions taken for health in the last 2 weeks (excl dentist) (U),NA,NA,NA
National Health Survey,AHSnhs11bsp,HEAL2WKV,Actions taken for health in the last 2 weeks (excl dentist) (V),NA,NA,NA
National Health Survey,AHSnhs11bsp,HEAL2WKW,Actions taken for health in the last 2 weeks (excl dentist) (W),NA,NA,NA
National Health Survey,AHSnhs11bsp,HEAL2WKX,Actions taken for health in the last 2 weeks (excl dentist) (X),NA,NA,NA
National Health Survey,AHSnhs11bsp,MFIELDCF,Main field of highest non-school qualification (ASCED),Education,All persons aged 15 years and over,NA
National Health Survey,AHSnhs11bsp,HEALF25E,Number of visits to dentist in last 12 months,Health,Persons aged 2 years and over,NA
National Health Survey,AHSnhs11bsp,FEMLSBC,Female life stages,Health,Females aged 10 years and over,NA
National Health Survey,AHSnhs11bsp,WPM0101,Replicate Weights 60 PER1,NA,NA,NA
National Health Survey,AHSnhs11bsp,WPM0102,Replicate Weights 60 PER1,NA,NA,NA
National Health Survey,AHSnhs11bsp,WPM0103,Replicate Weights 60 PER1,NA,NA,NA
National Health Survey,AHSnhs11bsp,WPM0104,Replicate Weights 60 PER1,NA,NA,NA
National Health Survey,AHSnhs11bsp,WPM0105,Replicate Weights 60 PER1,NA,NA,NA
National Health Survey,AHSnhs11bsp,WPM0106,Replicate Weights 60 PER1,NA,NA,NA
National Health Survey,AHSnhs11bsp,WPM0107,Replicate Weights 60 PER1,NA,NA,NA
National Health Survey,AHSnhs11bsp,WPM0108,Replicate Weights 60 PER1,NA,NA,NA
National Health Survey,AHSnhs11bsp,WPM0109,Replicate Weights 60 PER1,NA,NA,NA
National Health Survey,AHSnhs11bsp,WPM0110,Replicate Weights 60 PER1,NA,NA,NA
National Health Survey,AHSnhs11bsp,WPM0111,Replicate Weights 60 PER1,NA,NA,NA
National Health Survey,AHSnhs11bsp,WPM0112,Replicate Weights 60 PER1,NA,NA,NA
National Health Survey,AHSnhs11bsp,WPM0113,Replicate Weights 60 PER1,NA,NA,NA
National Health Survey,AHSnhs11bsp,WPM0114,Replicate Weights 60 PER1,NA,NA,NA
National Health Survey,AHSnhs11bsp,WPM0115,Replicate Weights 60 PER1,NA,NA,NA
National Health Survey,AHSnhs11bsp,WPM0116,Replicate Weights 60 PER1,NA,NA,NA
National Health Survey,AHSnhs11bsp,WPM0117,Replicate Weights 60 PER1,NA,NA,NA
National Health Survey,AHSnhs11bsp,WPM0118,Replicate Weights 60 PER1,NA,NA,NA
National Health Survey,AHSnhs11bsp,WPM0119,Replicate Weights 60 PER1,NA,NA,NA
National Health Survey,AHSnhs11bsp,WPM0120,Replicate Weights 60 PER1,NA,NA,NA
National Health Survey,AHSnhs11bsp,WPM0121,Replicate Weights 60 PER1,NA,NA,NA
National Health Survey,AHSnhs11bsp,WPM0122,Replicate Weights 60 PER1,NA,NA,NA
National Health Survey,AHSnhs11bsp,WPM0123,Replicate Weights 60 PER1,NA,NA,NA
National Health Survey,AHSnhs11bsp,WPM0124,Replicate Weights 60 PER1,NA,NA,NA
National Health Survey,AHSnhs11bsp,WPM0125,Replicate Weights 60 PER1,NA,NA,NA
National Health Survey,AHSnhs11bsp,WPM0126,Replicate Weights 60 PER1,NA,NA,NA
National Health Survey,AHSnhs11bsp,WPM0127,Replicate Weights 60 PER1,NA,NA,NA
National Health Survey,AHSnhs11bsp,WPM0128,Replicate Weights 60 PER1,NA,NA,NA
National Health Survey,AHSnhs11bsp,WPM0129,Replicate Weights 60 PER1,NA,NA,NA
National Health Survey,AHSnhs11bsp,WPM0130,Replicate Weights 60 PER1,NA,NA,NA
National Health Survey,AHSnhs11bsp,WPM0131,Replicate Weights 60 PER1,NA,NA,NA
National Health Survey,AHSnhs11bsp,WPM0132,Replicate Weights 60 PER1,NA,NA,NA
National Health Survey,AHSnhs11bsp,WPM0133,Replicate Weights 60 PER1,NA,NA,NA
National Health Survey,AHSnhs11bsp,WPM0134,Replicate Weights 60 PER1,NA,NA,NA
National Health Survey,AHSnhs11bsp,WPM0135,Replicate Weights 60 PER1,NA,NA,NA
National Health Survey,AHSnhs11bsp,WPM0136,Replicate Weights 60 PER1,NA,NA,NA
National Health Survey,AHSnhs11bsp,WPM0137,Replicate Weights 60 PER1,NA,NA,NA
National Health Survey,AHSnhs11bsp,WPM0138,Replicate Weights 60 PER1,NA,NA,NA
National Health Survey,AHSnhs11bsp,WPM0139,Replicate Weights 60 PER1,NA,NA,NA
National Health Survey,AHSnhs11bsp,WPM0140,Replicate Weights 60 PER1,NA,NA,NA
National Health Survey,AHSnhs11bsp,WPM0141,Replicate Weights 60 PER1,NA,NA,NA
National Health Survey,AHSnhs11bsp,WPM0142,Replicate Weights 60 PER1,NA,NA,NA
National Health Survey,AHSnhs11bsp,WPM0143,Replicate Weights 60 PER1,NA,NA,NA
National Health Survey,AHSnhs11bsp,WPM0144,Replicate Weights 60 PER1,NA,NA,NA
National Health Survey,AHSnhs11bsp,WPM0145,Replicate Weights 60 PER1,NA,NA,NA
National Health Survey,AHSnhs11bsp,WPM0146,Replicate Weights 60 PER1,NA,NA,NA
National Health Survey,AHSnhs11bsp,WPM0147,Replicate Weights 60 PER1,NA,NA,NA
National Health Survey,AHSnhs11bsp,WPM0148,Replicate Weights 60 PER1,NA,NA,NA
National Health Survey,AHSnhs11bsp,WPM0149,Replicate Weights 60 PER1,NA,NA,NA
National Health Survey,AHSnhs11bsp,WPM0150,Replicate Weights 60 PER1,NA,NA,NA
National Health Survey,AHSnhs11bsp,WPM0151,Replicate Weights 60 PER1,NA,NA,NA
National Health Survey,AHSnhs11bsp,WPM0152,Replicate Weights 60 PER1,NA,NA,NA
National Health Survey,AHSnhs11bsp,WPM0153,Replicate Weights 60 PER1,NA,NA,NA
National Health Survey,AHSnhs11bsp,WPM0154,Replicate Weights 60 PER1,NA,NA,NA
National Health Survey,AHSnhs11bsp,WPM0155,Replicate Weights 60 PER1,NA,NA,NA
National Health Survey,AHSnhs11bsp,WPM0156,Replicate Weights 60 PER1,NA,NA,NA
National Health Survey,AHSnhs11bsp,WPM0157,Replicate Weights 60 PER1,NA,NA,NA
National Health Survey,AHSnhs11bsp,WPM0158,Replicate Weights 60 PER1,NA,NA,NA
National Health Survey,AHSnhs11bsp,WPM0159,Replicate Weights 60 PER1,NA,NA,NA
National Health Survey,AHSnhs11bsp,WPM0160,Replicate Weights 60 PER1,NA,NA,NA
National Health Survey,AHSnhs11bsp,NHSFINWT,Person weight PAA,Administrative,Selected persons (Person level),NA
National Health Survey,AHSnhs11bsp,MNKESSLR,Kessler 10 score,Health,All persons aged 18 years and over,NA
National Health Survey,AHSnhs11bsp,MNKESSGP,Grouped Kessler 10 score,Health,All persons aged 18 years and over,NA
National Health Survey,AHSnhs11bsp,MNKFIV,Kessler 5 score,Health,All persons aged 18 years and over,NA
National Health Survey,AHSnhs11bsp,MNKFIVGP,K5 score categorised,Health,All persons aged 18 years and over,NA
National Health Survey,AHSnhs11bsp,TOTPAC,Mls of pure alcohol consumed,Risk factors,Persons aged 15 years and over who consumed alcohol in last week,NA
National Health Survey,AHSnhs11bsp,ALINTDAY,Average daily intake over days recorded (in mls),Risk factors,All persons aged 15 years and over,NA
National Health Survey,AHSnhs11bsp,ALINTWK,Average daily intake over week (in mls),Risk factors,All persons aged 15 years and over,NA
National Health Survey,AHSnhs11bsp,ALCWKLY,Estimated total weekly consumption (in mls),Risk factors,All persons aged 15 years and over,NA
National Health Survey,AHSnhs11bsp,ALCWKSD,Estimated total weekly consumption (in standard drinks),Risk factors,All persons aged 15 years and over,NA
National Health Survey,AHSnhs11bsp,AL3DAYAV,Average daily intake over days recorded (in standard drinks),Risk factors,All persons aged 15 years and over,NA
National Health Survey,AHSnhs11bsp,AL2K3DAY,Alcohol risk level 3 day average (2001 guidelines),Risk factors,All persons aged 15 years and over,NA
National Health Survey,AHSnhs11bsp,AL2K7DAY,Alcohol risk level 7 day average (2001 guidelines),Risk factors,All persons aged 15 years and over,NA
National Health Survey,AHSnhs11bsp,ALWKDFLG,Alcohol weekend consumption flag,Risk factors,Persons aged 15 years and over who drank in the last week,NA
National Health Survey,AHSnhs11bsp,ALINWKSD,Average daily intake over week (in standard drinks),Risk factors,All persons aged 15 years and over,NA
National Health Survey,AHSnhs11bsp,ALCLTR7D,Alcohol risk level 7 day average (2009 guidelines),Risk factors,All persons aged 15 years and over,NA
National Health Survey,AHSnhs11bsp,ALCLTR3D,Alcohol risk level 3 day average (2009 guidelines),Risk factors,All persons aged 15 years and over,NA
National Health Survey,AHSnhs11bsp,DURSLP,Duration of use of sleeping tablets or capsules for mental health condition,Health,All persons reporting MHC medications use,NA
National Health Survey,AHSnhs11bsp,DURANX,Duration of use of tablets or capsules for anxiety or nerves for mental health condition,Health,All persons reporting MHC medications use,NA
National Health Survey,AHSnhs11bsp,DURTRAN,Duration of use of tranquillisers for mental health condition,Health,All persons reporting MHC medications use,NA
National Health Survey,AHSnhs11bsp,DURANTI,Duration of use of antidepressants for mental health condition,Health,All persons reporting MHC medications use,NA
National Health Survey,AHSnhs11bsp,DURMOOD,Duration of use of mood stabilisers for mental health condition,Health,All persons reporting MHC medications use,NA
National Health Survey,AHSnhs11bsp,DUROTH,Duration of use of other mental health medications for mental health condition,Health,All persons reporting MHC medications use,NA
National Health Survey,AHSnhs11bsp,FREQSLP,Frequency of use of sleeping tablets or capsules for mental health condition,Health,All persons reporting MHC medications use,NA
National Health Survey,AHSnhs11bsp,FREQANX,Frequency of tablets or capsules for anxiety or nerves used for mental health condition,Health,All persons reporting MHC medications use,NA
National Health Survey,AHSnhs11bsp,FREQTRAN,Frequency of tranquillisers used for mental health condition,Health,All persons reporting MHC medications use,NA
National Health Survey,AHSnhs11bsp,FREQANTI,Frequency of antidepressants used for mental health condition,Health,All persons reporting MHC medications use,NA
National Health Survey,AHSnhs11bsp,FREQMOOD,Frequency of mood stabilisers used for mental health condition,Health,All persons reporting MHC medications use,NA
National Health Survey,AHSnhs11bsp,FREQOTH,Frequency of other mental health medications used for mental health condition,Health,All persons reporting MHC medications use,NA
National Health Survey,AHSnhs11bsp,PROXYAD,Adult interview conducted by proxy,Administrative,All selected persons aged 18 years and over,NA
National Health Survey,AHSnhs11bsp,EXREGUIC,Whether exercise last week met 150 minutes recommended guidelines,Risk factor - Physical Activity,All persons aged 18 years and over,NA
National Health Survey,AHSnhs11bsp,SMKSTAT,Smoker status,Risk factors,All persons aged 15 years and over,NA
National Health Survey,AHSnhs11bsp,SYSTOL,Systolic Blood Pressure (mmHg),Physical measurements&Body Mass,All persons aged 5 years and over,NA
National Health Survey,AHSnhs11bsp,DIASTOL,Diastolic Blood Pressure (mmHg),Physical measurements&Body Mass,All persons aged 5 years and over,NA
National Health Survey,AHSnhs11bsp,SEX,Sex of person,Demographics,All persons,NA
National Health Survey,AHSnhs11bsp,CNDNUMSP,Number of conditions reported (incl. not current or long-term),Health,All persons,NA
National Health Survey,AHSnhs11bsp,CNDNUMLS,Number of Long-Term Conditions,Health,All persons,NA
National Health Survey,AHSnhs11bsp,MWBSQ02,How often felt tired out for no good reason (in last 4 weeks),Health,All persons aged 18 years and over,NA
National Health Survey,AHSnhs11bsp,MWBSQ03,How often felt nervous (in last 4 weeks),Health,All persons aged 18 years and over,NA
National Health Survey,AHSnhs11bsp,MWBSQ04,How often felt so nervous that nothing could calm you down (in last 4 weeks),Health,All persons aged 18 years and over,NA
National Health Survey,AHSnhs11bsp,MWBSQ05,How often felt hopeless (in last 4 weeks),Health,All persons aged 18 years and over,NA
National Health Survey,AHSnhs11bsp,MWBSQ06,How often felt restless or fidgety (in last 4 weeks),Health,All persons aged 18 years and over,NA
National Health Survey,AHSnhs11bsp,MWBSQ07,How often felt so restless that you could not sit still (in last 4 weeks),Health,All persons aged 18 years and over,NA
National Health Survey,AHSnhs11bsp,MWBSQ08,How often felt depressed (in last 4 weeks),Health,All persons aged 18 years and over,NA
National Health Survey,AHSnhs11bsp,MWBSQ09,How often felt everything was an effort (in last 4 weeks),Health,All persons aged 18 years and over,NA
National Health Survey,AHSnhs11bsp,MWBSQ10,How often felt so sad that nothing could cheer you up (in last 4 weeks),Health,All persons aged 18 years and over,NA
National Health Survey,AHSnhs11bsp,MWBSQ11,How often felt worthless (in last 4 weeks),Health,All persons aged 18 years and over,NA
National Health Survey,AHSnhs11bsp,AGEMTHS2,Age in months of person 3 years and below,Demographics,All persons aged less than 4 years,NA
National Health Survey,AHSnhs11bsp,IDDAYWK,Day of the week of interview,Administrative,All selected persons,NA
National Health Survey,AHSnhs11bsp,PROXYCH,Proxy status for children,Administrative,All selected persons aged 2–17 years,NA
National Health Survey,AHSnhs11bsp,PROFENG,Proficiency in spoken English,Demographics,All persons aged 2 years and over,NA
National Health Survey,AHSnhs11bsp,EDATTQ2,Whether has a non-school qualification,Education,All persons aged 15 years and over,NA
National Health Survey,AHSnhs11bsp,STDYFTPT,Whether currently studying full-time or part-time,Education,All persons aged 15 years and over,NA
National Health Survey,AHSnhs11bsp,MORE1JB,Whether had more than one job or business last week,Employment,All employed persons aged 15 years and over,NA
National Health Survey,AHSnhs11bsp,EMPABS,Reason absent from work,Employment,All employed persons aged 15 years and over who were not at work in last week,NA
National Health Survey,AHSnhs11bsp,HEALFCS,Time since last consulted a specialist,Health,All persons,NA
National Health Survey,AHSnhs11bsp,HEALFGP,Time since last consulted GP for own health,Health,All persons,NA
National Health Survey,AHSnhs11bsp,HEALFLI,Whether discussed lifestyle issues with GP in the last 12 months,Health,All persons aged 15 years and over,NA
National Health Survey,AHSnhs11bsp,HEALLSIA,Type of lifestyle issues discussed with GP in the last 12 months (A),NA,NA,NA
National Health Survey,AHSnhs11bsp,HEALLSIB,Type of lifestyle issues discussed with GP in the last 12 months (B),NA,NA,NA
National Health Survey,AHSnhs11bsp,HEALLSIC,Type of lifestyle issues discussed with GP in the last 12 months (C),NA,NA,NA
National Health Survey,AHSnhs11bsp,HEALLSID,Type of lifestyle issues discussed with GP in the last 12 months (D),NA,NA,NA
National Health Survey,AHSnhs11bsp,HEALLSIE,Type of lifestyle issues discussed with GP in the last 12 months (E),NA,NA,NA
National Health Survey,AHSnhs11bsp,HEALLSIF,Type of lifestyle issues discussed with GP in the last 12 months (F),NA,NA,NA
National Health Survey,AHSnhs11bsp,HEALLSIG,Type of lifestyle issues discussed with GP in the last 12 months (G),NA,NA,NA
National Health Survey,AHSnhs11bsp,HEAPAROX,Presence of parent during health service use questions,Administrative,All selected persons 15–17 years,NA
National Health Survey,AHSnhs11bsp,HEALTCD,Time since last consulted a dentist or dental professional,Health,Persons aged 2 years and over,NA
National Health Survey,AHSnhs11bsp,HEALDFS,Number of days in a fortnight stayed away from school/study due to illness/injury,Health,Persons aged 5 years and over and currently studying,NA
National Health Survey,AHSnhs11bsp,HEALDSC,Number of days in a fortnight stayed away from school/study to look after someone else,Health,Persons aged 5 years and over and currently studying,NA
National Health Survey,AHSnhs11bsp,HEALTWI,Whether had time off work due to illness/injury in last 2 weeks,Health,Employed persons,NA
National Health Survey,AHSnhs11bsp,HEALDWI,Number of days in a fortnight stayed away from work due to illness/injury,Health,Employed persons aged 15 years and over,NA
National Health Survey,AHSnhs11bsp,HEALDWC,Number of days in a fortnight stayed away from work to look after someone else,Health,Employed persons aged 15 years and over,NA
National Health Survey,AHSnhs11bsp,PAINBOD,Bodily pain experienced in the last four weeks,Health,All persons aged 18 years and over,NA
National Health Survey,AHSnhs11bsp,MWBPAINT,Interference with normal work during last 4 weeks because of bodily pain,Health,All persons aged 18 years and over,NA
National Health Survey,AHSnhs11bsp,DISABA,Disability type,NA,NA,NA
National Health Survey,AHSnhs11bsp,DISABB,Disability type,NA,NA,NA
National Health Survey,AHSnhs11bsp,DISABC,Disability type,NA,NA,NA
National Health Survey,AHSnhs11bsp,DISABD,Disability type,NA,NA,NA
National Health Survey,AHSnhs11bsp,DISABE,Disability type,NA,NA,NA
National Health Survey,AHSnhs11bsp,DISABF,Disability type,NA,NA,NA
National Health Survey,AHSnhs11bsp,DISSTAT,Disability status,Health,All persons,NA
National Health Survey,AHSnhs11bsp,DISEDIF,Whether has an education restriction,Health,All persons with a disability aged 5-14 years and 15 years and over who are currently studying,NA
National Health Survey,AHSnhs11bsp,DISEDITA,Difficulties with education,NA,NA,NA
National Health Survey,AHSnhs11bsp,DISEDITB,Difficulties with education,NA,NA,NA
National Health Survey,AHSnhs11bsp,DISEDITC,Difficulties with education,NA,NA,NA
National Health Survey,AHSnhs11bsp,DISEDITD,Difficulties with education,NA,NA,NA
National Health Survey,AHSnhs11bsp,DISEMIF,Whether has an employment restriction,Health,All persons aged 15 years and over with a disability,NA
National Health Survey,AHSnhs11bsp,DISEMITA,Difficulties with employment,NA,NA,NA
National Health Survey,AHSnhs11bsp,DISEMITB,Difficulties with employment,NA,NA,NA
National Health Survey,AHSnhs11bsp,DISEMITC,Difficulties with employment,NA,NA,NA
National Health Survey,AHSnhs11bsp,DISEMITD,Difficulties with employment,NA,NA,NA
National Health Survey,AHSnhs11bsp,DISEMITE,Difficulties with employment,NA,NA,NA
National Health Survey,AHSnhs11bsp,SABDYMS,Self-perceived body mass,Physical measurements&Body Mass,All persons aged 15 years and over,NA
National Health Survey,AHSnhs11bsp,BDYMSQ2A,Self-assessed body mass compared to 12 months ago,Physical measurements&Body Mass,All persons aged 15 years and over,NA
National Health Survey,AHSnhs11bsp,EXLEVELW,"Level of exercise undertaken for fitness, recreation or sport in last week (time-series)",Risk factor - Physical Activity,All persons aged 15 years and over,NA
National Health Survey,AHSnhs11bsp,EXLEVELN,"Level of exercise undertaken for fitness, recreation, sport or walking for transport in last week",Risk factor - Physical Activity,All persons aged 15 years and over,NA
National Health Survey,AHSnhs11bsp,EXNUDAYW,"Number of days exercised for fitness, recreation, sport or for transport in last week",Risk factor - Physical Activity,All persons aged 15 years and over,NA
National Health Survey,AHSnhs11bsp,EXNUDTH,"Number of days exercised for fitness, recreation, sport or transport for at least 30 mins last week",Risk factor - Physical Activity,All persons aged 15 years and over,NA
National Health Survey,AHSnhs11bsp,EXTYPELW,"Type of exercise undertaken for fitness, recreation or sport in last week (time-series)",Risk factor - Physical Activity,All persons aged 15 years and over,NA
National Health Survey,AHSnhs11bsp,PHYAW,Usual physical activity at work,Risk factor - Physical Activity,All employed persons aged 15 years and over,NA
National Health Survey,AHSnhs11bsp,EMPSEDM,Total minutes spent sitting at work on a usual day,Risk factor - Physical Activity,All full-time employed persons aged 15 years and over,NA
National Health Survey,AHSnhs11bsp,SEDDAYM,Total minutes spent sitting at leisure on a usual work/week day,Risk factor - Physical Activity,All persons aged 15 years and over,NA
National Health Survey,AHSnhs11bsp,DURSACSF,Whether participated in sufficient activity in last week (duration and session),Risk factor - Physical Activity,All persons aged 18 years and over,NA
National Health Survey,AHSnhs11bsp,DURACSF,Whether participated in sufficient activity in last week (duration),Risk factor - Physical Activity,All persons aged 18 years and over,NA
National Health Survey,AHSnhs11bsp,EXREGUID,Whether exercise last week met 150 minutes and 5 sessions recommended guidelines,Risk factor - Physical Activity,All persons aged 18 years and over,NA
National Health Survey,AHSnhs11bsp,CHBRFF,Type of first feed,Health,All persons aged 0–3 years,NA
National Health Survey,AHSnhs11bsp,CHBRMG,Whether met breastfeeding guidelines (6 months),Health,All persons aged 0.5–3 years,NA
National Health Survey,AHSnhs11bsp,CHBRMGS,Whether met breastfeeding guideliness (12 months),Health,All persons aged 1–3 years,NA
National Health Survey,AHSnhs11bsp,CHBRTPA,Type of products ever had,NA,NA,NA
National Health Survey,AHSnhs11bsp,CHBRTPB,Type of products ever had,NA,NA,NA
National Health Survey,AHSnhs11bsp,CHBRTPC,Type of products ever had,NA,NA,NA
National Health Survey,AHSnhs11bsp,CHBRTPD,Type of products ever had,NA,NA,NA
National Health Survey,AHSnhs11bsp,CHBRTPE,Type of products ever had,NA,NA,NA
National Health Survey,AHSnhs11bsp,CHBRTPF,Type of products ever had,NA,NA,NA
National Health Survey,AHSnhs11bsp,CHBRTPG,Type of products ever had,NA,NA,NA
National Health Survey,AHSnhs11bsp,CHBRTPH,Type of products ever had,NA,NA,NA
National Health Survey,AHSnhs11bsp,CHBRTPI,Type of products ever had,NA,NA,NA
National Health Survey,AHSnhs11bsp,EXBRST,Age exclusively breastfed (in months),Health,All persons aged 0–3 years,NA
National Health Survey,AHSnhs11bsp,EXBRSA,Age exclusively breastfed (or current age if still exclusively breastfeeding) (in months),Health,All persons aged 0–3 years,NA
National Health Survey,AHSnhs11bsp,CHBRAO,Age first had anything other than breast milk (in months),Health,All persons aged 0–3 years,NA
National Health Survey,AHSnhs11bsp,CHBRRB,Whether ever received breast milk,Health,All persons aged 0–3 years,NA
National Health Survey,AHSnhs11bsp,CHBRCR,Currently receiving breast milk,Health,All persons aged 0–3 years,NA
National Health Survey,AHSnhs11bsp,CHBRSR,Age stopped receiving any breast milk (in months),Health,All persons aged 0–3 years,NA
National Health Survey,AHSnhs11bsp,CHBRAF,Age first had infant formula (in months),Health,All persons aged 0–3 years,NA
National Health Survey,AHSnhs11bsp,CHBRAC,Age first had cows milk (in months),Health,All persons aged 0–3 years,NA
National Health Survey,AHSnhs11bsp,SMKSTOP,Whether stopped smoking daily in the last 12 months,Risk factors,All persons aged 15 years and over,NA
National Health Survey,AHSnhs11bsp,SMKPAROX,Presence of parent during smoking questions,Administrative,All selected persons 15–17 years,NA
National Health Survey,AHSnhs11bsp,SMKDAILY,Daily smoker status,Risk factors,All persons aged 15 years and over,NA
National Health Survey,AHSnhs11bsp,SMOKE13A,Smoking volume compared to 12 months ago,Risk factors,All persons who currently smoke aged 15 years and over,NA
National Health Survey,AHSnhs11bsp,SMKTCNI,Type of smoker who increased smoking volume compared to 12 months ago,Risk factors,All persons who increased smoking in last 12 months aged 15 years and over,NA
National Health Survey,AHSnhs11bsp,SMKTCED,Type of smoker who decreased smoking volume compared to 12 months ago,Risk factors,All persons who decreased smoking in last 12 months aged 15 years and over,NA
National Health Survey,AHSnhs11bsp,DIETRDI,Whether vegetable and fruit consumption met recommended guidelines,Risk factor - Nutrition,All persons aged 4 years and over,NA
National Health Survey,AHSnhs11bsp,MILKFATU,Fat content of main type of milk usually consumed,Risk factor - Nutrition,All persons aged 2 years and over,NA
National Health Survey,AHSnhs11bsp,SALTACI,Whether salt used in cooking or preparing food is iodised,Risk factor - Nutrition,All persons aged 2 years and over,NA
National Health Survey,AHSnhs11bsp,SALTATI,Whether salt added to meal at table is iodised,Risk factor - Nutrition,All persons aged 2 years and over,NA
National Health Survey,AHSnhs11bsp,ALCDYWA,Days in last week consumed alcohol,NA,NA,NA
National Health Survey,AHSnhs11bsp,ALCDYWB,Days in last week consumed alcohol,NA,NA,NA
National Health Survey,AHSnhs11bsp,ALCDYWC,Days in last week consumed alcohol,NA,NA,NA
National Health Survey,AHSnhs11bsp,ALCDYWD,Days in last week consumed alcohol,NA,NA,NA
National Health Survey,AHSnhs11bsp,ALCDYWE,Days in last week consumed alcohol,NA,NA,NA
National Health Survey,AHSnhs11bsp,ALCDYWF,Days in last week consumed alcohol,NA,NA,NA
National Health Survey,AHSnhs11bsp,ALCDYWG,Days in last week consumed alcohol,NA,NA,NA
National Health Survey,AHSnhs11bsp,ALCDAYS,Number of days drank alcohol in last week,Risk factors,All persons aged 15 years and over,NA
National Health Survey,AHSnhs11bsp,ALCPAROX,Presence of parent during alcohol questions,Administrative,All selected persons 15–17 years,NA
National Health Survey,AHSnhs11bsp,ALCMPRSN,Consumption in reference week compared to usual consumption,Risk factors,All persons aged 15 years and over who drank in the last week,NA
National Health Survey,AHSnhs11bsp,ALCSTRAO,Short term alcohol risk - alcohol consumption on any occasion in last 12 month (2009 guidelines),Risk factors,All persons aged 15 years and over,NA
National Health Survey,AHSnhs11bsp,ALCF11,Frequency of consuming 11 or more drinks a day in the last 12 months,Risk factors,All persons aged 15 years and over,NA
National Health Survey,AHSnhs11bsp,ALCF11C,Number of days consumed 11 or more drinks over the last 12 months,Risk factors,All persons aged 15 years and over,NA
National Health Survey,AHSnhs11bsp,ALCF7,Frequency of consuming 7 or more drinks a day in the last 12 months,Risk factors,All persons aged 15 years and over,NA
National Health Survey,AHSnhs11bsp,ALCF7C,Number of days consumed 7 or more drinks over the last 12 months,Risk factors,All persons aged 15 years and over,NA
National Health Survey,AHSnhs11bsp,ALCF5,Frequency of consuming 5 or more drinks a day in the last 12 months,Risk factors,All persons aged 15 years and over,NA
National Health Survey,AHSnhs11bsp,ALCF5C,Number of days consumed 5 or more drinks over the last 12 months,Risk factors,All persons aged 15 years and over,NA
National Health Survey,AHSnhs11bsp,ALCF3,Frequency of consuming 3 or more drinks a day in the last 12 months,Risk factors,All persons aged 15 years and over,NA
National Health Survey,AHSnhs11bsp,ALCF3C,Number of days consumed 3 or more drinks over the last 12 months,Risk factors,All persons aged 15 years and over,NA
National Health Survey,AHSnhs11bsp,ALCSTR01,Short term alcohol risk (2001 Guidelines),Risk factors,All persons aged 15 years and over,NA
National Health Survey,AHSnhs11bsp,ASTHQ21E,Number of times asthma got worse and went to hospital or emergency in last 12 months,Health,Persons who still get asthma or have had symptoms in the last 12 months and asthma got worse or out of control in the last 12 months,NA
National Health Survey,AHSnhs11bsp,ASTHQ30E,Number of times asthma interfered with daily activities in the last 4 weeks,Health,Persons who still get asthma or have had symptoms in the last 12 months,NA
National Health Survey,AHSnhs11bsp,CHOL5YR,Whether has had cholesterol checked in the last 5 years,Health,Persons aged 18 years and over with a current heart/ circulatory condition,NA
National Health Survey,AHSnhs11bsp,CHOLEST,When was cholesterol last checked,Health,Persons aged 18 years and over with a current heart/ circulatory condition,NA
National Health Survey,AHSnhs11bsp,BPWHO,Who usually checks blood pressure,Health,Persons aged 18 years and over with current heart/ circulatory condition,NA
National Health Survey,AHSnhs11bsp,BPCHK,When was blood pressure last checked,Health,Persons aged 18 years and over with current heart/ circulatory condition,NA
National Health Survey,AHSnhs11bsp,CARSBPS,Whether checked own blood pressure in last 12 months,Health,Persons aged 18 years and over with current heart/ circulatory condition and checked BP in the last 12 months,NA
National Health Survey,AHSnhs11bsp,CARDASP,Whether uses aspirin daily for heart or circulatory condition,Health,Persons aged 18 years and over with current heart/ circulatory condition,NA
National Health Survey,AHSnhs11bsp,TDARTHA,Type of actions taken for arthritis in last 2 weeks,NA,NA,NA
National Health Survey,AHSnhs11bsp,TDARTHB,Type of actions taken for arthritis in last 2 weeks,NA,NA,NA
National Health Survey,AHSnhs11bsp,TDARTHC,Type of actions taken for arthritis in last 2 weeks,NA,NA,NA
National Health Survey,AHSnhs11bsp,TDARTHD,Type of actions taken for arthritis in last 2 weeks,NA,NA,NA
National Health Survey,AHSnhs11bsp,TDARTHE,Type of actions taken for arthritis in last 2 weeks,NA,NA,NA
National Health Survey,AHSnhs11bsp,TDARTHF,Type of actions taken for arthritis in last 2 weeks,NA,NA,NA
National Health Survey,AHSnhs11bsp,TDARTHG,Type of actions taken for arthritis in last 2 weeks,NA,NA,NA
National Health Survey,AHSnhs11bsp,TDARTHH,Type of actions taken for arthritis in last 2 weeks,NA,NA,NA
National Health Survey,AHSnhs11bsp,MSKAACTA,Action taken for osteoporosis or osteopenia in last 2 weeks,NA,NA,NA
National Health Survey,AHSnhs11bsp,MSKAACTB,Action taken for osteoporosis or osteopenia in last 2 weeks,NA,NA,NA
National Health Survey,AHSnhs11bsp,MSKAACTC,Action taken for osteoporosis or osteopenia in last 2 weeks,NA,NA,NA
National Health Survey,AHSnhs11bsp,MSKAACTD,Action taken for osteoporosis or osteopenia in last 2 weeks,NA,NA,NA
National Health Survey,AHSnhs11bsp,MSKAACTE,Action taken for osteoporosis or osteopenia in last 2 weeks,NA,NA,NA
National Health Survey,AHSnhs11bsp,MSKAACTF,Action taken for osteoporosis or osteopenia in last 2 weeks,NA,NA,NA
National Health Survey,AHSnhs11bsp,MSKAACTG,Action taken for osteoporosis or osteopenia in last 2 weeks,NA,NA,NA
National Health Survey,AHSnhs11bsp,MSKAACTH,Action taken for osteoporosis or osteopenia in last 2 weeks,NA,NA,NA
National Health Survey,AHSnhs11bsp,MSKBDEN,Whether bone density tested,Health,All persons aged 50 and over or persons diagnosed with osteoporosis or osteopenia,NA
National Health Survey,AHSnhs11bsp,DBACTIOA,All types of current action taken to manage diabetes/HSL,NA,NA,NA
National Health Survey,AHSnhs11bsp,DBACTIOB,All types of current action taken to manage diabetes/HSL,NA,NA,NA
National Health Survey,AHSnhs11bsp,DBACTIOC,All types of current action taken to manage diabetes/HSL,NA,NA,NA
National Health Survey,AHSnhs11bsp,DBACTIOD,All types of current action taken to manage diabetes/HSL,NA,NA,NA
National Health Survey,AHSnhs11bsp,DBACTIOE,All types of current action taken to manage diabetes/HSL,NA,NA,NA
National Health Survey,AHSnhs11bsp,DBACTIOF,All types of current action taken to manage diabetes/HSL,NA,NA,NA
National Health Survey,AHSnhs11bsp,DBACTIOG,All types of current action taken to manage diabetes/HSL,NA,NA,NA
National Health Survey,AHSnhs11bsp,DBCHANG,Changes made to diet/eating patterns due to diabetes/HSL,Health,Persons with diabetes or HSL (which has lasted or expected to last for at least 6 months),NA
National Health Survey,AHSnhs11bsp,DIALYSIS,Whether ever had dialysis,Health,All persons,NA
National Health Survey,AHSnhs11bsp,MHCMEDA,Type of medication taken for mental health condition,NA,NA,NA
National Health Survey,AHSnhs11bsp,MHCMEDB,Type of medication taken for mental health condition,NA,NA,NA
National Health Survey,AHSnhs11bsp,MHCMEDC,Type of medication taken for mental health condition,NA,NA,NA
National Health Survey,AHSnhs11bsp,MHCMEDD,Type of medication taken for mental health condition,NA,NA,NA
National Health Survey,AHSnhs11bsp,MHCMEDE,Type of medication taken for mental health condition,NA,NA,NA
National Health Survey,AHSnhs11bsp,MHCMEDF,Type of medication taken for mental health condition,NA,NA,NA
National Health Survey,AHSnhs11bsp,NUMBLOOD,Number of blood pressure measurements taken,Physical measurements&Body Mass,"All persons aged 5 years and over from whom valid first and second measurements were taken, and a third measurement was required",NA
National Health Survey,AHSnhs11bsp,BPCAT,Blood Pressure categories (18 yrs +),Physical measurements&Body Mass,All persons aged 18 years and over,NA
National Health Survey,AHSnhs11bsp,MWBPSYRA,Family stressors in the last 12 months (A),NA,NA,NA
National Health Survey,AHSnhs11bsp,MWBPSYRB,Family stressors in the last 12 months (B),NA,NA,NA
National Health Survey,AHSnhs11bsp,MWBPSYRC,Family stressors in the last 12 months (C),NA,NA,NA
National Health Survey,AHSnhs11bsp,MWBPSYRD,Family stressors in the last 12 months (D),NA,NA,NA
National Health Survey,AHSnhs11bsp,MWBPSYRE,Family stressors in the last 12 months (E),NA,NA,NA
National Health Survey,AHSnhs11bsp,MWBPSYRF,Family stressors in the last 12 months (F),NA,NA,NA
National Health Survey,AHSnhs11bsp,MWBPSYRG,Family stressors in the last 12 months (G),NA,NA,NA
National Health Survey,AHSnhs11bsp,MWBPSYRH,Family stressors in the last 12 months (H),NA,NA,NA
National Health Survey,AHSnhs11bsp,MWBPSYRI,Family stressors in the last 12 months (I),NA,NA,NA
National Health Survey,AHSnhs11bsp,MWBPSYRJ,Family stressors in the last 12 months (J),NA,NA,NA
National Health Survey,AHSnhs11bsp,MWBPSYRK,Family stressors in the last 12 months (K),NA,NA,NA
National Health Survey,AHSnhs11bsp,MWBPSYRL,Family stressors in the last 12 months (L),NA,NA,NA
National Health Survey,AHSnhs11bsp,MWBPSYRM,Family stressors in the last 12 months (M),NA,NA,NA
National Health Survey,AHSnhs11bsp,MWBPSYRN,Family stressors in the last 12 months (N),NA,NA,NA
National Health Survey,AHSnhs11bsp,MWBPSYRO,Family stressors in the last 12 months (O),NA,NA,NA
National Health Survey,AHSnhs11bsp,MWBPSYRP,Family stressors in the last 12 months (P),NA,NA,NA
National Health Survey,AHSnhs11bsp,PHITYPM,Type of private health insurance membership,Health,All persons aged 18 years and over,NA
National Health Survey,AHSnhs11bsp,PHITYPC,Type of private health insurance cover,Health,All persons aged 18 years and over,NA
National Health Survey,AHSnhs11bsp,RNCPHIA,Reasons not covered by private health insurance,NA,NA,NA
National Health Survey,AHSnhs11bsp,RNCPHIB,Reasons not covered by private health insurance,NA,NA,NA
National Health Survey,AHSnhs11bsp,RNCPHIC,Reasons not covered by private health insurance,NA,NA,NA
National Health Survey,AHSnhs11bsp,RNCPHID,Reasons not covered by private health insurance,NA,NA,NA
National Health Survey,AHSnhs11bsp,RNCPHIE,Reasons not covered by private health insurance,NA,NA,NA
National Health Survey,AHSnhs11bsp,RNCPHIF,Reasons not covered by private health insurance,NA,NA,NA
National Health Survey,AHSnhs11bsp,RNCPHIG,Reasons not covered by private health insurance,NA,NA,NA
National Health Survey,AHSnhs11bsp,RNCPHIH,Reasons not covered by private health insurance,NA,NA,NA
National Health Survey,AHSnhs11bsp,RNCPHII,Reasons not covered by private health insurance,NA,NA,NA
National Health Survey,AHSnhs11bsp,RNCPHIJ,Reasons not covered by private health insurance,NA,NA,NA
National Health Survey,AHSnhs11bsp,RNCPHIK,Reasons not covered by private health insurance,NA,NA,NA
National Health Survey,AHSnhs11bsp,RNCPHIL,Reasons not covered by private health insurance,NA,NA,NA
National Health Survey,AHSnhs11bsp,RPHICVRA,Reasons for private health insurance cover,NA,NA,NA
National Health Survey,AHSnhs11bsp,RPHICVRB,Reasons for private health insurance cover,NA,NA,NA
National Health Survey,AHSnhs11bsp,RPHICVRC,Reasons for private health insurance cover,NA,NA,NA
National Health Survey,AHSnhs11bsp,RPHICVRD,Reasons for private health insurance cover,NA,NA,NA
National Health Survey,AHSnhs11bsp,RPHICVRE,Reasons for private health insurance cover,NA,NA,NA
National Health Survey,AHSnhs11bsp,RPHICVRF,Reasons for private health insurance cover,NA,NA,NA
National Health Survey,AHSnhs11bsp,RPHICVRG,Reasons for private health insurance cover,NA,NA,NA
National Health Survey,AHSnhs11bsp,RPHICVRH,Reasons for private health insurance cover,NA,NA,NA
National Health Survey,AHSnhs11bsp,RPHICVRI,Reasons for private health insurance cover,NA,NA,NA
National Health Survey,AHSnhs11bsp,RPHICVRJ,Reasons for private health insurance cover,NA,NA,NA
National Health Survey,AHSnhs11bsp,RPHICVRK,Reasons for private health insurance cover,NA,NA,NA
National Health Survey,AHSnhs11bsp,RPHICVRL,Reasons for private health insurance cover,NA,NA,NA
National Health Survey,AHSnhs11bsp,RPHICVRM,Reasons for private health insurance cover,NA,NA,NA
National Health Survey,AHSnhs11bsp,SHIFTQ2,Whether did shift work in the last 4 weeks,Employment,All employed persons aged 15 years and over,NA
National Health Survey,AHSnhs11bsp,SF12Q2,Self-assessed health,Health,All persons aged 15 years and over,NA
National Health Survey,AHSnhs11bsp,HEALF29,Whether had time off school/study due to illness/injury in last 2 weeks,Health,Persons aged 5 years and over and currently studying,NA
National Health Survey,AHSnhs11bsp,HEALF31,Whether had time off school/study to look after someone else in last 2 weeks,Health,Persons aged 5 years and over and currently studying,NA
National Health Survey,AHSnhs11bsp,HEALF36,Whether had time off work to look after someone else in last 2 weeks,Health,Employed persons,NA
National Health Survey,AHSnhs11bsp,MWBSQ12,"Number of days unable to do work, study or day to day activities because of feelings last 4 weeks",Health,Persons aged 18 years and over who identified a feeling at least a little of the time,NA
National Health Survey,AHSnhs11bsp,MWBSQ13,Number of days cutdown on work or study or day to day activities because of feelings last 4 weeks,Health,Persons aged 18 years and over who identified a feeling at least a little of the time,NA
National Health Survey,AHSnhs11bsp,MWBSQ15,How often physical health problems were main cause of feelings in last 4 weeks,Health,Persons aged 18 years and over who identified a feeling at least a little of the time,NA
National Health Survey,AHSnhs11bsp,DIETQ1,Main type of milk usually consumed,Risk factor - Nutrition,All persons aged 2 years and over,NA
National Health Survey,AHSnhs11bsp,DIETQ5,Usual daily serves of vegetables,Risk factor - Nutrition,All persons aged 2 years and over,NA
National Health Survey,AHSnhs11bsp,DIETQ6,Vegetable consumption increased or decreased since same time last year,Risk factor - Nutrition,All persons aged 2 years and over,NA
National Health Survey,AHSnhs11bsp,DIETQ8,Usual daily serves of fruit,Risk factor - Nutrition,All persons aged 2 years and over,NA
National Health Survey,AHSnhs11bsp,DIETQ9,Fruit consumption increased or decreased since same time last year,Risk factor - Nutrition,All persons aged 2 years and over,NA
National Health Survey,AHSnhs11bsp,DIETQ12,How often salt is used in household for cooking or preparing food,Risk factor - Nutrition,All persons aged 2 years and over,NA
National Health Survey,AHSnhs11bsp,DIETQ14,How often salt is added to food at table,Risk factor - Nutrition,All persons aged 2 years and over,NA
National Health Survey,AHSnhs11bsp,ALCCQ2,Time since last had alcoholic drink,Risk factors,All persons aged 15 years and over,NA
National Health Survey,AHSnhs11bsp,ALCUSUQ2,Frequency of alcohol consumption in the last 12 months,Risk factors,All persons aged 15 years and over who have had a drink within the last 12 months,NA
National Health Survey,AHSnhs11bsp,ALCQ03,Usual consumption of alcohol compared to 12 months ago,Risk factors,All persons aged 15 years and over who have had a drink within the last 12 months,NA
National Health Survey,AHSnhs11bsp,ASTHQ02,Whether had symptoms or treatment for asthma in last 12 months,Health,Persons ever told by doctor or nurse have asthma,NA
National Health Survey,AHSnhs11bsp,ASTHQ03,Whether still gets asthma,Health,Persons ever told by doctor or nurse have asthma,NA
National Health Survey,AHSnhs11bsp,ASTHQ20,Whether asthma was worse or out of control in the last 12 months,Health,Persons who still get asthma or have had symptoms in the last 12 months,NA
National Health Survey,AHSnhs11bsp,ASTHQ22,Whether has written asthma action plan,Health,Persons who still get asthma or have had symptoms in the last 12 months,NA
National Health Survey,AHSnhs11bsp,ASTHQ29,Whether woken by asthma or wheezing in last 4 weeks,Health,Persons who still get asthma or have had symptoms in the last 12 months,NA
National Health Survey,AHSnhs11bsp,CNCRQ01,Whether regularly check on freckles and moles,Health,All persons,NA
National Health Survey,AHSnhs11bsp,CNCRQ17,Whether ever been tested for cancer,Health,All persons,NA
National Health Survey,AHSnhs11bsp,CNCR19AA,Type of cancer ever tested for - Males (A),NA,NA,NA
National Health Survey,AHSnhs11bsp,CNCR19AB,Type of cancer ever tested for - Males (B),NA,NA,NA
National Health Survey,AHSnhs11bsp,CNCR19AC,Type of cancer ever tested for - Males (C),NA,NA,NA
National Health Survey,AHSnhs11bsp,CNCR19BA,Type of cancer ever tested for - Females (A),NA,NA,NA
National Health Survey,AHSnhs11bsp,CNCR19BB,Type of cancer ever tested for - Females (B),NA,NA,NA
National Health Survey,AHSnhs11bsp,CNCR19BC,Type of cancer ever tested for - Females (C),NA,NA,NA
National Health Survey,AHSnhs11bsp,CNCR19BD,Type of cancer ever tested for - Females (D),NA,NA,NA
National Health Survey,AHSnhs11bsp,CNCRQ20,Whether tested for cancer in the last 2 years,Health,Person who have been tested for cancer,NA
National Health Survey,AHSnhs11bsp,CARST27,Whether has had blood pressure checked in last 2 years,Health,Persons aged 18 years and over,NA
National Health Survey,AHSnhs11bsp,CARST37,Whether advised by doctor to use aspirin daily for heart or circulatory condition,Health,Persons with a current heart/ circulatory condition who take aspirin daily,NA
National Health Survey,AHSnhs11bsp,OSTEOQ5,Whether actions taken in last 2 weeks for osteoporosis or osteopenia,Health,Persons who were ever told they had osteoporosis or osteopenia,NA
National Health Survey,AHSnhs11bsp,DIABQ01A,Family history of diabetes,Health,All persons,NA
National Health Survey,AHSnhs11bsp,DIABQ04,Screened for diabetes in the last 3 years,Health,Persons who have not been told have diabetes/HSL and are either aged 50 years and over or have a heart/circ condition (which has lasted or expected to last for at least 6 months),NA
National Health Survey,AHSnhs11bsp,DIABAQ01,Frequency glucose checked in the last 12 months,Health,Persons with diabetes or HSL (which has lasted or expected to last for at least 6 months),NA
National Health Survey,AHSnhs11bsp,DIABAQ02,Frequency checked feet in the last 12 months,Health,Persons with diabetes or HSL (which has lasted or expected to last for at least 6 months),NA
National Health Survey,AHSnhs11bsp,DIABMQ01,Currently having insulin every day,Health,Persons with diabetes or HSL (which has lasted or expected to last for at least 6 months),NA
National Health Survey,AHSnhs11bsp,DIABMQ12,Taken other actions for diabetes/HSL in last 2 weeks,Health,Persons with diabetes or HSL (which has lasted or expected to last for at least 6 months),NA
National Health Survey,AHSnhs11bsp,DIABMQ14,HBA1C test done in last 12 months,Health,Persons with diabetes or HSL (which has lasted or expected to last for at least 6 months),NA
National Health Survey,AHSnhs11bsp,GLASSES,Whether currently wears glasses/contact lenses to correct eyesight,Health,All persons,NA
National Health Survey,AHSnhs11bsp,DIABSQ2,Whether has eye/sight problems due to diabetes/HSL,Health,Persons told they have diabetes/HSL and have an eye/sight problem,NA
National Health Survey,AHSnhs11bsp,LTCQ4B,Type of food allergy reaction,Health,Persons who have a food allergy,NA
National Health Survey,AHSnhs11bsp,LTCQ4C,Type of drug allergy reaction,Health,Persons who have a drug allergy,NA
National Health Survey,AHSnhs11bsp,CARME01,Whether blood pressure measured,Physical measurements&Body Mass,All persons aged 5 years and over,NA
National Health Survey,AHSnhs11bsp,CARME02S,Systolic Blood Pressure - Measurement One (mmHg),Physical measurements&Body Mass,All persons aged 5 years and over who agreed for measurements to be taken,NA
National Health Survey,AHSnhs11bsp,CARME02D,Diastolic Blood Pressure - Measurement One (mmHg),Physical measurements&Body Mass,All persons aged 5 years and over who agreed for measurements to be taken,NA
National Health Survey,AHSnhs11bsp,CARME03S,Systolic Blood Pressure - Measurement Two (mmHg),Physical measurements&Body Mass,All persons aged 5 years and over from whom a valid first measurement was taken,NA
National Health Survey,AHSnhs11bsp,CARME03D,Diastolic Blood Pressure - Measurement Two (mmHg),Physical measurements&Body Mass,All persons aged 5 years and over from whom a valid first measurement was taken,NA
National Health Survey,AHSnhs11bsp,CARME05S,Systolic Blood Pressure - Measurement Three (mmHg),Physical measurements&Body Mass,"All persons aged 5 years and over from whom valid first and second measurements were taken, and a third measurement was required",NA
National Health Survey,AHSnhs11bsp,CARME05D,Diastolic Blood Pressure - Measurement Three (mmHg),Physical measurements&Body Mass,All persons aged 5 years and over from whom a valid first measurement was taken,NA
National Health Survey,AHSnhs11bsp,HEALQ01,Whether currently covered by private health insurance,Health,All persons aged 18 years and over,NA
National Health Survey,AHSnhs11bsp,HEALQ05,Duration of private health insurance,Health,All persons aged 18 years and over who have private health insurance,NA
National Health Survey,AHSnhs11bsp,LEVEL3,Record level identifier for Persons for SuperCROSS,Administrative,NA,NA
National Health Survey,AHSnhs11bsp,ABSPID,Person (Selected Person) number,Administrative,NA,NA
National Health Survey,AHSnhs11bsp,ABSBID,Alcohol record number,Administrative,NA,NA
National Health Survey,AHSnhs11bsp,ABSCID,Condition number,Administrative,NA,NA
National Health Survey,AHSnhs11bsp,ABSGID,Condition Group number,Administrative,NA,NA
National Health Survey,AHSnhs11bsp,ABSTID,Alcohol Type number,Administrative,NA,NA
National Health Survey,AHSnhs11bsp,ABSUID,Biomedical number,Administrative,NA,NA
National Health Survey,AHSnhs11bsp,ABSMID,Medication number,Administrative,NA,NA
National Health Survey,AHSnhs11bbi,ABSLID,Household record identifer,Administrative,NA,NA
National Health Survey,AHSnhs11bbi,TRIGRESB,Fasting triglycerides - ranged (mmol/L),Biomedical level,Persons aged 12 years and over who participated in the biomedical component and fasted for 8 hours or more,NA
National Health Survey,AHSnhs11bbi,CHOLRESB,Total cholesterol - ranged (mmol/L),Biomedical level,Persons aged 12 years and over who participated in the biomedical component,NA
National Health Survey,AHSnhs11bbi,HDLCHREB,HDL cholesterol - ranged (mmol/L),Biomedical level,Persons aged 12 years and over who participated in the biomedical component,NA
National Health Survey,AHSnhs11bbi,LDLRESB,Fasting LDL cholesterol - ranged (mmol/L),Biomedical level,Persons aged 12 years and over who participated in the biomedical component and fasted for 8 hours or more,All persons with triglycerides results ≥4.5mmol/L were excluded.
National Health Survey,AHSnhs11bbi,APOBRESB,Apolipoprotein B - ranged (g/L),Biomedical level,Persons aged 12 years and over who participated in the biomedical component,NA
National Health Survey,AHSnhs11bbi,EGFRRESB,eGFR - ranged (mL/min/1.73m2),Biomedical level,Persons aged 18 years and over who participated in the biomedical component,NA
National Health Survey,AHSnhs11bbi,ALTRESB,Alanine aminotransferase (ALT) - categories (U/L),Biomedical level,Persons aged 12 years and over who participated in the biomedical component,NA
National Health Survey,AHSnhs11bbi,GGTRESB,Gamma glutamyl transferase (GGT) - ranged (U/L),Biomedical level,Persons aged 12 years and over who participated in the biomedical component,NA
National Health Survey,AHSnhs11bbi,FOLATREB,Folate - ranged (nmol/L),Biomedical level,Persons aged 12 years and over who participated in the biomedical component,NA
National Health Survey,AHSnhs11bbi,B12RESB,Vitamin B12 - ranged (pmol/L),Biomedical level,Persons aged 12 years and over who participated in the biomedical component,NA
National Health Survey,AHSnhs11bbi,FERRCRPB,Serum ferritin (excluding elevated CRP) - ranged (¬µg/L),Biomedical level,Persons aged 12 years and over who participated in biomeds and had a CRP result =< 10,Results are excluded if CRP is elevated (not applicable)
National Health Survey,AHSnhs11bbi,SOLTRREB,Soluble transferrin receptor (sTfR) - ranged (mg/L),Biomedical level,Persons aged 12 years and over who participated in the biomedical component,NA
National Health Survey,AHSnhs11bbi,HBA1PREB,HbA1c - ranged (%),Biomedical level,Persons aged 12 years and over who participated in the biomedical component,HbA1c(mmol/mol) is calculated from HbA1c(%) using the following equation: 20 + 11(HbA1c(%) - 4)
National Health Survey,AHSnhs11bbi,HBA1MREB,HbA1c - ranged (mmol/mol),Biomedical level,Persons aged 12 years and over who participated in the biomedical component,NA
National Health Survey,AHSnhs11bbi,GLUCFREB,Fasting plasma glucose - ranged (mmol/L),Biomedical level,Persons aged 12 years and over who participated in the biomedical component and fasted for 8 hours or more,NA
National Health Survey,AHSnhs11bbi,VDLCMREB,Vitamin D (LCMS) - detailed ranged (nmol/L),Biomedical level,Persons aged 12 years and over who participated in the biomedical component,NA
National Health Survey,AHSnhs11bbi,DIAHBRSK,HbA1c status (%),Biomedical level,Persons aged 12 years and over who participated in the biomedical component,HbA1c(mmol/mol) is calculated from HbA1c(%) using the following equation: 20 + 11(HbA1c(%) - 4)
National Health Survey,AHSnhs11bbi,DIABFPGE,Diabetes prevalence - fasting plasma glucose (mmol/L),Biomedical level,Persons aged 12 years and over who participated in the biomedical component and fasted for 8 hours or more,Please refer to the glossary for the definition of known diabetes.
National Health Survey,AHSnhs11bbi,DIABPRVE,Diabetes prevalence - HbA1c (%),Biomedical level,Persons aged 12 years and over who participated in the biomedical component,Please refer to the glossary for the definition of known diabetes.
National Health Survey,AHSnhs11bbi,FASTSTAD,Fasting status,Biomedical level,Persons aged 12 years and over who participated in the biomedical component,NA
National Health Survey,AHSnhs11bbi,BIORESPC,Biomedical response status,Biomedical level,Selected persons aged 5 years and over,NA
National Health Survey,AHSnhs11bbi,RPWGT01,Replicate Weights,NA,NA,NA
National Health Survey,AHSnhs11bbi,RPWGT02,Replicate Weights,NA,NA,NA
National Health Survey,AHSnhs11bbi,RPWGT03,Replicate Weights,NA,NA,NA
National Health Survey,AHSnhs11bbi,RPWGT04,Replicate Weights,NA,NA,NA
National Health Survey,AHSnhs11bbi,RPWGT05,Replicate Weights,NA,NA,NA
National Health Survey,AHSnhs11bbi,RPWGT06,Replicate Weights,NA,NA,NA
National Health Survey,AHSnhs11bbi,RPWGT07,Replicate Weights,NA,NA,NA
National Health Survey,AHSnhs11bbi,RPWGT08,Replicate Weights,NA,NA,NA
National Health Survey,AHSnhs11bbi,RPWGT09,Replicate Weights,NA,NA,NA
National Health Survey,AHSnhs11bbi,RPWGT10,Replicate Weights,NA,NA,NA
National Health Survey,AHSnhs11bbi,RPWGT11,Replicate Weights,NA,NA,NA
National Health Survey,AHSnhs11bbi,RPWGT12,Replicate Weights,NA,NA,NA
National Health Survey,AHSnhs11bbi,RPWGT13,Replicate Weights,NA,NA,NA
National Health Survey,AHSnhs11bbi,RPWGT14,Replicate Weights,NA,NA,NA
National Health Survey,AHSnhs11bbi,RPWGT15,Replicate Weights,NA,NA,NA
National Health Survey,AHSnhs11bbi,RPWGT16,Replicate Weights,NA,NA,NA
National Health Survey,AHSnhs11bbi,RPWGT17,Replicate Weights,NA,NA,NA
National Health Survey,AHSnhs11bbi,RPWGT18,Replicate Weights,NA,NA,NA
National Health Survey,AHSnhs11bbi,RPWGT19,Replicate Weights,NA,NA,NA
National Health Survey,AHSnhs11bbi,RPWGT20,Replicate Weights,NA,NA,NA
National Health Survey,AHSnhs11bbi,RPWGT21,Replicate Weights,NA,NA,NA
National Health Survey,AHSnhs11bbi,RPWGT22,Replicate Weights,NA,NA,NA
National Health Survey,AHSnhs11bbi,RPWGT23,Replicate Weights,NA,NA,NA
National Health Survey,AHSnhs11bbi,RPWGT24,Replicate Weights,NA,NA,NA
National Health Survey,AHSnhs11bbi,RPWGT25,Replicate Weights,NA,NA,NA
National Health Survey,AHSnhs11bbi,RPWGT26,Replicate Weights,NA,NA,NA
National Health Survey,AHSnhs11bbi,RPWGT27,Replicate Weights,NA,NA,NA
National Health Survey,AHSnhs11bbi,RPWGT28,Replicate Weights,NA,NA,NA
National Health Survey,AHSnhs11bbi,RPWGT29,Replicate Weights,NA,NA,NA
National Health Survey,AHSnhs11bbi,RPWGT30,Replicate Weights,NA,NA,NA
National Health Survey,AHSnhs11bbi,RPWGT31,Replicate Weights,NA,NA,NA
National Health Survey,AHSnhs11bbi,RPWGT32,Replicate Weights,NA,NA,NA
National Health Survey,AHSnhs11bbi,RPWGT33,Replicate Weights,NA,NA,NA
National Health Survey,AHSnhs11bbi,RPWGT34,Replicate Weights,NA,NA,NA
National Health Survey,AHSnhs11bbi,RPWGT35,Replicate Weights,NA,NA,NA
National Health Survey,AHSnhs11bbi,RPWGT36,Replicate Weights,NA,NA,NA
National Health Survey,AHSnhs11bbi,RPWGT37,Replicate Weights,NA,NA,NA
National Health Survey,AHSnhs11bbi,RPWGT38,Replicate Weights,NA,NA,NA
National Health Survey,AHSnhs11bbi,RPWGT39,Replicate Weights,NA,NA,NA
National Health Survey,AHSnhs11bbi,RPWGT40,Replicate Weights,NA,NA,NA
National Health Survey,AHSnhs11bbi,RPWGT41,Replicate Weights,NA,NA,NA
National Health Survey,AHSnhs11bbi,RPWGT42,Replicate Weights,NA,NA,NA
National Health Survey,AHSnhs11bbi,RPWGT43,Replicate Weights,NA,NA,NA
National Health Survey,AHSnhs11bbi,RPWGT44,Replicate Weights,NA,NA,NA
National Health Survey,AHSnhs11bbi,RPWGT45,Replicate Weights,NA,NA,NA
National Health Survey,AHSnhs11bbi,RPWGT46,Replicate Weights,NA,NA,NA
National Health Survey,AHSnhs11bbi,RPWGT47,Replicate Weights,NA,NA,NA
National Health Survey,AHSnhs11bbi,RPWGT48,Replicate Weights,NA,NA,NA
National Health Survey,AHSnhs11bbi,RPWGT49,Replicate Weights,NA,NA,NA
National Health Survey,AHSnhs11bbi,RPWGT50,Replicate Weights,NA,NA,NA
National Health Survey,AHSnhs11bbi,RPWGT51,Replicate Weights,NA,NA,NA
National Health Survey,AHSnhs11bbi,RPWGT52,Replicate Weights,NA,NA,NA
National Health Survey,AHSnhs11bbi,RPWGT53,Replicate Weights,NA,NA,NA
National Health Survey,AHSnhs11bbi,RPWGT54,Replicate Weights,NA,NA,NA
National Health Survey,AHSnhs11bbi,RPWGT55,Replicate Weights,NA,NA,NA
National Health Survey,AHSnhs11bbi,RPWGT56,Replicate Weights,NA,NA,NA
National Health Survey,AHSnhs11bbi,RPWGT57,Replicate Weights,NA,NA,NA
National Health Survey,AHSnhs11bbi,RPWGT58,Replicate Weights,NA,NA,NA
National Health Survey,AHSnhs11bbi,RPWGT59,Replicate Weights,NA,NA,NA
National Health Survey,AHSnhs11bbi,RPWGT60,Replicate Weights,NA,NA,NA
National Health Survey,AHSnhs11bbi,NHMSPERW,Biomedical weight PAA,Administrative,Biomedical participants (Biomedical level),NA
National Health Survey,AHSnhs11bbi,CHOLNTR,Total cholesterol status (mmol/L),Biomedical level,Persons aged 12 years and over who participated in the biomedical component,Normal total cholesterol <5.5mmol/L; abnormal total cholesterol ≥5.5mmol/L.
National Health Survey,AHSnhs11bbi,HDLCHNTR,HDL cholesterol status - non-sex dependent (mmol/L),Biomedical level,Persons aged 12 years and over who participated in the biomedical component,Normal non-sex dependent HDL cholesterol ≥1.0mmol/L; abnormal non-sex dependent HDL cholesterol <1.0mmol/L.
National Health Survey,AHSnhs11bbi,HDLCHSEX,HDL cholesterol status - sex dependent (mmol/L),Biomedical level,Persons aged 12 years and over who participated in the biomedical component,Normal sex dependent HDL cholesterol is defined as ≥1.0mmol/L for males and ≥1.3mmol/L for females; abnormal sex dependent HDL cholesterol is defined as <1.0mmol/L for males and <1.3mmol/L for females.
National Health Survey,AHSnhs11bbi,LDLNTR,Fasting LDL cholesterol status (mmol/L),Biomedical level,Persons aged 12 years and over who participated in the biomedical component and fasted for 8 hours or more,Normal fasting LDL cholesterol <3.5mmol/L; abnormal fasting LDL cholesterol ≥3.5mmol/L. All persons with fasting triglycerides results ≥4.5mmol/L were excluded.
National Health Survey,AHSnhs11bbi,APOBNTR,Apolipoprotein B (ApoB) status (g/L),Biomedical level,Persons aged 12 years and over who participated in the biomedical component,Normal apolipoprotein B is defined as ≤1.3mmol/L for males and ≤1.2mmol/L for females; abnormal apolipoprotein B is defined as >1.3mmol/L for males and >1.2mmol/L for females.
National Health Survey,AHSnhs11bbi,TRIGNTR,Fasting triglycerides status (mmol/L),Biomedical level,Persons aged 12 years and over who participated in the biomedical component and fasted for 8 hours or more,Normal fasting triglycerides status <2.0mmol/L; abnormal fasting triglycerides status ≥ 2.0mmol/L.
National Health Survey,AHSnhs11bbi,CVDMEDST,Dyslipidaemia status (lipid medication status and lipid levels),Biomedical level,Persons aged 18 years and over who participated in the biomedical component and fasted for 8 hours or more,Please refer to the glossary for the definition of dyslipidaemia.
National Health Survey,AHSnhs11bbi,EGFRKDSA,Chronic Kidney Disease (CKD) stages (mL/min/1.73m^2),Biomedical level,Persons aged 18 years and over who participated in the biomedical component,Please refer to the glossary for the definition of chronic kidney disease stages.
National Health Survey,AHSnhs11bbi,EGFRIMP,eGFR status (mL/min/1.73m^2),Biomedical level,Persons aged 18 years and over who participated in the biomedical component,Normal eGFR ≥60mL/min/1.73m2; Impaired eGFR <60mL/min/1.73m2
National Health Survey,AHSnhs11bbi,ALTNTR,Alanine aminotransferase (ALT) status (U/L),Biomedical level,Persons aged 12 years and over who participated in the biomedical component,The following levels indicate abnormal ALT: >30U/L for males aged 12-14 years and females aged 12 years and over; >40U/L for males aged 15 years and over.
National Health Survey,AHSnhs11bbi,GGTNTR,Gamma glutamyl transferase (GGT) status (U/L),Biomedical level,Persons aged 12 years and over who participated in the biomedical component,The following levels indicate abnormal GGT: >30U/L for children aged 12-14 years; >35U/L for females aged 15 years and over; >40U/L for males aged 15-17 years; >50U/L for males aged 18 years and over.
National Health Survey,AHSnhs11bbi,COTINIES,Cotinine status (nmol/L),Biomedical level,Persons aged 12 years and over who participated in the biomedical component,NA
National Health Survey,AHSnhs11bbi,DIAHMRSK,HbA1c status (mmol/mol),Biomedical level,Persons aged 12 years and over who participated in the biomedical component,HbA1c(mmol/mol) is calculated from HbA1c(%) using the following equation: 20 + 11(HbA1c(%) - 4)
National Health Survey,AHSnhs11bbi,HBDAP,Haemoglobin status (g/L),Biomedical level,Persons aged 12 years and over who participated in the biomedical component,The following haemoglobin levels indicate risk of anaemia: <120 g/L for children aged 12-14 years and females aged 15 years or older who are not pregnant; <130 g/L for males aged 15 years or older; <110 g/L for pregnant women.
National Health Survey,AHSnhs11bbi,GLUCFPD,Fasting plasma glucose status (mmol/L),Biomedical level,Persons aged 12 years and over who participated in the biomedical component and fasted for 8 hours or more,Fasting plasma glucose ≤6.0mmol/L indicates no diabetes; impaired fasting plasma glucose >6.0mmol/L and <7.0 mmol/L; fasting plasma glucose ≥7.0 mmol/L indicates diabetes.
National Health Survey,AHSnhs11bbi,ACRNTR,Albuminuria status (mg/mmol),Biomedical level,Persons aged 18 years and over who participated in the biomedical component,Presence of albuminuria is defined as ACR ≥2.5mg/mol for males and ≥3.5mg/mol for females. No presence of albuminuria is defined as ACR <2.5mg/mol for males and <3.5mg/mol for females
National Health Survey,AHSnhs11bbi,ACRIPA,Albumin Creatinine Ratio (ACR) status (mg/mmol),Biomedical level,Persons aged 18 years and over who participated in the biomedical component,Macroalbuminuria is defined as ACR >25mg/mol for males and >35mg/mol for females; microalbuminuria is defined as ACR ≥2.5mg/mol and ≤25 mg/mol for males and ≥3.5mg/mol and ≤35 mg/mol for females; normoalbuminuria is defined as ACR <2.5mg/mol for males and <3.5mg/mol for females.
National Health Survey,AHSnhs11bbi,MONTHCOL,Month of biomedical collection,Biomedical level,Persons aged 5 years and over who participated in the biomedical component,NA
National Health Survey,AHSnhs11bbi,VDLCMRGT,Vitamin D (LCMS) ranged (nmol/L),Biomedical level,Persons aged 12 years and over who participated in the biomedical component,NA
National Health Survey,AHSnhs11bbi,ABSPID,Person (Selected Person) number,Administrative,NA,NA
National Health Survey,AHSnhs11bbi,ABSBID,Alcohol record number,Administrative,NA,NA
National Health Survey,AHSnhs11bbi,ABSCID,Condition number,Administrative,NA,NA
National Health Survey,AHSnhs11bbi,ABSGID,Condition Group number,Administrative,NA,NA
National Health Survey,AHSnhs11bbi,ABSTID,Alcohol Type number,Administrative,NA,NA
National Health Survey,AHSnhs11bbi,ABSUID,Biomedical number,Administrative,NA,NA
National Health Survey,AHSnhs11bbi,ABSMID,Medication number,Administrative,NA,NA
National Health Survey,AHSnhs11bbi,LEVEL9,Record level identifier for selected biomedical persons for SuperCROSS,NA,NA,NA
National Health Survey,AHSnhs11bhh,HHSIZECB,Number of persons in household,Household level,Households,NA
National Health Survey,AHSnhs11bhh,DSMKHHRB,Number of daily smokers in household,Household level,Households,NA
National Health Survey,AHSnhs11bhh,LNDLORDB,Landlord type,Household level,"Households who rent, board or in shared equity scheme",NA
National Health Survey,AHSnhs11bhh,DWLSTRBC,Dwelling structure,Household level,Households,NA
National Health Survey,AHSnhs11bhh,NUMRMSBC,Number of bedrooms,Household level,Households,NA
National Health Survey,AHSnhs11bhh,ARIABC,Remoteness area categories ASGS 2011,Household level,Households,NA
National Health Survey,AHSnhs11bhh,NUMKHHEC,Number of children aged 0-17 years in household,Household level,Households,NA
National Health Survey,AHSnhs11bhh,HHADULEC,Number of adults in household,Household level,Households,NA
National Health Survey,AHSnhs11bhh,STHHTYC,Household composition,Household level,Households,NA
National Health Survey,AHSnhs11bhh,TENUREC,Tenure type of household,Household level,Households,NA
National Health Survey,AHSnhs11bhh,INCDECE,Equivalised income of household: deciles,Household level,Households,NA
National Health Survey,AHSnhs11bhh,WHROR01,Replicate Weights,NA,NA,NA
National Health Survey,AHSnhs11bhh,WHROR02,Replicate Weights,NA,NA,NA
National Health Survey,AHSnhs11bhh,WHROR03,Replicate Weights,NA,NA,NA
National Health Survey,AHSnhs11bhh,WHROR04,Replicate Weights,NA,NA,NA
National Health Survey,AHSnhs11bhh,WHROR05,Replicate Weights,NA,NA,NA
National Health Survey,AHSnhs11bhh,WHROR06,Replicate Weights,NA,NA,NA
National Health Survey,AHSnhs11bhh,WHROR07,Replicate Weights,NA,NA,NA
National Health Survey,AHSnhs11bhh,WHROR08,Replicate Weights,NA,NA,NA
National Health Survey,AHSnhs11bhh,WHROR09,Replicate Weights,NA,NA,NA
National Health Survey,AHSnhs11bhh,WHROR10,Replicate Weights,NA,NA,NA
National Health Survey,AHSnhs11bhh,WHROR11,Replicate Weights,NA,NA,NA
National Health Survey,AHSnhs11bhh,WHROR12,Replicate Weights,NA,NA,NA
National Health Survey,AHSnhs11bhh,WHROR13,Replicate Weights,NA,NA,NA
National Health Survey,AHSnhs11bhh,WHROR14,Replicate Weights,NA,NA,NA
National Health Survey,AHSnhs11bhh,WHROR15,Replicate Weights,NA,NA,NA
National Health Survey,AHSnhs11bhh,WHROR16,Replicate Weights,NA,NA,NA
National Health Survey,AHSnhs11bhh,WHROR17,Replicate Weights,NA,NA,NA
National Health Survey,AHSnhs11bhh,WHROR18,Replicate Weights,NA,NA,NA
National Health Survey,AHSnhs11bhh,WHROR19,Replicate Weights,NA,NA,NA
National Health Survey,AHSnhs11bhh,WHROR20,Replicate Weights,NA,NA,NA
National Health Survey,AHSnhs11bhh,WHROR21,Replicate Weights,NA,NA,NA
National Health Survey,AHSnhs11bhh,WHROR22,Replicate Weights,NA,NA,NA
National Health Survey,AHSnhs11bhh,WHROR23,Replicate Weights,NA,NA,NA
National Health Survey,AHSnhs11bhh,WHROR24,Replicate Weights,NA,NA,NA
National Health Survey,AHSnhs11bhh,WHROR25,Replicate Weights,NA,NA,NA
National Health Survey,AHSnhs11bhh,WHROR26,Replicate Weights,NA,NA,NA
National Health Survey,AHSnhs11bhh,WHROR27,Replicate Weights,NA,NA,NA
National Health Survey,AHSnhs11bhh,WHROR28,Replicate Weights,NA,NA,NA
National Health Survey,AHSnhs11bhh,WHROR29,Replicate Weights,NA,NA,NA
National Health Survey,AHSnhs11bhh,WHROR30,Replicate Weights,NA,NA,NA
National Health Survey,AHSnhs11bhh,WHROR31,Replicate Weights,NA,NA,NA
National Health Survey,AHSnhs11bhh,WHROR32,Replicate Weights,NA,NA,NA
National Health Survey,AHSnhs11bhh,WHROR33,Replicate Weights,NA,NA,NA
National Health Survey,AHSnhs11bhh,WHROR34,Replicate Weights,NA,NA,NA
National Health Survey,AHSnhs11bhh,WHROR35,Replicate Weights,NA,NA,NA
National Health Survey,AHSnhs11bhh,WHROR36,Replicate Weights,NA,NA,NA
National Health Survey,AHSnhs11bhh,WHROR37,Replicate Weights,NA,NA,NA
National Health Survey,AHSnhs11bhh,WHROR38,Replicate Weights,NA,NA,NA
National Health Survey,AHSnhs11bhh,WHROR39,Replicate Weights,NA,NA,NA
National Health Survey,AHSnhs11bhh,WHROR40,Replicate Weights,NA,NA,NA
National Health Survey,AHSnhs11bhh,WHROR41,Replicate Weights,NA,NA,NA
National Health Survey,AHSnhs11bhh,WHROR42,Replicate Weights,NA,NA,NA
National Health Survey,AHSnhs11bhh,WHROR43,Replicate Weights,NA,NA,NA
National Health Survey,AHSnhs11bhh,WHROR44,Replicate Weights,NA,NA,NA
National Health Survey,AHSnhs11bhh,WHROR45,Replicate Weights,NA,NA,NA
National Health Survey,AHSnhs11bhh,WHROR46,Replicate Weights,NA,NA,NA
National Health Survey,AHSnhs11bhh,WHROR47,Replicate Weights,NA,NA,NA
National Health Survey,AHSnhs11bhh,WHROR48,Replicate Weights,NA,NA,NA
National Health Survey,AHSnhs11bhh,WHROR49,Replicate Weights,NA,NA,NA
National Health Survey,AHSnhs11bhh,WHROR50,Replicate Weights,NA,NA,NA
National Health Survey,AHSnhs11bhh,WHROR51,Replicate Weights,NA,NA,NA
National Health Survey,AHSnhs11bhh,WHROR52,Replicate Weights,NA,NA,NA
National Health Survey,AHSnhs11bhh,WHROR53,Replicate Weights,NA,NA,NA
National Health Survey,AHSnhs11bhh,WHROR54,Replicate Weights,NA,NA,NA
National Health Survey,AHSnhs11bhh,WHROR55,Replicate Weights,NA,NA,NA
National Health Survey,AHSnhs11bhh,WHROR56,Replicate Weights,NA,NA,NA
National Health Survey,AHSnhs11bhh,WHROR57,Replicate Weights,NA,NA,NA
National Health Survey,AHSnhs11bhh,WHROR58,Replicate Weights,NA,NA,NA
National Health Survey,AHSnhs11bhh,WHROR59,Replicate Weights,NA,NA,NA
National Health Survey,AHSnhs11bhh,WHROR60,Replicate Weights,NA,NA,NA
National Health Survey,AHSnhs11bhh,NHSFHHWT,Household weight PAA,Administrative,Households (Household level),NA
National Health Survey,AHSnhs11bhh,FINSTRS,Whether household members could raise $2000 in an emergency,Household level,Households,NA
National Health Survey,AHSnhs11bhh,SF2SA1DN,Index of Relative Socio-economic Disadvantage - 2011 - SA1 - Deciles - National,Household level,Households,NA
National Health Survey,AHSnhs11bhh,SMKHSQ4D,Whether any daily smokers smoked at home indoors,Household level,Households,NA
National Health Survey,AHSnhs11bhh,PHONEQ01,Whether have landline/fixed phone,Household level,Households,NA
National Health Survey,AHSnhs11bhh,LANDWH,Whether landline number in white pages,Household level,Households,NA
National Health Survey,AHSnhs11bhh,LEVEL1,Record level identifier for SuperCROSS - Household level,Administrative,NA,NA
National Health Survey,AHSnhs11bhh,STATE,State or territory,Household level,Households,NA
National Health Survey,AHSnhs11bhh,ABSPID,Person (Selected Person) number,Administrative,NA,NA
National Health Survey,AHSnhs11bhh,ABSBID,Alcohol record number,Administrative,NA,NA
National Health Survey,AHSnhs11bhh,ABSCID,Condition number,Administrative,NA,NA
National Health Survey,AHSnhs11bhh,ABSGID,Condition Group number,Administrative,NA,NA
National Health Survey,AHSnhs11bhh,ABSTID,Alcohol Type number,Administrative,NA,NA
National Health Survey,AHSnhs11bhh,ABSUID,Biomedical number,Administrative,NA,NA
National Health Survey,AHSnhs11bhh,ABSMID,Medication number,Administrative,NA,NA
National Health Survey,AHSnhs11bhh,ABSLID,Household record identifer,Administrative,NA,NA
National Health Survey,AHSnhs11bac,ABSLID,Household record identifer,Administrative,NA,NA
National Health Survey,AHSnhs11bac,DAYOFFSC,Number of days off study due to condition,Actions level,Student population with selected condition group,NA
National Health Survey,AHSnhs11bac,DAYOFFWC,Number of days off work due to condition,Actions level,Employed population with selected condition group,NA
National Health Survey,AHSnhs11bac,TIMEGPC,Number of times consulted GP in last 12 months,Actions level,Persons with selected condition group,NA
National Health Survey,AHSnhs11bac,TIMESPC,Number of times consulted specialist in last 12 months,Actions level,Persons with selected condition group,NA
National Health Survey,AHSnhs11bac,ACT2WKSA,Actions taken for condition in the last 2 weeks,NA,NA,NA
National Health Survey,AHSnhs11bac,ACT2WKSB,Actions taken for condition in the last 2 weeks,NA,NA,NA
National Health Survey,AHSnhs11bac,ACT2WKSC,Actions taken for condition in the last 2 weeks,NA,NA,NA
National Health Survey,AHSnhs11bac,ACT2WKSD,Actions taken for condition in the last 2 weeks,NA,NA,NA
National Health Survey,AHSnhs11bac,ACT2WKSE,Actions taken for condition in the last 2 weeks,NA,NA,NA
National Health Survey,AHSnhs11bac,ACT2WKSF,Actions taken for condition in the last 2 weeks,NA,NA,NA
National Health Survey,AHSnhs11bac,ACT2WKSG,Actions taken for condition in the last 2 weeks,NA,NA,NA
National Health Survey,AHSnhs11bac,ACTGP12M,Whether consulted a GP in the last 12 months for condition,Actions level,"All persons with a selected condition group (Ever told has condition, still current and long-term)",NA
National Health Survey,AHSnhs11bac,ACTSP12M,Whether consulted a specialist in the last 12 months for condition,Actions level,"All persons with a selected condition group (Ever told has condition, still current and long-term)",NA
National Health Survey,AHSnhs11bac,ACTWOHPA,Which health professionals consulted in last 12 months,NA,NA,NA
National Health Survey,AHSnhs11bac,ACTWOHPB,Which health professionals consulted in last 12 months,NA,NA,NA
National Health Survey,AHSnhs11bac,ACTWOHPC,Which health professionals consulted in last 12 months,NA,NA,NA
National Health Survey,AHSnhs11bac,ACTWOHPD,Which health professionals consulted in last 12 months,NA,NA,NA
National Health Survey,AHSnhs11bac,ACTWOHPE,Which health professionals consulted in last 12 months,NA,NA,NA
National Health Survey,AHSnhs11bac,ACTWOHPF,Which health professionals consulted in last 12 months,NA,NA,NA
National Health Survey,AHSnhs11bac,ACTWOHPG,Which health professionals consulted in last 12 months,NA,NA,NA
National Health Survey,AHSnhs11bac,ACTWOHPH,Which health professionals consulted in last 12 months,NA,NA,NA
National Health Survey,AHSnhs11bac,ACTWOHPI,Which health professionals consulted in last 12 months,NA,NA,NA
National Health Survey,AHSnhs11bac,ACTWOHPJ,Which health professionals consulted in last 12 months,NA,NA,NA
National Health Survey,AHSnhs11bac,ACTWOHPK,Which health professionals consulted in last 12 months,NA,NA,NA
National Health Survey,AHSnhs11bac,ACTWOHPL,Which health professionals consulted in last 12 months,NA,NA,NA
National Health Survey,AHSnhs11bac,ACTWOHPM,Which health professionals consulted in last 12 months,NA,NA,NA
National Health Survey,AHSnhs11bac,ACTWOHPN,Which health professionals consulted in last 12 months,NA,NA,NA
National Health Survey,AHSnhs11bac,ACTWOHPO,Which health professionals consulted in last 12 months,NA,NA,NA
National Health Survey,AHSnhs11bac,ACTWOHPP,Which health professionals consulted in last 12 months,NA,NA,NA
National Health Survey,AHSnhs11bac,DAYSOFF,Whether had days off work/study due to condition,Actions level,"Employed population and student population with a selected condition group (Ever told has condition, still current and long-term)",NA
National Health Survey,AHSnhs11bac,VISITOHP,Whether visited other health professionals,Actions level,"All persons with a selected condition group (Ever told has condition, still current and long-term)",NA
National Health Survey,AHSnhs11bac,NHPACONS,Consulted health professional in the last 12 months if had NHPA condition,Actions level,"All persons with a selected condition group (Ever told has condition, still current and long-term)",NA
National Health Survey,AHSnhs11bac,ACTQ12,Whether had days off study due to condition,Actions level,"Student population with a selected condition group (Ever told has condition, still current and long-term)",NA
National Health Survey,AHSnhs11bac,ACTQ15,Whether had days off work due to condition,Actions level,"Employed population with a selected condition group (Ever told has condition, still current and long-term)",NA
National Health Survey,AHSnhs11bac,LEVEL6,Record level identifier for SuperCROSS - Actions level,Administrative,NA,NA
National Health Survey,AHSnhs11bac,CONNUMC,Condition type number,Actions level,"All persons with a selected condition group (Ever told has condition, still current and long-term)",NA
National Health Survey,AHSnhs11bac,ACTFLG,Identification flag for condition groups with actions module responses,Actions level,"All persons with a selected condition group (Ever told has condition, still current and long-term)",NA
National Health Survey,AHSnhs11bac,ABSBID,Alcohol record number,Administrative,NA,NA
National Health Survey,AHSnhs11bac,ABSCID,Condition number,Administrative,NA,NA
National Health Survey,AHSnhs11bac,ABSGID,Condition Group number,Administrative,NA,NA
National Health Survey,AHSnhs11bac,ABSTID,Alcohol Type number,Administrative,NA,NA
National Health Survey,AHSnhs11bac,ABSUID,Biomedical number,Administrative,NA,NA
National Health Survey,AHSnhs11bac,ABSMID,Medication number,Administrative,NA,NA
National Health Survey,AHSnhs11bac,ABSPID,Person (Selected Person) number,Administrative,NA,NA
National Health Survey,AHSnhs11bcn,ABSLID,Household record identifer,Administrative,NA,NA
National Health Survey,AHSnhs11bcn,ALLCON8C,Age when injury occurred,Conditions level,Conditions as a result of injury,NA
National Health Survey,AHSnhs11bcn,MHCAGEC,Age first told had specified mental health condition,Conditions level,All persons with diagnosed mental health condition,NA
National Health Survey,AHSnhs11bcn,EVERCURF,Type of condition ICD10,Conditions level,All persons,NA
National Health Survey,AHSnhs11bcn,ALLERGY,Type of food or drug allergy,Conditions level,Food allergy/Drug allergy conditions,NA
National Health Survey,AHSnhs11bcn,CONDSTAT,Conditions status (ICD10 cross classification required),Conditions level,All persons,NA
National Health Survey,AHSnhs11bcn,CONNUMC,Condition type number,Actions level,"All persons with a selected condition group (Ever told has condition, still current and long-term)",NA
National Health Survey,AHSnhs11bcn,GLASFLG,Whether glasses correct eye condition flag,Conditions level,Sight conditions (excl. colour blind),NA
National Health Survey,AHSnhs11bcn,DIABFLG,Whether sight condition caused by Diabetes flag,Conditions level,Sight conditions (excl. colour blind),NA
National Health Survey,AHSnhs11bcn,LEVEL7,Record level identifier for SuperCROSS - Condition level,Administrative,NA,NA
National Health Survey,AHSnhs11bcn,ALLCON7A,Where did condition resulting from injury occur,NA,NA,NA
National Health Survey,AHSnhs11bcn,ALLCON7B,Where did condition resulting from injury occur,NA,NA,NA
National Health Survey,AHSnhs11bcn,ALLCON7C,Where did condition resulting from injury occur,NA,NA,NA
National Health Survey,AHSnhs11bcn,ALLCON7D,Where did condition resulting from injury occur,NA,NA,NA
National Health Survey,AHSnhs11bcn,ALLCON7E,Where did condition resulting from injury occur,NA,NA,NA
National Health Survey,AHSnhs11bcn,ALLCON7F,Where did condition resulting from injury occur,NA,NA,NA
National Health Survey,AHSnhs11bcn,INJFLGX,Whether condition caused by injury,Conditions level,Conditions,NA
National Health Survey,AHSnhs11bcn,ABSBID,Alcohol record number,Administrative,NA,NA
National Health Survey,AHSnhs11bcn,ABSCID,Condition number,Administrative,NA,NA
National Health Survey,AHSnhs11bcn,ABSTID,Alcohol Type number,Administrative,NA,NA
National Health Survey,AHSnhs11bcn,ABSUID,Biomedical number,Administrative,NA,NA
National Health Survey,AHSnhs11bcn,ABSMID,Medication number,Administrative,NA,NA
National Health Survey,AHSnhs11bcn,ABSPID,Person (Selected Person) number,Administrative,NA,NA
National Health Survey,AHSnhs11bcn,ABSGID,Condition Group number,Administrative,NA,NA
National Health Survey,AHSnhs11bmd,ABSLID,Household record identifer,Administrative,NA,NA
National Health Survey,AHSnhs11bmd,ATCCURFB,Type of medication taken in last 2 weeks (code),Medication level,All persons who report using medication in last 2 weeks,NA
National Health Survey,AHSnhs11bmd,SUPPCDEC,Type of dietary supplement taken in last 2 weeks,Medication level,All persons who report using dietary supplements in last 2 weeks,NA
National Health Survey,AHSnhs11bmd,INSFLAG,Whether insulin used daily,Medication level,All persons who report using an insulin in last 2 weeks,NA
National Health Survey,AHSnhs11bmd,MEDQ05,How often asthma medication taken in the last 2 weeks,Medication level,All persons who report using an asthma medication in last 2 weeks,NA
National Health Survey,AHSnhs11bmd,LEVEL8,Record level identifier for SuperCROSS - Medication level,NA,NA,NA
National Health Survey,AHSnhs11bmd,ABSBID,Alcohol record number,Administrative,NA,NA
National Health Survey,AHSnhs11bmd,ABSCID,Condition number,Administrative,NA,NA
National Health Survey,AHSnhs11bmd,ABSGID,Condition Group number,Administrative,NA,NA
National Health Survey,AHSnhs11bmd,ABSTID,Alcohol Type number,Administrative,NA,NA
National Health Survey,AHSnhs11bmd,ABSUID,Biomedical number,Administrative,NA,NA
National Health Survey,AHSnhs11bmd,ABSMID,Medication number,Administrative,NA,NA
National Health Survey,AHSnhs11bmd,ABSPID,Person (Selected Person) number,Administrative,NA,NA
National Health Survey,AHSnhs11b14,ABSLID,Household record identifer,Administrative,NA,NA
National Health Survey,AHSnhs11b14,TOTPALCR,Mls of pure alcohol consumed by type of drink,Alcohol levels,All persons aged 15 years and over who consumed alcohol in last week,NA
National Health Survey,AHSnhs11b14,TOTALCC,Volume of type of drink consumed (mls) by type of drink,Alcohol levels,All persons aged 15 years and over who consumed alcohol in last week,NA
National Health Survey,AHSnhs11b14,ALCSDCDT,Number of standard drinks consumed by type of drink consumed,Alcohol levels,All persons aged 15 years and over who consumed alcohol in last week,NA
National Health Survey,AHSnhs11b14,ALCORD,Order of consumption,Alcohol levels,All persons aged 15 years and over who consumed alcohol in last week,NA
National Health Survey,AHSnhs11b14,ALCTYPT,Type of drink consumed,Alcohol levels,All persons aged 15 years and over who consumed alcohol in last week,NA
National Health Survey,AHSnhs11b14,LEVEL5,Record level identifier for SuperCROSS - Alcohol Type level (L14),Administrative,NA,NA
National Health Survey,AHSnhs11b14,ABSCID,Condition number,Administrative,NA,NA
National Health Survey,AHSnhs11b14,ABSGID,Condition Group number,Administrative,NA,NA
National Health Survey,AHSnhs11b14,ABSTID,Alcohol Type number,Administrative,NA,NA
National Health Survey,AHSnhs11b14,ABSUID,Biomedical number,Administrative,NA,NA
National Health Survey,AHSnhs11b14,ABSMID,Medication number,Administrative,NA,NA
National Health Survey,AHSnhs11b14,ABSPID,Person (Selected Person) number,Administrative,NA,NA
National Health Survey,AHSnhs11b14,ABSBID,Alcohol record number,Administrative,NA,NA
National Health Survey,AHSnhs11ba3,ABSLID,Household record identifer,Administrative,NA,NA
National Health Survey,AHSnhs11ba3,TOTPA3CR,Mls of pure alcohol consumed by day,Alcohol levels,All persons aged 15 years and over who consumed alcohol in last week,NA
National Health Survey,AHSnhs11ba3,ALCORD,Order of consumption,Alcohol levels,All persons aged 15 years and over who consumed alcohol in last week,NA
National Health Survey,AHSnhs11ba3,DAY3ALC,Days consumed alcohol in most recent 3 days,Alcohol levels,All persons aged 15 years and over who consumed alcohol in last week,NA
National Health Survey,AHSnhs11ba3,LEVEL4,Record level identifier for SuperCROSS - Alcohol Day level (L3),Administrative,NA,NA
National Health Survey,AHSnhs11ba3,ABSBID,Alcohol record number,Administrative,NA,NA
National Health Survey,AHSnhs11ba3,ABSCID,Condition number,Administrative,NA,NA
National Health Survey,AHSnhs11ba3,ABSGID,Condition Group number,Administrative,NA,NA
National Health Survey,AHSnhs11ba3,ABSTID,Alcohol Type number,Administrative,NA,NA
National Health Survey,AHSnhs11ba3,ABSUID,Biomedical number,Administrative,NA,NA
National Health Survey,AHSnhs11ba3,ABSMID,Medication number,Administrative,NA,NA
National Health Survey,AHSnhs11ba3,ABSPID,Person (Selected Person) number,Administrative,NA,NA
Nutrition & Physical Activity Survey,AHSnpa11ba,ABSHID,Household identifier,Administrative items,All levels,NA
Nutrition & Physical Activity Survey,AHSnpa11ba,ABSPID,Selected person identifier,Administrative,NA,NA
Nutrition & Physical Activity Survey,AHSnpa11ba,DAYNUM,Day Number for Intake,Food level,All persons,NA
Nutrition & Physical Activity Survey,AHSnpa11ba,ADGFOOD,Food group,ADG level,All persons,NA
Nutrition & Physical Activity Survey,AHSnpa11ba,ADGINC,ADG food source inclusions,ADG level,All persons,NA
Nutrition & Physical Activity Survey,AHSnpa11ba,ADGSRV,Serve amount,ADG level,All persons,NA
Nutrition & Physical Activity Survey,AHSnpa11ba,ABSLFID,Record identifier for the ADGSUM level,Administrative items,All levels,NA
Nutrition & Physical Activity Survey,AHSnpa11ba,LEVELF,Level identifier for ADG group level,Administrative items,ADG,NA
Nutrition & Physical Activity Survey,AHSnpa11ba,ABSSID,Supplement record identifier,Administrative items,All levels,NA
Nutrition & Physical Activity Survey,AHSnpa11ba,ABSFID,Food record identifier,Administrative items,All levels,NA
Nutrition & Physical Activity Survey,AHSnpa11ba,ABSBID,Record identifier for the biomedical level,Administrative,NA,NA
Nutrition & Physical Activity Survey,AHSnpa11bb,ABSBID,Record identifier for the biomedical level,Administrative,NA,NA
Nutrition & Physical Activity Survey,AHSnpa11bb,ABSFID,Food record identifier,Administrative items,All levels,NA
Nutrition & Physical Activity Survey,AHSnpa11bb,ABSSID,Supplement record identifier,Administrative items,All levels,NA
Nutrition & Physical Activity Survey,AHSnpa11bb,ACRIPA,Albumin Creatinine Ratio (ACR) status (mg/mmol),Biomedical level,Persons aged 18 years and over who participated in the biomedical component,Macroalbuminuria is defined as ACR >25mg/mol for males and >35mg/mol for females; microalbuminuria is defined as ACR ≥2.5mg/mol and ≤25 mg/mol for males and ≥3.5mg/mol and ≤35 mg/mol for females; normoalbuminuria is defined as ACR <2.5mg/mol for males and <3.5mg/mol for females.
Nutrition & Physical Activity Survey,AHSnpa11bb,ACRNTR,Albuminuria status (mg/mmol),Biomedical level,Persons aged 18 years and over who participated in the biomedical component,Presence of albuminuria is defined as ACR ≥2.5mg/mol for males and ≥3.5mg/mol for females. No presence of albuminuria is defined as ACR <2.5mg/mol for males and <3.5mg/mol for females
Nutrition & Physical Activity Survey,AHSnpa11bb,ALTNTR,Alanine aminotransferase (ALT) status (U/L),Biomedical level,Persons aged 12 years and over who participated in the biomedical component,The following levels indicate abnormal ALT: >30U/L for males aged 12-14 years and females aged 12 years and over; >40U/L for males aged 15 years and over.
Nutrition & Physical Activity Survey,AHSnpa11bb,ALTRESB,Alanine aminotransferase (ALT) - categories (U/L),Biomedical level,Persons aged 12 years and over who participated in the biomedical component,NA
Nutrition & Physical Activity Survey,AHSnpa11bb,APOBNTR,Apolipoprotein B (ApoB) status (g/L),Biomedical level,Persons aged 12 years and over who participated in the biomedical component,Normal apolipoprotein B is defined as ≤1.3mmol/L for males and ≤1.2mmol/L for females; abnormal apolipoprotein B is defined as >1.3mmol/L for males and >1.2mmol/L for females.
Nutrition & Physical Activity Survey,AHSnpa11bb,APOBRESB,Apolipoprotein B - ranged (g/L),Biomedical level,Persons aged 12 years and over who participated in the biomedical component,NA
Nutrition & Physical Activity Survey,AHSnpa11bb,B12RESB,Vitamin B12 - ranged (pmol/L),Biomedical level,Persons aged 12 years and over who participated in the biomedical component,NA
Nutrition & Physical Activity Survey,AHSnpa11bb,BIORESPC,Biomedical response status,Biomedical level,Selected persons aged 5 years and over,NA
Nutrition & Physical Activity Survey,AHSnpa11bb,CHOLNTR,Total cholesterol status (mmol/L),Biomedical level,Persons aged 12 years and over who participated in the biomedical component,Normal total cholesterol <5.5mmol/L; abnormal total cholesterol ≥5.5mmol/L.
Nutrition & Physical Activity Survey,AHSnpa11bb,CHOLRESB,Total cholesterol - ranged (mmol/L),Biomedical level,Persons aged 12 years and over who participated in the biomedical component,NA
Nutrition & Physical Activity Survey,AHSnpa11bb,COTINIES,Cotinine status (nmol/L),Biomedical level,Persons aged 12 years and over who participated in the biomedical component,NA
Nutrition & Physical Activity Survey,AHSnpa11bb,CVDMEDST,Dyslipidaemia status (lipid medication status and lipid levels),Biomedical level,Persons aged 18 years and over who participated in the biomedical component and fasted for 8 hours or more,Please refer to the glossary for the definition of dyslipidaemia.
Nutrition & Physical Activity Survey,AHSnpa11bb,DIABFPGE,Diabetes prevalence - fasting plasma glucose (mmol/L),Biomedical level,Persons aged 12 years and over who participated in the biomedical component and fasted for 8 hours or more,Please refer to the glossary for the definition of known diabetes.
Nutrition & Physical Activity Survey,AHSnpa11bb,DIABPRVE,Diabetes prevalence - HbA1c (%),Biomedical level,Persons aged 12 years and over who participated in the biomedical component,Please refer to the glossary for the definition of known diabetes.
Nutrition & Physical Activity Survey,AHSnpa11bb,DIAHBRSK,HbA1c status (%),Biomedical level,Persons aged 12 years and over who participated in the biomedical component,HbA1c(mmol/mol) is calculated from HbA1c(%) using the following equation: 20 + 11(HbA1c(%) - 4)
Nutrition & Physical Activity Survey,AHSnpa11bb,DIAHMRSK,HbA1c status (mmol/mol),Biomedical level,Persons aged 12 years and over who participated in the biomedical component,HbA1c(mmol/mol) is calculated from HbA1c(%) using the following equation: 20 + 11(HbA1c(%) - 4)
Nutrition & Physical Activity Survey,AHSnpa11bb,EGFRIMP,eGFR status (mL/min/1.73m^2),Biomedical level,Persons aged 18 years and over who participated in the biomedical component,Normal eGFR ≥60mL/min/1.73m2; Impaired eGFR <60mL/min/1.73m2
Nutrition & Physical Activity Survey,AHSnpa11bb,EGFRKDSA,Chronic Kidney Disease (CKD) stages (mL/min/1.73m^2),Biomedical level,Persons aged 18 years and over who participated in the biomedical component,Please refer to the glossary for the definition of chronic kidney disease stages.
Nutrition & Physical Activity Survey,AHSnpa11bb,EGFRRESB,eGFR - ranged (mL/min/1.73m2),Biomedical level,Persons aged 18 years and over who participated in the biomedical component,NA
Nutrition & Physical Activity Survey,AHSnpa11bb,FASTSTAD,Fasting status,Biomedical level,Persons aged 12 years and over who participated in the biomedical component,NA
Nutrition & Physical Activity Survey,AHSnpa11bb,FERRCRPB,Serum ferritin (excluding elevated CRP) - ranged (¬µg/L),Biomedical level,Persons aged 12 years and over who participated in biomeds and had a CRP result =< 10,Results are excluded if CRP is elevated (not applicable)
Nutrition & Physical Activity Survey,AHSnpa11bb,FOLATREB,Folate - ranged (nmol/L),Biomedical level,Persons aged 12 years and over who participated in the biomedical component,NA
Nutrition & Physical Activity Survey,AHSnpa11bb,GGTNTR,Gamma glutamyl transferase (GGT) status (U/L),Biomedical level,Persons aged 12 years and over who participated in the biomedical component,The following levels indicate abnormal GGT: >30U/L for children aged 12-14 years; >35U/L for females aged 15 years and over; >40U/L for males aged 15-17 years; >50U/L for males aged 18 years and over.
Nutrition & Physical Activity Survey,AHSnpa11bb,GGTRESB,Gamma glutamyl transferase (GGT) - ranged (U/L),Biomedical level,Persons aged 12 years and over who participated in the biomedical component,NA
Nutrition & Physical Activity Survey,AHSnpa11bb,GLUCFPD,Fasting plasma glucose status (mmol/L),Biomedical level,Persons aged 12 years and over who participated in the biomedical component and fasted for 8 hours or more,Fasting plasma glucose ≤6.0mmol/L indicates no diabetes; impaired fasting plasma glucose >6.0mmol/L and <7.0 mmol/L; fasting plasma glucose ≥7.0 mmol/L indicates diabetes.
Nutrition & Physical Activity Survey,AHSnpa11bb,GLUCFREB,Fasting plasma glucose - ranged (mmol/L),Biomedical level,Persons aged 12 years and over who participated in the biomedical component and fasted for 8 hours or more,NA
Nutrition & Physical Activity Survey,AHSnpa11bb,HBA1MREB,HbA1c - ranged (mmol/mol),Biomedical level,Persons aged 12 years and over who participated in the biomedical component,NA
Nutrition & Physical Activity Survey,AHSnpa11bb,HBA1PREB,HbA1c - ranged (%),Biomedical level,Persons aged 12 years and over who participated in the biomedical component,HbA1c(mmol/mol) is calculated from HbA1c(%) using the following equation: 20 + 11(HbA1c(%) - 4)
Nutrition & Physical Activity Survey,AHSnpa11bb,HBDAP,Haemoglobin status (g/L),Biomedical level,Persons aged 12 years and over who participated in the biomedical component,The following haemoglobin levels indicate risk of anaemia: <120 g/L for children aged 12-14 years and females aged 15 years or older who are not pregnant; <130 g/L for males aged 15 years or older; <110 g/L for pregnant women.
Nutrition & Physical Activity Survey,AHSnpa11bb,HDLCHNTR,HDL cholesterol status - non-sex dependent (mmol/L),Biomedical level,Persons aged 12 years and over who participated in the biomedical component,Normal non-sex dependent HDL cholesterol ≥1.0mmol/L; abnormal non-sex dependent HDL cholesterol <1.0mmol/L.
Nutrition & Physical Activity Survey,AHSnpa11bb,HDLCHREB,HDL cholesterol - ranged (mmol/L),Biomedical level,Persons aged 12 years and over who participated in the biomedical component,NA
Nutrition & Physical Activity Survey,AHSnpa11bb,HDLCHSEX,HDL cholesterol status - sex dependent (mmol/L),Biomedical level,Persons aged 12 years and over who participated in the biomedical component,Normal sex dependent HDL cholesterol is defined as ≥1.0mmol/L for males and ≥1.3mmol/L for females; abnormal sex dependent HDL cholesterol is defined as <1.0mmol/L for males and <1.3mmol/L for females.
Nutrition & Physical Activity Survey,AHSnpa11bb,LDLNTR,Fasting LDL cholesterol status (mmol/L),Biomedical level,Persons aged 12 years and over who participated in the biomedical component and fasted for 8 hours or more,Normal fasting LDL cholesterol <3.5mmol/L; abnormal fasting LDL cholesterol ≥3.5mmol/L. All persons with fasting triglycerides results ≥4.5mmol/L were excluded.
Nutrition & Physical Activity Survey,AHSnpa11bb,LDLRESB,Fasting LDL cholesterol - ranged (mmol/L),Biomedical level,Persons aged 12 years and over who participated in the biomedical component and fasted for 8 hours or more,All persons with triglycerides results ≥4.5mmol/L were excluded.
Nutrition & Physical Activity Survey,AHSnpa11bb,LEVEL10,Biomedical level,Administrative,NA,NA
Nutrition & Physical Activity Survey,AHSnpa11bb,MONTHCOL,Month of biomedical collection,Biomedical level,Persons aged 5 years and over who participated in the biomedical component,NA
Nutrition & Physical Activity Survey,AHSnpa11bb,NHMSPERW,Biomedical weight PAA,Administrative,Biomedical participants (Biomedical level),NA
Nutrition & Physical Activity Survey,AHSnpa11bb,RPWGT01,Replicate weights - NNPAS biomedical (01),NA,NA,NA
Nutrition & Physical Activity Survey,AHSnpa11bb,RPWGT02,Replicate weights - NNPAS biomedical (02),NA,NA,NA
Nutrition & Physical Activity Survey,AHSnpa11bb,RPWGT03,Replicate weights - NNPAS biomedical (03),NA,NA,NA
Nutrition & Physical Activity Survey,AHSnpa11bb,RPWGT04,Replicate weights - NNPAS biomedical (04),NA,NA,NA
Nutrition & Physical Activity Survey,AHSnpa11bb,RPWGT05,Replicate weights - NNPAS biomedical (05),NA,NA,NA
Nutrition & Physical Activity Survey,AHSnpa11bb,RPWGT06,Replicate weights - NNPAS biomedical (06),NA,NA,NA
Nutrition & Physical Activity Survey,AHSnpa11bb,RPWGT07,Replicate weights - NNPAS biomedical (07),NA,NA,NA
Nutrition & Physical Activity Survey,AHSnpa11bb,RPWGT08,Replicate weights - NNPAS biomedical (08),NA,NA,NA
Nutrition & Physical Activity Survey,AHSnpa11bb,RPWGT09,Replicate weights - NNPAS biomedical (09),NA,NA,NA
Nutrition & Physical Activity Survey,AHSnpa11bb,RPWGT10,Replicate weights - NNPAS biomedical (10),NA,NA,NA
Nutrition & Physical Activity Survey,AHSnpa11bb,RPWGT11,Replicate weights - NNPAS biomedical (11),NA,NA,NA
Nutrition & Physical Activity Survey,AHSnpa11bb,RPWGT12,Replicate weights - NNPAS biomedical (12),NA,NA,NA
Nutrition & Physical Activity Survey,AHSnpa11bb,RPWGT13,Replicate weights - NNPAS biomedical (13),NA,NA,NA
Nutrition & Physical Activity Survey,AHSnpa11bb,RPWGT14,Replicate weights - NNPAS biomedical (14),NA,NA,NA
Nutrition & Physical Activity Survey,AHSnpa11bb,RPWGT15,Replicate weights - NNPAS biomedical (15),NA,NA,NA
Nutrition & Physical Activity Survey,AHSnpa11bb,RPWGT16,Replicate weights - NNPAS biomedical (16),NA,NA,NA
Nutrition & Physical Activity Survey,AHSnpa11bb,RPWGT17,Replicate weights - NNPAS biomedical (17),NA,NA,NA
Nutrition & Physical Activity Survey,AHSnpa11bb,RPWGT18,Replicate weights - NNPAS biomedical (18),NA,NA,NA
Nutrition & Physical Activity Survey,AHSnpa11bb,RPWGT19,Replicate weights - NNPAS biomedical (19),NA,NA,NA
Nutrition & Physical Activity Survey,AHSnpa11bb,RPWGT20,Replicate weights - NNPAS biomedical (20),NA,NA,NA
Nutrition & Physical Activity Survey,AHSnpa11bb,RPWGT21,Replicate weights - NNPAS biomedical (21),NA,NA,NA
Nutrition & Physical Activity Survey,AHSnpa11bb,RPWGT22,Replicate weights - NNPAS biomedical (22),NA,NA,NA
Nutrition & Physical Activity Survey,AHSnpa11bb,RPWGT23,Replicate weights - NNPAS biomedical (23),NA,NA,NA
Nutrition & Physical Activity Survey,AHSnpa11bb,RPWGT24,Replicate weights - NNPAS biomedical (24),NA,NA,NA
Nutrition & Physical Activity Survey,AHSnpa11bb,RPWGT25,Replicate weights - NNPAS biomedical (25),NA,NA,NA
Nutrition & Physical Activity Survey,AHSnpa11bb,RPWGT26,Replicate weights - NNPAS biomedical (26),NA,NA,NA
Nutrition & Physical Activity Survey,AHSnpa11bb,RPWGT27,Replicate weights - NNPAS biomedical (27),NA,NA,NA
Nutrition & Physical Activity Survey,AHSnpa11bb,RPWGT28,Replicate weights - NNPAS biomedical (28),NA,NA,NA
Nutrition & Physical Activity Survey,AHSnpa11bb,RPWGT29,Replicate weights - NNPAS biomedical (29),NA,NA,NA
Nutrition & Physical Activity Survey,AHSnpa11bb,RPWGT30,Replicate weights - NNPAS biomedical (30),NA,NA,NA
Nutrition & Physical Activity Survey,AHSnpa11bb,RPWGT31,Replicate weights - NNPAS biomedical (31),NA,NA,NA
Nutrition & Physical Activity Survey,AHSnpa11bb,RPWGT32,Replicate weights - NNPAS biomedical (32),NA,NA,NA
Nutrition & Physical Activity Survey,AHSnpa11bb,RPWGT33,Replicate weights - NNPAS biomedical (33),NA,NA,NA
Nutrition & Physical Activity Survey,AHSnpa11bb,RPWGT34,Replicate weights - NNPAS biomedical (34),NA,NA,NA
Nutrition & Physical Activity Survey,AHSnpa11bb,RPWGT35,Replicate weights - NNPAS biomedical (35),NA,NA,NA
Nutrition & Physical Activity Survey,AHSnpa11bb,RPWGT36,Replicate weights - NNPAS biomedical (36),NA,NA,NA
Nutrition & Physical Activity Survey,AHSnpa11bb,RPWGT37,Replicate weights - NNPAS biomedical (37),NA,NA,NA
Nutrition & Physical Activity Survey,AHSnpa11bb,RPWGT38,Replicate weights - NNPAS biomedical (38),NA,NA,NA
Nutrition & Physical Activity Survey,AHSnpa11bb,RPWGT39,Replicate weights - NNPAS biomedical (39),NA,NA,NA
Nutrition & Physical Activity Survey,AHSnpa11bb,RPWGT40,Replicate weights - NNPAS biomedical (40),NA,NA,NA
Nutrition & Physical Activity Survey,AHSnpa11bb,RPWGT41,Replicate weights - NNPAS biomedical (41),NA,NA,NA
Nutrition & Physical Activity Survey,AHSnpa11bb,RPWGT42,Replicate weights - NNPAS biomedical (42),NA,NA,NA
Nutrition & Physical Activity Survey,AHSnpa11bb,RPWGT43,Replicate weights - NNPAS biomedical (43),NA,NA,NA
Nutrition & Physical Activity Survey,AHSnpa11bb,RPWGT44,Replicate weights - NNPAS biomedical (44),NA,NA,NA
Nutrition & Physical Activity Survey,AHSnpa11bb,RPWGT45,Replicate weights - NNPAS biomedical (45),NA,NA,NA
Nutrition & Physical Activity Survey,AHSnpa11bb,RPWGT46,Replicate weights - NNPAS biomedical (46),NA,NA,NA
Nutrition & Physical Activity Survey,AHSnpa11bb,RPWGT47,Replicate weights - NNPAS biomedical (47),NA,NA,NA
Nutrition & Physical Activity Survey,AHSnpa11bb,RPWGT48,Replicate weights - NNPAS biomedical (48),NA,NA,NA
Nutrition & Physical Activity Survey,AHSnpa11bb,RPWGT49,Replicate weights - NNPAS biomedical (49),NA,NA,NA
Nutrition & Physical Activity Survey,AHSnpa11bb,RPWGT50,Replicate weights - NNPAS biomedical (50),NA,NA,NA
Nutrition & Physical Activity Survey,AHSnpa11bb,RPWGT51,Replicate weights - NNPAS biomedical (51),NA,NA,NA
Nutrition & Physical Activity Survey,AHSnpa11bb,RPWGT52,Replicate weights - NNPAS biomedical (52),NA,NA,NA
Nutrition & Physical Activity Survey,AHSnpa11bb,RPWGT53,Replicate weights - NNPAS biomedical (53),NA,NA,NA
Nutrition & Physical Activity Survey,AHSnpa11bb,RPWGT54,Replicate weights - NNPAS biomedical (54),NA,NA,NA
Nutrition & Physical Activity Survey,AHSnpa11bb,RPWGT55,Replicate weights - NNPAS biomedical (55),NA,NA,NA
Nutrition & Physical Activity Survey,AHSnpa11bb,RPWGT56,Replicate weights - NNPAS biomedical (56),NA,NA,NA
Nutrition & Physical Activity Survey,AHSnpa11bb,RPWGT57,Replicate weights - NNPAS biomedical (57),NA,NA,NA
Nutrition & Physical Activity Survey,AHSnpa11bb,RPWGT58,Replicate weights - NNPAS biomedical (58),NA,NA,NA
Nutrition & Physical Activity Survey,AHSnpa11bb,RPWGT59,Replicate weights - NNPAS biomedical (59),NA,NA,NA
Nutrition & Physical Activity Survey,AHSnpa11bb,RPWGT60,Replicate weights - NNPAS biomedical (60),NA,NA,NA
Nutrition & Physical Activity Survey,AHSnpa11bb,SOLTRREB,Soluble transferrin receptor (sTfR) - ranged (mg/L),Biomedical level,Persons aged 12 years and over who participated in the biomedical component,NA
Nutrition & Physical Activity Survey,AHSnpa11bb,TRIGNTR,Fasting triglycerides status (mmol/L),Biomedical level,Persons aged 12 years and over who participated in the biomedical component and fasted for 8 hours or more,Normal fasting triglycerides status <2.0mmol/L; abnormal fasting triglycerides status ≥ 2.0mmol/L.
Nutrition & Physical Activity Survey,AHSnpa11bb,TRIGRESB,Fasting triglycerides - ranged (mmol/L),Biomedical level,Persons aged 12 years and over who participated in the biomedical component and fasted for 8 hours or more,NA
Nutrition & Physical Activity Survey,AHSnpa11bb,VDLCMREB,Vitamin D (LCMS) - detailed ranged (nmol/L),Biomedical level,Persons aged 12 years and over who participated in the biomedical component,NA
Nutrition & Physical Activity Survey,AHSnpa11bb,VDLCMRGT,Vitamin D (LCMS) ranged (nmol/L),Biomedical level,Persons aged 12 years and over who participated in the biomedical component,NA
Nutrition & Physical Activity Survey,AHSnpa11bb,ABSHID,Household identifier,Administrative items,All levels,NA
Nutrition & Physical Activity Survey,AHSnpa11bb,ABSPID,Selected person identifier,Administrative,NA,NA
Nutrition & Physical Activity Survey,AHSnpa11bb,ABSLFID,Record identifier for the ADGSUM level,Administrative items,All levels,NA
Nutrition & Physical Activity Survey,AHSnpa11bf,GRAMWGT,Gram weight of food,Food level,All persons,NA
Nutrition & Physical Activity Survey,AHSnpa11bf,FOODCODC,Food code (8 digit),Food level,All persons,NA
Nutrition & Physical Activity Survey,AHSnpa11bf,ENERGYWF,Energy with dietary fibre kJ,Food level,All persons,NA
Nutrition & Physical Activity Survey,AHSnpa11bf,ENERGYNF,Energy without dietary fibre kJ,Food level,All persons,NA
Nutrition & Physical Activity Survey,AHSnpa11bf,MOISTURE,Moisture g,Food level,All persons,NA
Nutrition & Physical Activity Survey,AHSnpa11bf,PROTEIN,Protein g,Food level,All persons,NA
Nutrition & Physical Activity Survey,AHSnpa11bf,FATG,Total fat g,Food level,All persons,NA
Nutrition & Physical Activity Survey,AHSnpa11bf,CHOWSA,Carbohydrate with sugar alcohols g,Food level,All persons,NA
Nutrition & Physical Activity Survey,AHSnpa11bf,CHOWOSA,Carbohydrate without sugar alcohols g,Food level,All persons,NA
Nutrition & Physical Activity Survey,AHSnpa11bf,STARCH,Starch g,Food level,All persons,NA
Nutrition & Physical Activity Survey,AHSnpa11bf,SUGARS,Total sugars g,Food level,All persons,NA
Nutrition & Physical Activity Survey,AHSnpa11bf,FIBRE,Dietary fibre g,Food level,All persons,NA
Nutrition & Physical Activity Survey,AHSnpa11bf,ALCOHOL,Alcohol g,Food level,All persons,NA
Nutrition & Physical Activity Survey,AHSnpa11bf,PREVITA,Preformed vitamin A (retinol) ug,Food level,All persons,NA
Nutrition & Physical Activity Survey,AHSnpa11bf,PROVITA,Pro-vitamin A (b-carotene equivalents) ug,Food level,All persons,NA
Nutrition & Physical Activity Survey,AHSnpa11bf,RETEQV,Retinol equivalents ug,Food level,All persons,NA
Nutrition & Physical Activity Survey,AHSnpa11bf,B1MG,Thiamin (B1) mg,Food level,All persons,NA
Nutrition & Physical Activity Survey,AHSnpa11bf,B2MG,Riboflavin (B2) mg,Food level,All persons,NA
Nutrition & Physical Activity Survey,AHSnpa11bf,B3MG,Niacin (B3) mg,Food level,All persons,NA
Nutrition & Physical Activity Survey,AHSnpa11bf,NIACINEQ,Niacin equivalents mg,Food level,All persons,NA
Nutrition & Physical Activity Survey,AHSnpa11bf,FOLATEUG,Folate natural ug,Food level,All persons,NA
Nutrition & Physical Activity Survey,AHSnpa11bf,FOLACID,Folic acid ug,Food level,All persons,NA
Nutrition & Physical Activity Survey,AHSnpa11bf,TOTFOL,Total folates ug,Food level,All persons,NA
Nutrition & Physical Activity Survey,AHSnpa11bf,FOLATEQV,Dietary folate equivalents ug,Food level,All persons,NA
Nutrition & Physical Activity Survey,AHSnpa11bf,B6MG,Vitamin B6 mg,Food level,All persons,NA
Nutrition & Physical Activity Survey,AHSnpa11bf,B12UG,Vitamin B12 ug,Food level,All persons,NA
Nutrition & Physical Activity Survey,AHSnpa11bf,VITCMG,Vitamin C mg,Food level,All persons,NA
Nutrition & Physical Activity Survey,AHSnpa11bf,VITEMG,Vitamin E mg,Food level,All persons,NA
Nutrition & Physical Activity Survey,AHSnpa11bf,CALMG,Calcium mg,Food level,All persons,NA
Nutrition & Physical Activity Survey,AHSnpa11bf,IODINEUG,Iodine ug,Food level,All persons,NA
Nutrition & Physical Activity Survey,AHSnpa11bf,IRONMG,Iron mg,Food level,All persons,NA
Nutrition & Physical Activity Survey,AHSnpa11bf,MAGMG,Magnesium mg,Food level,All persons,NA
Nutrition & Physical Activity Survey,AHSnpa11bf,PHOSMG,Phosphorous mg,Food level,All persons,NA
Nutrition & Physical Activity Survey,AHSnpa11bf,POTASMG,Potassium mg,Food level,All persons,NA
Nutrition & Physical Activity Survey,AHSnpa11bf,SELUG,Selenium ug,Food level,All persons,NA
Nutrition & Physical Activity Survey,AHSnpa11bf,SODMG,Sodium mg,Food level,All persons,NA
Nutrition & Physical Activity Survey,AHSnpa11bf,ZINCMG,Zinc mg,Food level,All persons,NA
Nutrition & Physical Activity Survey,AHSnpa11bf,CAFFMG,Caffeine mg,Food level,All persons,NA
Nutrition & Physical Activity Survey,AHSnpa11bf,CHOLMG,Cholesterol mg,Food level,All persons,NA
Nutrition & Physical Activity Survey,AHSnpa11bf,SFAG,Saturated fat g,Food level,All persons,NA
Nutrition & Physical Activity Survey,AHSnpa11bf,MUFAG,Monounsaturated fat g,Food level,All persons,NA
Nutrition & Physical Activity Survey,AHSnpa11bf,PUFAG,Polyunsaturated fat g,Food level,All persons,NA
Nutrition & Physical Activity Survey,AHSnpa11bf,LAG,Linoleic acid g,Food level,All persons,NA
Nutrition & Physical Activity Survey,AHSnpa11bf,ALAG,Alpha-linolenic acid g,Food level,All persons,NA
Nutrition & Physical Activity Survey,AHSnpa11bf,LCN3MG,Total long chain omega 3 fatty acids mg,Food level,All persons,NA
Nutrition & Physical Activity Survey,AHSnpa11bf,TRANSMG,Trans fatty acids mg,Food level,All persons,NA
Nutrition & Physical Activity Survey,AHSnpa11bf,COMBCODE,Food combination type,Food level,All persons,NA
Nutrition & Physical Activity Survey,AHSnpa11bf,EATTIMEC,Time began to eat/drink food,Food level,All persons,NA
Nutrition & Physical Activity Survey,AHSnpa11bf,EATOCC,Eating Occasion,Food level,All persons,NA
Nutrition & Physical Activity Survey,AHSnpa11bf,DAYNUM,Day Number for Intake,Food level,All persons,NA
Nutrition & Physical Activity Survey,AHSnpa11bf,ABSHID,Household identifier,Administrative items,All levels,NA
Nutrition & Physical Activity Survey,AHSnpa11bf,ABSPID,Selected person identifier,Administrative,NA,NA
Nutrition & Physical Activity Survey,AHSnpa11bf,TWDIGC,Major food groups,Food level,All persons,NA
Nutrition & Physical Activity Survey,AHSnpa11bf,THRDIGC,Sub-major food groups,Food level,All persons,NA
Nutrition & Physical Activity Survey,AHSnpa11bf,FIVDIGC,Minor food groups,Food level,All persons,NA
Nutrition & Physical Activity Survey,AHSnpa11bf,LEVEL11,Food level,Administrative items,Food,NA
Nutrition & Physical Activity Survey,AHSnpa11bf,DISCFLG,Flag for discretionary food,Food level,All persons,NA
Nutrition & Physical Activity Survey,AHSnpa11bf,GRNSRV,Grains and cereals (serves),Food level,All persons,X
Nutrition & Physical Activity Survey,AHSnpa11bf,WGSRV,Wholegrain or high fibre cereal/grains (serves),Food level,All persons,X
Nutrition & Physical Activity Survey,AHSnpa11bf,WGBRSRV,Wholegrain or high fibre breads (serves),Food level,All persons,X
Nutrition & Physical Activity Survey,AHSnpa11bf,WGGNSRV,Wholegrain or high fibre grains (excluding oats) (serves),Food level,All persons,X
Nutrition & Physical Activity Survey,AHSnpa11bf,WGOASRV,Wholegrain or high fibre oats (serves),Food level,All persons,X
Nutrition & Physical Activity Survey,AHSnpa11bf,WGBFSRV,Wholegrain or high fibre breakfast cereal flakes (serves),Food level,All persons,X
Nutrition & Physical Activity Survey,AHSnpa11bf,WGSVSRV,Wholegrain or high fibre savoury crackers/cripsbreads (serves),Food level,All persons,X
Nutrition & Physical Activity Survey,AHSnpa11bf,WGCRSRV,Wholegrain or high fibre crumpets (serves),Food level,All persons,X
Nutrition & Physical Activity Survey,AHSnpa11bf,WGMFSRV,Wholegrain or high fibre English muffins and scones (serves),Food level,All persons,X
Nutrition & Physical Activity Survey,AHSnpa11bf,WGFLSRV,Wholegrain or high fibre flour (serves),Food level,All persons,X
Nutrition & Physical Activity Survey,AHSnpa11bf,RFGRSRV,Refined or lower fibre cereals/grains (serves),Food level,All persons,X
Nutrition & Physical Activity Survey,AHSnpa11bf,RFBRSRV,Refined or lower fibre grain breads (serves),Food level,All persons,X
Nutrition & Physical Activity Survey,AHSnpa11bf,RFGNSRV,Refined or lower fibre grains (excluding oats) (serves),Food level,All persons,X
Nutrition & Physical Activity Survey,AHSnpa11bf,RFOASRV,Refined or lower fibre oats (serves),Food level,All persons,X
Nutrition & Physical Activity Survey,AHSnpa11bf,RFBFSRV,Refined or lower fibre breakfast cereal flakes (serves),Food level,All persons,X
Nutrition & Physical Activity Survey,AHSnpa11bf,RFSVSRV,Refined or lower fibre savoury crackers/cripsbreads (serves),Food level,All persons,X
Nutrition & Physical Activity Survey,AHSnpa11bf,RFCRSRV,Refined or lower fibre crumpets (serves),Food level,All persons,X
Nutrition & Physical Activity Survey,AHSnpa11bf,RFMFSRV,Refined or lower fibre English muffins and scones (serves),Food level,All persons,X
Nutrition & Physical Activity Survey,AHSnpa11bf,RFFLSRV,Refined or lower fibre flour (serves),Food level,All persons,X
Nutrition & Physical Activity Survey,AHSnpa11bf,VEGSRV,Vegetables and legumes/beans (serves),Food level,All persons,X
Nutrition & Physical Activity Survey,AHSnpa11bf,VGGRSRV,Green and brassica vegetables (serves),Food level,All persons,X
Nutrition & Physical Activity Survey,AHSnpa11bf,VGORSRV,Orange vegetables (serves),Food level,All persons,X
Nutrition & Physical Activity Survey,AHSnpa11bf,STARSRV,Starchy vegetables (serves),Food level,All persons,X
Nutrition & Physical Activity Survey,AHSnpa11bf,LEGVGSRV,Legumes as a vegetable (serves),Food level,All persons,X
Nutrition & Physical Activity Survey,AHSnpa11bf,OTHVGSRV,Other vegetables (serves),Food level,All persons,X
Nutrition & Physical Activity Survey,AHSnpa11bf,OWHLVSRV,Whole vegetables (serves),Food level,All persons,X
Nutrition & Physical Activity Survey,AHSnpa11bf,OVGJSRV,Vegetable Juice (serves),Food level,All persons,X
Nutrition & Physical Activity Survey,AHSnpa11bf,FRUITSRV,Fruit (serves),Food level,All persons,X
Nutrition & Physical Activity Survey,AHSnpa11bf,FRSHFSRV,Fresh/canned fruit (serves),Food level,All persons,X
Nutrition & Physical Activity Survey,AHSnpa11bf,DRFRSRV,Dried fruit (serves),Food level,All persons,X
Nutrition & Physical Activity Survey,AHSnpa11bf,FRJCSRV,Fruit juice (serves),Food level,All persons,X
Nutrition & Physical Activity Survey,AHSnpa11bf,DAIRYSRV,"Milk, yoghurt, cheese and/or alternatives (serves)",Food level,All persons,X
Nutrition & Physical Activity Survey,AHSnpa11bf,HFDASRV,Higher fat dairy foods (>10 pc. fat) (serves),Food level,All persons,X
Nutrition & Physical Activity Survey,AHSnpa11bf,HFCHSSRV,Higher fat cheese (serves),Food level,All persons,X
Nutrition & Physical Activity Survey,AHSnpa11bf,HFPOWSRV,Higher fat milk powder only (serves),Food level,All persons,X
Nutrition & Physical Activity Survey,AHSnpa11bf,MFDASRV,Medium fat dairy foods (4-10 pc. fat) (serves),Food level,All persons,X
Nutrition & Physical Activity Survey,AHSnpa11bf,MFMLKSRV,Medium fat milk (serves),Food level,All persons,X
Nutrition & Physical Activity Survey,AHSnpa11bf,MFEVPSRV,Medium fat evaporated milk (serves),Food level,All persons,X
Nutrition & Physical Activity Survey,AHSnpa11bf,MFCONSRV,Medium fat condensed milk (serves),Food level,All persons,X
Nutrition & Physical Activity Survey,AHSnpa11bf,MFCHHSRV,"Medium fat cheese, hard and soft (serves)",Food level,All persons,X
Nutrition & Physical Activity Survey,AHSnpa11bf,MFCHSSRV,"Medium fat cheese, fresh (serves)",Food level,All persons,X
Nutrition & Physical Activity Survey,AHSnpa11bf,MFYOGSRV,"Medium fat yoghurt, dairy based (serves)",Food level,All persons,X
Nutrition & Physical Activity Survey,AHSnpa11bf,MFALTSRV,"Medium fat milk alternative beverage, calcium enriched (serves)",Food level,All persons,X
Nutrition & Physical Activity Survey,AHSnpa11bf,MFSNASRV,Medium fat dairy-based snack foods (serves),Food level,All persons,X
Nutrition & Physical Activity Survey,AHSnpa11bf,LFDASRV,Lower fat dairy foods (<4 pc. fat) (serves),Food level,All persons,X
Nutrition & Physical Activity Survey,AHSnpa11bf,LFMLKSRV,Lower fat milk (serves),Food level,All persons,X
Nutrition & Physical Activity Survey,AHSnpa11bf,LFEVPSRV,Lower fat evaporated milk (serves),Food level,All persons,X
Nutrition & Physical Activity Survey,AHSnpa11bf,LFCONSRV,Lower fat condensed milk (serves),Food level,All persons,X
Nutrition & Physical Activity Survey,AHSnpa11bf,LFCHHSRV,"Lower fat cheese, hard and soft (serves)",Food level,All persons,X
Nutrition & Physical Activity Survey,AHSnpa11bf,LFCHSSRV,"Lower fat cheese, fresh (serves)",Food level,All persons,X
Nutrition & Physical Activity Survey,AHSnpa11bf,LFYOGSRV,"Lower fat yoghurt, dairy based (serves)",Food level,All persons,X
Nutrition & Physical Activity Survey,AHSnpa11bf,LFALTSRV,"Lower fat milk alternative beverage, calcium enriched (serves)",Food level,All persons,X
Nutrition & Physical Activity Survey,AHSnpa11bf,LFSNASRV,Lower fat dairy-based snack foods (serves),Food level,All persons,X
Nutrition & Physical Activity Survey,AHSnpa11bf,LFPOWSRV,Lower fat milk powder only (serves),Food level,All persons,X
Nutrition & Physical Activity Survey,AHSnpa11bf,MEATSRV,"Meats, poultry, fish, eggs, tofu, nuts and seeds and legumes/beans (serves)",Food level,All persons,X
Nutrition & Physical Activity Survey,AHSnpa11bf,RMTLSRV,"Red meat, lean (<10 pc. fat) (serves)",Food level,All persons,X
Nutrition & Physical Activity Survey,AHSnpa11bf,RMTLUSRV,Red meat unprocessed (<10 pc. fat) (serves),Food level,All persons,X
Nutrition & Physical Activity Survey,AHSnpa11bf,RMTLPSRV,Red meat processed (<10 pc fat) (serves),Food level,All persons,X
Nutrition & Physical Activity Survey,AHSnpa11bf,RMTNSRV,"Red meat, non-lean (>=10 pc. fat) (serves)",Food level,All persons,X
Nutrition & Physical Activity Survey,AHSnpa11bf,RMTNUSRV,Red meat unprocessed (>=10 pc. fat) (serves),Food level,All persons,X
Nutrition & Physical Activity Survey,AHSnpa11bf,RMTNPSRV,Red meat processed (>=10 pc. fat) (serves),Food level,All persons,X
Nutrition & Physical Activity Survey,AHSnpa11bf,PLYLSRV,"Poultry, lean(<10 pc. fat) (serves)",Food level,All persons,X
Nutrition & Physical Activity Survey,AHSnpa11bf,PLYLUSRV,Poultry unprocessed (<10 pc. fat) (serves),Food level,All persons,X
Nutrition & Physical Activity Survey,AHSnpa11bf,PLYLPSRV,Poultry processed (<10 pc. fat) (serves),Food level,All persons,X
Nutrition & Physical Activity Survey,AHSnpa11bf,PLYNSRV,"Poultry, non-lean (>=10 pc. fat) (serves)",Food level,All persons,X
Nutrition & Physical Activity Survey,AHSnpa11bf,PLYNUSRV,Poultry unprocessed (>=10 pc. fat) (serves),Food level,All persons,X
Nutrition & Physical Activity Survey,AHSnpa11bf,PLYNPSRV,Poultry processed (>=10 pc. fat) (serves),Food level,All persons,X
Nutrition & Physical Activity Survey,AHSnpa11bf,FISHSRV,Fish and seafood (serves),Food level,All persons,X
Nutrition & Physical Activity Survey,AHSnpa11bf,EGGSSRV,Eggs (serves),Food level,All persons,X
Nutrition & Physical Activity Survey,AHSnpa11bf,LEGMTSRV,Legumes as meat alternative (serves),Food level,All persons,X
Nutrition & Physical Activity Survey,AHSnpa11bf,LEGBSRV,Legumes/beans (serves),Food level,All persons,X
Nutrition & Physical Activity Survey,AHSnpa11bf,TOFUSRV,Tofu (serves),Food level,All persons,X
Nutrition & Physical Activity Survey,AHSnpa11bf,NUTSSRV,Nuts and seeds (serves),Food level,All persons,X
Nutrition & Physical Activity Survey,AHSnpa11bf,WATRSRV,Water (serves),Food level,All persons,X
Nutrition & Physical Activity Survey,AHSnpa11bf,UNSTSRV,Unsaturated spreads and oils (serves),Food level,All persons,X
Nutrition & Physical Activity Survey,AHSnpa11bf,UNSTSSRV,Unsaturated spreads (serves),Food level,All persons,X
Nutrition & Physical Activity Survey,AHSnpa11bf,UNSTOSRV,Unsaturated oils (serves),Food level,All persons,X
Nutrition & Physical Activity Survey,AHSnpa11bf,NUTFTSRV,Nuts (serves),Food level,All persons,X
Nutrition & Physical Activity Survey,AHSnpa11bf,GRNGM,Grains and cereals (g),Food level,All persons,X
Nutrition & Physical Activity Survey,AHSnpa11bf,WGGM,Wholegrain or high fibre cereal/grains (g),Food level,All persons,X
Nutrition & Physical Activity Survey,AHSnpa11bf,WGBRGM,Wholegrain or high fibre breads (g),Food level,All persons,X
Nutrition & Physical Activity Survey,AHSnpa11bf,WGGNGM,Wholegrain or high fibre grains (excluding oats) (g),Food level,All persons,X
Nutrition & Physical Activity Survey,AHSnpa11bf,WGOAGM,Wholegrain or high fibre oats (g),Food level,All persons,X
Nutrition & Physical Activity Survey,AHSnpa11bf,WGBFGM,Wholegrain or high fibre breakfast cereal flakes (g),Food level,All persons,X
Nutrition & Physical Activity Survey,AHSnpa11bf,WGSVGM,Wholegrain or high fibre savoury crackers/cripsbreads (g),Food level,All persons,X
Nutrition & Physical Activity Survey,AHSnpa11bf,WGCRGM,Wholegrain or high fibre crumpets (g),Food level,All persons,X
Nutrition & Physical Activity Survey,AHSnpa11bf,WGMFGM,Wholegrain or high fibre English muffins and scones (g),Food level,All persons,X
Nutrition & Physical Activity Survey,AHSnpa11bf,WGFLGM,Wholegrain or high fibre flour (g),Food level,All persons,X
Nutrition & Physical Activity Survey,AHSnpa11bf,RFGRGM,Refined or lower fibre cereals/grains (g),Food level,All persons,X
Nutrition & Physical Activity Survey,AHSnpa11bf,RFBRGM,Refined or lower fibre grain breads (g),Food level,All persons,X
Nutrition & Physical Activity Survey,AHSnpa11bf,RFGNGM,Refined or lower fibre grains (excluding oats) (g),Food level,All persons,X
Nutrition & Physical Activity Survey,AHSnpa11bf,RFOAGM,Refined or lower fibre oats (g),Food level,All persons,X
Nutrition & Physical Activity Survey,AHSnpa11bf,RFBFGM,Refined or lower fibre breakfast cereal flakes (g),Food level,All persons,X
Nutrition & Physical Activity Survey,AHSnpa11bf,RFSVGM,Refined or lower fibre savoury crackers/cripsbreads (g),Food level,All persons,X
Nutrition & Physical Activity Survey,AHSnpa11bf,RFCRGM,Refined or lower fibre crumpets (g),Food level,All persons,X
Nutrition & Physical Activity Survey,AHSnpa11bf,RFMFGM,Refined or lower fibre English muffins and scones (g),Food level,All persons,X
Nutrition & Physical Activity Survey,AHSnpa11bf,RFFLGM,Refined or lower fibre flour (g),Food level,All persons,X
Nutrition & Physical Activity Survey,AHSnpa11bf,VEGGM,Vegetables and legumes/beans (g),Food level,All persons,X
Nutrition & Physical Activity Survey,AHSnpa11bf,VGGRGM,Green and brassica vegetables (g),Food level,All persons,X
Nutrition & Physical Activity Survey,AHSnpa11bf,VGORGM,Orange vegetables (g),Food level,All persons,X
Nutrition & Physical Activity Survey,AHSnpa11bf,STARGM,Starchy vegetables (g),Food level,All persons,X
Nutrition & Physical Activity Survey,AHSnpa11bf,LEGVGGM,Legumes as a vegetable (g),Food level,All persons,X
Nutrition & Physical Activity Survey,AHSnpa11bf,OTHVGGM,Other vegetables (g),Food level,All persons,X
Nutrition & Physical Activity Survey,AHSnpa11bf,OWHLVGM,Whole vegetables (g),Food level,All persons,X
Nutrition & Physical Activity Survey,AHSnpa11bf,OVGJGM,Vegetable Juice (g),Food level,All persons,X
Nutrition & Physical Activity Survey,AHSnpa11bf,FRUITGM,Fruit (g),Food level,All persons,X
Nutrition & Physical Activity Survey,AHSnpa11bf,FRSHFGM,Fresh/canned fruit (g),Food level,All persons,X
Nutrition & Physical Activity Survey,AHSnpa11bf,DRFRGM,Dried fruit (g),Food level,All persons,X
Nutrition & Physical Activity Survey,AHSnpa11bf,FRJCGM,Fruit juice (g),Food level,All persons,X
Nutrition & Physical Activity Survey,AHSnpa11bf,DAIRYGM,"Milk, yoghurt, cheese and/or alternatives (g)",Food level,All persons,X
Nutrition & Physical Activity Survey,AHSnpa11bf,HFDAGM,Higher fat dairy foods (>10 pc. fat) (g),Food level,All persons,X
Nutrition & Physical Activity Survey,AHSnpa11bf,HFCHSGM,Higher fat cheese (g),Food level,All persons,X
Nutrition & Physical Activity Survey,AHSnpa11bf,HFPOWGM,Higher fat milk powder only (g),Food level,All persons,X
Nutrition & Physical Activity Survey,AHSnpa11bf,MFDAGM,Medium fat dairy foods (4-10 pc. fat) (g),Food level,All persons,X
Nutrition & Physical Activity Survey,AHSnpa11bf,MFMLKGM,Medium fat milk (g),Food level,All persons,X
Nutrition & Physical Activity Survey,AHSnpa11bf,MFEVPGM,Medium fat evaporated milk (g),Food level,All persons,X
Nutrition & Physical Activity Survey,AHSnpa11bf,MFCONGM,Medium fat condensed milk (g),Food level,All persons,X
Nutrition & Physical Activity Survey,AHSnpa11bf,MFCHHGM,"Medium fat cheese, hard and soft (g)",Food level,All persons,X
Nutrition & Physical Activity Survey,AHSnpa11bf,MFCHSGM,"Medium fat cheese, fresh (g)",Food level,All persons,X
Nutrition & Physical Activity Survey,AHSnpa11bf,MFYOGGM,"Medium fat yoghurt, dairy based (g)",Food level,All persons,X
Nutrition & Physical Activity Survey,AHSnpa11bf,MFALTGM,"Medium fat milk alternative beverage, calcium enriched (g)",Food level,All persons,X
Nutrition & Physical Activity Survey,AHSnpa11bf,MFSNAGM,Medium fat dairy-based snack foods (g),Food level,All persons,X
Nutrition & Physical Activity Survey,AHSnpa11bf,LFDAGM,Lower fat dairy foods (<4 pc. fat) (g),Food level,All persons,X
Nutrition & Physical Activity Survey,AHSnpa11bf,LFMLKGM,Lower fat milk (g),Food level,All persons,X
Nutrition & Physical Activity Survey,AHSnpa11bf,LFEVPGM,Lower fat evaporated milk (g),Food level,All persons,X
Nutrition & Physical Activity Survey,AHSnpa11bf,LFCONGM,Lower fat condensed milk (g),Food level,All persons,X
Nutrition & Physical Activity Survey,AHSnpa11bf,LFCHHGM,"Lower fat cheese, hard and soft (g)",Food level,All persons,X
Nutrition & Physical Activity Survey,AHSnpa11bf,LFCHSGM,"Lower fat cheese, fresh (g)",Food level,All persons,X
Nutrition & Physical Activity Survey,AHSnpa11bf,LFYOGGM,"Lower fat yoghurt, dairy based (g)",Food level,All persons,X
Nutrition & Physical Activity Survey,AHSnpa11bf,LFALTGM,"Lower fat milk alternative beverage, calcium enriched (g)",Food level,All persons,X
Nutrition & Physical Activity Survey,AHSnpa11bf,LFSNAGM,Lower fat dairy-based snack foods (g),Food level,All persons,X
Nutrition & Physical Activity Survey,AHSnpa11bf,LFPOWGM,Lower fat milk powder only (g),Food level,All persons,X
Nutrition & Physical Activity Survey,AHSnpa11bf,MEATGM,"Meats, poultry, fish, eggs, tofu, nuts and seeds and legumes/beans (g)",Food level,All persons,X
Nutrition & Physical Activity Survey,AHSnpa11bf,RMTLGM,"Red meat, lean (<10 pc. fat) (g)",Food level,All persons,X
Nutrition & Physical Activity Survey,AHSnpa11bf,RMTLUGM,Red meat unprocessed (<10 pc. fat) (g),Food level,All persons,X
Nutrition & Physical Activity Survey,AHSnpa11bf,RMTLPGM,Red meat processed (<10 pc fat) (g),Food level,All persons,X
Nutrition & Physical Activity Survey,AHSnpa11bf,RMTNGM,"Red meat, non-lean (>=10 pc. fat) (g)",Food level,All persons,X
Nutrition & Physical Activity Survey,AHSnpa11bf,RMTNUGM,Red meat unprocessed (>=10 pc. fat) (g),Food level,All persons,X
Nutrition & Physical Activity Survey,AHSnpa11bf,RMTNPGM,Red meat processed (>=10 pc. fat) (g),Food level,All persons,X
Nutrition & Physical Activity Survey,AHSnpa11bf,PLYLGM,"Poultry, lean (<10 pc. fat) (g)",Food level,All persons,X
Nutrition & Physical Activity Survey,AHSnpa11bf,PLYLUGM,Poultry unprocessed (<10 pc. fat) (g),Food level,All persons,X
Nutrition & Physical Activity Survey,AHSnpa11bf,PLYLPGM,Poultry processed (<10 pc. fat) (g),Food level,All persons,X
Nutrition & Physical Activity Survey,AHSnpa11bf,PLYNGM,"Poultry, non-lean (>=10 pc. fat) (g)",Food level,All persons,X
Nutrition & Physical Activity Survey,AHSnpa11bf,PLYNUGM,Poultry unprocessed (>=10 pc. fat) (g),Food level,All persons,X
Nutrition & Physical Activity Survey,AHSnpa11bf,PLYNPGM,Poultry processed (>=10 pc. fat) (g),Food level,All persons,X
Nutrition & Physical Activity Survey,AHSnpa11bf,FISHGM,Fish and seafood (g),Food level,All persons,X
Nutrition & Physical Activity Survey,AHSnpa11bf,EGGSGM,Eggs (g),Food level,All persons,X
Nutrition & Physical Activity Survey,AHSnpa11bf,LEGMTGM,Legumes as meat alternative (g),Food level,All persons,X
Nutrition & Physical Activity Survey,AHSnpa11bf,LEGBGM,Legumes/beans (g),Food level,All persons,X
Nutrition & Physical Activity Survey,AHSnpa11bf,TOFUGM,Tofu (g),Food level,All persons,X
Nutrition & Physical Activity Survey,AHSnpa11bf,NUTSGM,Nuts and seeds (g),Food level,All persons,X
Nutrition & Physical Activity Survey,AHSnpa11bf,WATRGM,Water (g),Food level,All persons,X
Nutrition & Physical Activity Survey,AHSnpa11bf,UNSTGM,Unsaturated spreads and oils (g),Food level,All persons,X
Nutrition & Physical Activity Survey,AHSnpa11bf,UNSTSGM,Unsaturated spreads (g),Food level,All persons,X
Nutrition & Physical Activity Survey,AHSnpa11bf,UNSTOGM,Unsaturated oils (g),Food level,All persons,X
Nutrition & Physical Activity Survey,AHSnpa11bf,NUTFTGM,Nuts (g),Food level,All persons,X
Nutrition & Physical Activity Survey,AHSnpa11bf,ADDSGGRM,Added sugars (Food Standards) (g),Food level,All persons,NA
Nutrition & Physical Activity Survey,AHSnpa11bf,FRESGGRM,Added sugars (WHO) (g),Food level,All persons,NA
Nutrition & Physical Activity Survey,AHSnpa11bf,MTTLSRV,"Meats, poultry and alternatives, ADG criteria (serves)",Food level,All persons,X
Nutrition & Physical Activity Survey,AHSnpa11bf,MTTNSRV,"Meats, poultry and alternatives, non-ADG criteria (serves)",Food level,All persons,X
Nutrition & Physical Activity Survey,AHSnpa11bf,RMTTSRV,"Red meat, total (serves)",Food level,All persons,X
Nutrition & Physical Activity Survey,AHSnpa11bf,RMTTUSRV,"Red meat unprocessed, total (serves)",Food level,All persons,X
Nutrition & Physical Activity Survey,AHSnpa11bf,PLYTSRV,"Poultry, total (serves)",Food level,All persons,X
Nutrition & Physical Activity Survey,AHSnpa11bf,PLYTUSRV,"Poultry unprocessed, total (serves)",Food level,All persons,X
Nutrition & Physical Activity Survey,AHSnpa11bf,MTTLGM,"Meats, poultry and alternatives, ADG criteria (g)",Food level,All persons,X
Nutrition & Physical Activity Survey,AHSnpa11bf,MTTNGM,"Meats, poultry and alternatives, non-ADG criteria (discretionary) (g)",Food level,All persons,X
Nutrition & Physical Activity Survey,AHSnpa11bf,RMTTGM,"Red meat, total (g)",Food level,All persons,X
Nutrition & Physical Activity Survey,AHSnpa11bf,RMTTUGM,"Red meat unprocessed, total (g)",Food level,All persons,X
Nutrition & Physical Activity Survey,AHSnpa11bf,PLYTGM,"Poultry, total (g)",Food level,All persons,X
Nutrition & Physical Activity Survey,AHSnpa11bf,PLYTUGM,"Poultry unprocessed, total (g)",Food level,All persons,X
Nutrition & Physical Activity Survey,AHSnpa11bf,ABSLFID,Record identifier for the ADGSUM level,Administrative items,All levels,NA
Nutrition & Physical Activity Survey,AHSnpa11bf,ABSBID,Record identifier for the biomedical level,Administrative,NA,NA
Nutrition & Physical Activity Survey,AHSnpa11bf,ABSSID,Supplement record identifier,Administrative items,All levels,NA
Nutrition & Physical Activity Survey,AHSnpa11bf,ABSFID,Food record identifier,Administrative items,All levels,NA
Nutrition & Physical Activity Survey,AHSnpa11bp,BMISC,Body mass index (BMI) - score measured,Physical measurements&Body Mass,All persons aged 2 years and over,NA
Nutrition & Physical Activity Survey,AHSnpa11bp,BMICATHY,"Body mass index - measured - categories (Half year scale for children, 18+ for adults)",Physical measurements&Body Mass,All persons aged 2 years and over,NA
Nutrition & Physical Activity Survey,AHSnpa11bp,BMIMCATW,Body mass index - measured - categories (whole years scale for all ages),Physical measurements&Body Mass,All persons aged 2 years and over,NA
Nutrition & Physical Activity Survey,AHSnpa11bp,AGEC,Age of person,Demographics,All persons,NA
Nutrition & Physical Activity Survey,AHSnpa11bp,SMSBC,Social marital status,Demographics,All persons aged 15 years and over,NA
Nutrition & Physical Activity Survey,AHSnpa11bp,COBBC,Country of birth,Demographics,All persons,NA
Nutrition & Physical Activity Survey,AHSnpa11bp,YOABC,Year of arrival,Demographics,All persons,NA
Nutrition & Physical Activity Survey,AHSnpa11bp,HYSCHCBC,Highest year of school completed,Education,All persons aged 15 years and over,NA
Nutrition & Physical Activity Survey,AHSnpa11bp,LFSBC,Labour force status,Employment,All persons aged 15 years and over,NA
Nutrition & Physical Activity Survey,AHSnpa11bp,DURUNBC,Duration of unemployment (weeks),Employment,All unemployed persons aged 15 years and over,NA
Nutrition & Physical Activity Survey,AHSnpa11bp,LVHNSQBC,Level of highest non-school qualification,Education,All persons aged 15 years and over,NA
Nutrition & Physical Activity Survey,AHSnpa11bp,ANZSCOBC,Occupation ANZSCO 2006,Employment,All employed persons aged 15 years and over,NA
Nutrition & Physical Activity Survey,AHSnpa11bp,ANZSICBC,Industry ANZSIC 2006,Employment,All employed persons aged 15 years and over,NA
Nutrition & Physical Activity Survey,AHSnpa11bp,SHFTWBC,Type of shift work,Employment,All employed persons aged 15 years and over,NA
Nutrition & Physical Activity Survey,AHSnpa11bp,FEMLSBC,Female lifestages (single response),Health,Females aged 10 years and over,NA
Nutrition & Physical Activity Survey,AHSnpa11bp,AGDBBC,Age first told had diabetes or high sugar levels,General health,All persons told they have diabetes or high sugar levels,NA
Nutrition & Physical Activity Survey,AHSnpa11bp,PHDKGWBC,Measured weight (kg),Physical measures & body mass,All persons,NA
Nutrition & Physical Activity Survey,AHSnpa11bp,PHDCMHBC,Measured height (cm),Physical measures & body mass,All persons,NA
Nutrition & Physical Activity Survey,AHSnpa11bp,EXLWTBC,Total minutes undertaken physical activity in last week (excl. vig gardening),Physical activity,All persons aged 18 years and over,NA
Nutrition & Physical Activity Survey,AHSnpa11bp,EXLWMBC,Total minutes undertaken moderate physical activity in last week,Risk factor - Physical Activity,All persons aged 15 years and over,NA
Nutrition & Physical Activity Survey,AHSnpa11bp,EXLWVBC,Total minutes undertaken vigorous physical activity in last week,Risk factor - Physical Activity,All persons aged 15 years and over,NA
Nutrition & Physical Activity Survey,AHSnpa11bp,PHDCMWBC,Measured waist circumference (cm),Physical measurements&Body Mass,All persons aged 2 years and over,NA
Nutrition & Physical Activity Survey,AHSnpa11bp,DIET18CA,Food avoidance for cultural religious or ethical reasons,Risk factors - Nutrition,NA,NA
Nutrition & Physical Activity Survey,AHSnpa11bp,DIET18CB,Food avoidance for cultural religious or ethical reasons,Risk factors - Nutrition,NA,NA
Nutrition & Physical Activity Survey,AHSnpa11bp,DIET18CC,Food avoidance for cultural religious or ethical reasons,Risk factors - Nutrition,NA,NA
Nutrition & Physical Activity Survey,AHSnpa11bp,DIET18CD,Food avoidance for cultural religious or ethical reasons,Risk factors - Nutrition,NA,NA
Nutrition & Physical Activity Survey,AHSnpa11bp,DIET18CE,Food avoidance for cultural religious or ethical reasons,Risk factors - Nutrition,NA,NA
Nutrition & Physical Activity Survey,AHSnpa11bp,DIET18CF,Food avoidance for cultural religious or ethical reasons,Risk factors - Nutrition,NA,NA
Nutrition & Physical Activity Survey,AHSnpa11bp,DIET18CG,Food avoidance for cultural religious or ethical reasons,Risk factors - Nutrition,NA,NA
Nutrition & Physical Activity Survey,AHSnpa11bp,DIET18CH,Food avoidance for cultural religious or ethical reasons,Risk factors - Nutrition,NA,NA
Nutrition & Physical Activity Survey,AHSnpa11bp,DIET18CI,Food avoidance for cultural religious or ethical reasons,Risk factors - Nutrition,NA,NA
Nutrition & Physical Activity Survey,AHSnpa11bp,DIET18CJ,Food avoidance for cultural religious or ethical reasons,Risk factors - Nutrition,NA,NA
Nutrition & Physical Activity Survey,AHSnpa11bp,SEASONC,Season of 2nd (CATI) interview,Interview details,All persons who completed second (CATI) interview,NA
Nutrition & Physical Activity Survey,AHSnpa11bp,BMR,Basal metabolic rate,Risk factors - Nutrition,All persons,NA
Nutrition & Physical Activity Survey,AHSnpa11bp,EIBMR1,Energy intake to basal metabolic rate ratio (Day1),Risk factors - Nutrition,All persons,NA
Nutrition & Physical Activity Survey,AHSnpa11bp,EIBMR2,Energy intake to basal metabolic rate ratio (Day2),Risk factors - Nutrition,All persons who completed second (CATI) nutrition interview,NA
Nutrition & Physical Activity Survey,AHSnpa11bp,ARIABC,Remoteness area categories ASGS 2011,Household level,Households,NA
Nutrition & Physical Activity Survey,AHSnpa11bp,SF2SA1QN,SEIFA - Index of Relative Socio-Economic Disadvantage - 2011 - SA1 - Quintiles - National,Household items,All persons,NA
Nutrition & Physical Activity Survey,AHSnpa11bp,HHSIZECB,Number of persons in household,Household level,Households,NA
Nutrition & Physical Activity Survey,AHSnpa11bp,HHTYPC,Household type,Household items,All persons,NA
Nutrition & Physical Activity Survey,AHSnpa11bp,INCDEC,Equivalised income of household: deciles,Household items,All persons,NA
Nutrition & Physical Activity Survey,AHSnpa11bp,DIABBC,Whether has diabetes mellitus,Health conditions,All persons,NA
Nutrition & Physical Activity Survey,AHSnpa11bp,KIDNBC,Whether has kidney disease,Health conditions,All persons,NA
Nutrition & Physical Activity Survey,AHSnpa11bp,HCHOLBC,Whether has high cholesterol,Health conditions,All persons,NA
Nutrition & Physical Activity Survey,AHSnpa11bp,HSUGBC,Whether has high sugar levels in blood/urine,Health conditions,All persons,NA
Nutrition & Physical Activity Survey,AHSnpa11bp,HYPBC,Whether has hypertensive disease,Health conditions,All persons,NA
Nutrition & Physical Activity Survey,AHSnpa11bp,ISCHBC,Whether has other ischaemic heart disease,Health conditions,All persons,NA
Nutrition & Physical Activity Survey,AHSnpa11bp,HFOBC,Whether has heart failure or other heart disease,Health conditions,All persons,NA
Nutrition & Physical Activity Survey,AHSnpa11bp,CEREVBC,Whether has cerebrovascular disease,Health conditions,All persons,NA
Nutrition & Physical Activity Survey,AHSnpa11bp,OEDBC,Whether has oedema,Health conditions,All persons,NA
Nutrition & Physical Activity Survey,AHSnpa11bp,ANGBC,Whether has angina,Health conditions,All persons,NA
Nutrition & Physical Activity Survey,AHSnpa11bp,FDSECQ1,Whether ran out of food in the last 12 months and couldn't afford to buy more,Household items,All persons,NA
Nutrition & Physical Activity Survey,AHSnpa11bp,FDSECQ2,Whether went without food when couldn't afford any more,Household items,All persons,NA
Nutrition & Physical Activity Survey,AHSnpa11bp,WPM0101,Replicate weights - NNPAS person level (01),NA,NA,NA
Nutrition & Physical Activity Survey,AHSnpa11bp,WPM0102,Replicate weights - NNPAS person level (02),NA,NA,NA
Nutrition & Physical Activity Survey,AHSnpa11bp,WPM0103,Replicate weights - NNPAS person level (03),NA,NA,NA
Nutrition & Physical Activity Survey,AHSnpa11bp,WPM0104,Replicate weights - NNPAS person level (04),NA,NA,NA
Nutrition & Physical Activity Survey,AHSnpa11bp,WPM0105,Replicate weights - NNPAS person level (05),NA,NA,NA
Nutrition & Physical Activity Survey,AHSnpa11bp,WPM0106,Replicate weights - NNPAS person level (06),NA,NA,NA
Nutrition & Physical Activity Survey,AHSnpa11bp,WPM0107,Replicate weights - NNPAS person level (07),NA,NA,NA
Nutrition & Physical Activity Survey,AHSnpa11bp,WPM0108,Replicate weights - NNPAS person level (08),NA,NA,NA
Nutrition & Physical Activity Survey,AHSnpa11bp,WPM0109,Replicate weights - NNPAS person level (09),NA,NA,NA
Nutrition & Physical Activity Survey,AHSnpa11bp,WPM0110,Replicate weights - NNPAS person level (10),NA,NA,NA
Nutrition & Physical Activity Survey,AHSnpa11bp,WPM0111,Replicate weights - NNPAS person level (11),NA,NA,NA
Nutrition & Physical Activity Survey,AHSnpa11bp,WPM0112,Replicate weights - NNPAS person level (12),NA,NA,NA
Nutrition & Physical Activity Survey,AHSnpa11bp,WPM0113,Replicate weights - NNPAS person level (13),NA,NA,NA
Nutrition & Physical Activity Survey,AHSnpa11bp,WPM0114,Replicate weights - NNPAS person level (14),NA,NA,NA
Nutrition & Physical Activity Survey,AHSnpa11bp,WPM0115,Replicate weights - NNPAS person level (15),NA,NA,NA
Nutrition & Physical Activity Survey,AHSnpa11bp,WPM0116,Replicate weights - NNPAS person level (16),NA,NA,NA
Nutrition & Physical Activity Survey,AHSnpa11bp,WPM0117,Replicate weights - NNPAS person level (17),NA,NA,NA
Nutrition & Physical Activity Survey,AHSnpa11bp,WPM0118,Replicate weights - NNPAS person level (18),NA,NA,NA
Nutrition & Physical Activity Survey,AHSnpa11bp,WPM0119,Replicate weights - NNPAS person level (19),NA,NA,NA
Nutrition & Physical Activity Survey,AHSnpa11bp,WPM0120,Replicate weights - NNPAS person level (20),NA,NA,NA
Nutrition & Physical Activity Survey,AHSnpa11bp,WPM0121,Replicate weights - NNPAS person level (21),NA,NA,NA
Nutrition & Physical Activity Survey,AHSnpa11bp,WPM0122,Replicate weights - NNPAS person level (22),NA,NA,NA
Nutrition & Physical Activity Survey,AHSnpa11bp,WPM0123,Replicate weights - NNPAS person level (23),NA,NA,NA
Nutrition & Physical Activity Survey,AHSnpa11bp,WPM0124,Replicate weights - NNPAS person level (24),NA,NA,NA
Nutrition & Physical Activity Survey,AHSnpa11bp,WPM0125,Replicate weights - NNPAS person level (25),NA,NA,NA
Nutrition & Physical Activity Survey,AHSnpa11bp,WPM0126,Replicate weights - NNPAS person level (26),NA,NA,NA
Nutrition & Physical Activity Survey,AHSnpa11bp,WPM0127,Replicate weights - NNPAS person level (27),NA,NA,NA
Nutrition & Physical Activity Survey,AHSnpa11bp,WPM0128,Replicate weights - NNPAS person level (28),NA,NA,NA
Nutrition & Physical Activity Survey,AHSnpa11bp,WPM0129,Replicate weights - NNPAS person level (29),NA,NA,NA
Nutrition & Physical Activity Survey,AHSnpa11bp,WPM0130,Replicate weights - NNPAS person level (30),NA,NA,NA
Nutrition & Physical Activity Survey,AHSnpa11bp,WPM0131,Replicate weights - NNPAS person level (31),NA,NA,NA
Nutrition & Physical Activity Survey,AHSnpa11bp,WPM0132,Replicate weights - NNPAS person level (32),NA,NA,NA
Nutrition & Physical Activity Survey,AHSnpa11bp,WPM0133,Replicate weights - NNPAS person level (33),NA,NA,NA
Nutrition & Physical Activity Survey,AHSnpa11bp,WPM0134,Replicate weights - NNPAS person level (34),NA,NA,NA
Nutrition & Physical Activity Survey,AHSnpa11bp,WPM0135,Replicate weights - NNPAS person level (35),NA,NA,NA
Nutrition & Physical Activity Survey,AHSnpa11bp,WPM0136,Replicate weights - NNPAS person level (36),NA,NA,NA
Nutrition & Physical Activity Survey,AHSnpa11bp,WPM0137,Replicate weights - NNPAS person level (37),NA,NA,NA
Nutrition & Physical Activity Survey,AHSnpa11bp,WPM0138,Replicate weights - NNPAS person level (38),NA,NA,NA
Nutrition & Physical Activity Survey,AHSnpa11bp,WPM0139,Replicate weights - NNPAS person level (39),NA,NA,NA
Nutrition & Physical Activity Survey,AHSnpa11bp,WPM0140,Replicate weights - NNPAS person level (40),NA,NA,NA
Nutrition & Physical Activity Survey,AHSnpa11bp,WPM0141,Replicate weights - NNPAS person level (41),NA,NA,NA
Nutrition & Physical Activity Survey,AHSnpa11bp,WPM0142,Replicate weights - NNPAS person level (42),NA,NA,NA
Nutrition & Physical Activity Survey,AHSnpa11bp,WPM0143,Replicate weights - NNPAS person level (43),NA,NA,NA
Nutrition & Physical Activity Survey,AHSnpa11bp,WPM0144,Replicate weights - NNPAS person level (44),NA,NA,NA
Nutrition & Physical Activity Survey,AHSnpa11bp,WPM0145,Replicate weights - NNPAS person level (45),NA,NA,NA
Nutrition & Physical Activity Survey,AHSnpa11bp,WPM0146,Replicate weights - NNPAS person level (46),NA,NA,NA
Nutrition & Physical Activity Survey,AHSnpa11bp,WPM0147,Replicate weights - NNPAS person level (47),NA,NA,NA
Nutrition & Physical Activity Survey,AHSnpa11bp,WPM0148,Replicate weights - NNPAS person level (48),NA,NA,NA
Nutrition & Physical Activity Survey,AHSnpa11bp,WPM0149,Replicate weights - NNPAS person level (49),NA,NA,NA
Nutrition & Physical Activity Survey,AHSnpa11bp,WPM0150,Replicate weights - NNPAS person level (50),NA,NA,NA
Nutrition & Physical Activity Survey,AHSnpa11bp,WPM0151,Replicate weights - NNPAS person level (51),NA,NA,NA
Nutrition & Physical Activity Survey,AHSnpa11bp,WPM0152,Replicate weights - NNPAS person level (52),NA,NA,NA
Nutrition & Physical Activity Survey,AHSnpa11bp,WPM0153,Replicate weights - NNPAS person level (53),NA,NA,NA
Nutrition & Physical Activity Survey,AHSnpa11bp,WPM0154,Replicate weights - NNPAS person level (54),NA,NA,NA
Nutrition & Physical Activity Survey,AHSnpa11bp,WPM0155,Replicate weights - NNPAS person level (55),NA,NA,NA
Nutrition & Physical Activity Survey,AHSnpa11bp,WPM0156,Replicate weights - NNPAS person level (56),NA,NA,NA
Nutrition & Physical Activity Survey,AHSnpa11bp,WPM0157,Replicate weights - NNPAS person level (57),NA,NA,NA
Nutrition & Physical Activity Survey,AHSnpa11bp,WPM0158,Replicate weights - NNPAS person level (58),NA,NA,NA
Nutrition & Physical Activity Survey,AHSnpa11bp,WPM0159,Replicate weights - NNPAS person level (59),NA,NA,NA
Nutrition & Physical Activity Survey,AHSnpa11bp,WPM0160,Replicate weights - NNPAS person level (60),NA,NA,NA
Nutrition & Physical Activity Survey,AHSnpa11bp,NPAFINWT,Person weight PAA,Administrative items,Person,NA
Nutrition & Physical Activity Survey,AHSnpa11bp,ENERGYT1,Energy with dietary fibre (total) Day 1 kJ,Risk factors - Nutrition,All persons,NA
Nutrition & Physical Activity Survey,AHSnpa11bp,ENERGYT2,Energy with dietary fibre (total) Day 2 kJ,Risk factors - Nutrition,All persons who completed second (CATI) nutrition interview,NA
Nutrition & Physical Activity Survey,AHSnpa11bp,ENRGYT1,Energy without dietary fibre (total) Day 1 kJ,Risk factors - Nutrition,All persons,NA
Nutrition & Physical Activity Survey,AHSnpa11bp,ENRGYT2,Energy without dietary fibre (total) Day 2 kJ,Risk factors - Nutrition,All persons who completed second (CATI) nutrition interview,NA
Nutrition & Physical Activity Survey,AHSnpa11bp,MOISTT1,Moisture (total) Day 1 g,Risk factors - Nutrition,All persons,NA
Nutrition & Physical Activity Survey,AHSnpa11bp,MOISTT2,Moisture (total) Day 2 g,Risk factors - Nutrition,All persons who completed second (CATI) nutrition interview,NA
Nutrition & Physical Activity Survey,AHSnpa11bp,PROTT1,Protein (total) Day 1 g,Risk factors - Nutrition,All persons,NA
Nutrition & Physical Activity Survey,AHSnpa11bp,PROTT2,Protein (total) Day 2 g,Risk factors - Nutrition,All persons who completed second (CATI) nutrition interview,NA
Nutrition & Physical Activity Survey,AHSnpa11bp,FATT1,Total fat (total) Day 1 g,Risk factors - Nutrition,All persons,NA
Nutrition & Physical Activity Survey,AHSnpa11bp,FATT2,Total fat (total) Day 2 g,Risk factors - Nutrition,All persons who completed second (CATI) nutrition interview,NA
Nutrition & Physical Activity Survey,AHSnpa11bp,CHOWSAT1,Carbohydrate with Sugar Alcohols (total) Day 1 g,Risk factors - Nutrition,All persons,NA
Nutrition & Physical Activity Survey,AHSnpa11bp,CHOWSAT2,Carbohydrate with Sugar Alcohols (total) Day 2 g,Risk factors - Nutrition,All persons who completed second (CATI) nutrition interview,NA
Nutrition & Physical Activity Survey,AHSnpa11bp,CHOWOAT1,Carbohydrate without Sugar Alcohols (total) Day 1 g,Risk factors - Nutrition,All persons,NA
Nutrition & Physical Activity Survey,AHSnpa11bp,CHOWOAT2,Carbohydrate without Sugar Alcohols (total) Day 2 g,Risk factors - Nutrition,All persons who completed second (CATI) nutrition interview,NA
Nutrition & Physical Activity Survey,AHSnpa11bp,STARCHT1,Starch (total) Day 1 g,Risk factors - Nutrition,All persons,NA
Nutrition & Physical Activity Survey,AHSnpa11bp,STARCHT2,Starch (total) Day 2 g,Risk factors - Nutrition,All persons who completed second (CATI) nutrition interview,NA
Nutrition & Physical Activity Survey,AHSnpa11bp,SUGART1,Sugars (total) Day 1 g,Risk factors - Nutrition,All persons,NA
Nutrition & Physical Activity Survey,AHSnpa11bp,SUGART2,Sugars (total) Day 2 g,Risk factors - Nutrition,All persons who completed second (CATI) nutrition interview,NA
Nutrition & Physical Activity Survey,AHSnpa11bp,FIBRET1,Dietary fibre (total) Day 1 g,Risk factors - Nutrition,All persons,NA
Nutrition & Physical Activity Survey,AHSnpa11bp,FIBRET2,Dietary fibre (total) Day 2 g,Risk factors - Nutrition,All persons who completed second (CATI) nutrition interview,NA
Nutrition & Physical Activity Survey,AHSnpa11bp,ALCT1,Alcohol (total) Day 1 g,Risk factors - Nutrition,All persons,NA
Nutrition & Physical Activity Survey,AHSnpa11bp,ALCT2,Alcohol (total) Day 2 g,Risk factors - Nutrition,All persons who completed second (CATI) nutrition interview,NA
Nutrition & Physical Activity Survey,AHSnpa11bp,PREVAT1,Preformed Vitamin A (total) Day 1 ¬µg,Risk factors - Nutrition,All persons,NA
Nutrition & Physical Activity Survey,AHSnpa11bp,PREVAT2,Preformed Vitamin A (total) Day 2 ¬µg,Risk factors - Nutrition,All persons who completed second (CATI) nutrition interview,NA
Nutrition & Physical Activity Survey,AHSnpa11bp,PROVAT1,Provitamin A (total) Day 1 ¬µg,Risk factors - Nutrition,All persons,NA
Nutrition & Physical Activity Survey,AHSnpa11bp,PROVAT2,Provitamin A (total) Day 2 ¬µg,Risk factors - Nutrition,All persons who completed second (CATI) nutrition interview,NA
Nutrition & Physical Activity Survey,AHSnpa11bp,RETEQT1,Retinol Equivalents (total) Day 1 ¬µg,Risk factors - Nutrition,All persons,NA
Nutrition & Physical Activity Survey,AHSnpa11bp,RETEQT2,Retinol Equivalents (total) Day 2 ¬µg,Risk factors - Nutrition,All persons who completed second (CATI) nutrition interview,NA
Nutrition & Physical Activity Survey,AHSnpa11bp,B1T1,Thiamin (B1) (total) Day 1 mg,Risk factors - Nutrition,All persons,NA
Nutrition & Physical Activity Survey,AHSnpa11bp,B1T2,Thiamin (B1) (total) Day 2 mg,Risk factors - Nutrition,All persons who completed second (CATI) nutrition interview,NA
Nutrition & Physical Activity Survey,AHSnpa11bp,B2T1,Riboflavin (B2) (total) Day 1 mg,Risk factors - Nutrition,All persons,NA
Nutrition & Physical Activity Survey,AHSnpa11bp,B2T2,Riboflavin (B2) (total) Day 2 mg,Risk factors - Nutrition,All persons who completed second (CATI) nutrition interview,NA
Nutrition & Physical Activity Survey,AHSnpa11bp,B3T1,Niacin (B3) (total) Day 1 mg,Risk factors - Nutrition,All persons,NA
Nutrition & Physical Activity Survey,AHSnpa11bp,B3T2,Niacin (B3) (total) Day 2 mg,Risk factors - Nutrition,All persons who completed second (CATI) nutrition interview,NA
Nutrition & Physical Activity Survey,AHSnpa11bp,NIACINT1,Niacin Equivalents (total) Day 1 mg,Risk factors - Nutrition,All persons,NA
Nutrition & Physical Activity Survey,AHSnpa11bp,NIACINT2,Niacin Equivalents (total) Day 2 mg,Risk factors - Nutrition,All persons who completed second (CATI) nutrition interview,NA
Nutrition & Physical Activity Survey,AHSnpa11bp,FOLATT1,Folate natural (total) Day 1 ¬µg,Risk factors - Nutrition,All persons,NA
Nutrition & Physical Activity Survey,AHSnpa11bp,FOLATT2,Folate natural (total) Day 2 ¬µg,Risk factors - Nutrition,All persons who completed second (CATI) nutrition interview,NA
Nutrition & Physical Activity Survey,AHSnpa11bp,FOLICT1,Folic Acid (total) Day 1 ¬µg,Risk factors - Nutrition,All persons,NA
Nutrition & Physical Activity Survey,AHSnpa11bp,FOLICT2,Folic Acid (total) Day 2 ¬µg,Risk factors - Nutrition,All persons who completed second (CATI) nutrition interview,NA
Nutrition & Physical Activity Survey,AHSnpa11bp,TOTFOLT1,Total folates (total) Day 1 ¬µg,Risk factors - Nutrition,All persons,NA
Nutrition & Physical Activity Survey,AHSnpa11bp,TOTFOLT2,Total folates (total) Day 2 ¬µg,Risk factors - Nutrition,All persons who completed second (CATI) nutrition interview,NA
Nutrition & Physical Activity Survey,AHSnpa11bp,FOLEQT1,Dietary folate equivalents (total) Day 1 ¬µg,Risk factors - Nutrition,All persons,NA
Nutrition & Physical Activity Survey,AHSnpa11bp,FOLEQT2,Dietary folate equivalents (total) Day 2 ¬µg,Risk factors - Nutrition,All persons who completed second (CATI) nutrition interview,NA
Nutrition & Physical Activity Survey,AHSnpa11bp,B6T1,B6 (total) Day 1 mg,Risk factors - Nutrition,All persons,NA
Nutrition & Physical Activity Survey,AHSnpa11bp,B6T2,B6 (total) Day 2 mg,Risk factors - Nutrition,All persons who completed second (CATI) nutrition interview,NA
Nutrition & Physical Activity Survey,AHSnpa11bp,B12T1,B12 (total) Day 1 ¬µg,Risk factors - Nutrition,All persons,NA
Nutrition & Physical Activity Survey,AHSnpa11bp,B12T2,B12 (total) Day 2 ¬µg,Risk factors - Nutrition,All persons who completed second (CATI) nutrition interview,NA
Nutrition & Physical Activity Survey,AHSnpa11bp,VITCT1,Vitamin C (total) Day 1 mg,Risk factors - Nutrition,All persons,NA
Nutrition & Physical Activity Survey,AHSnpa11bp,VITCT2,Vitamin C (total) Day 2 mg,Risk factors - Nutrition,All persons who completed second (CATI) nutrition interview,NA
Nutrition & Physical Activity Survey,AHSnpa11bp,VITET1,Vitamin E (total) Day 1 mg,Risk factors - Nutrition,All persons,NA
Nutrition & Physical Activity Survey,AHSnpa11bp,VITET2,Vitamin E (total) Day 2 mg,Risk factors - Nutrition,All persons who completed second (CATI) nutrition interview,NA
Nutrition & Physical Activity Survey,AHSnpa11bp,CALCT1,Calcium (total) Day 1 mg,Risk factors - Nutrition,All persons,NA
Nutrition & Physical Activity Survey,AHSnpa11bp,CALCT2,Calcium (total) Day 2 mg,Risk factors - Nutrition,All persons who completed second (CATI) nutrition interview,NA
Nutrition & Physical Activity Survey,AHSnpa11bp,IODINET1,Iodine (total) Day 1 ¬µg,Risk factors - Nutrition,All persons,NA
Nutrition & Physical Activity Survey,AHSnpa11bp,IODINET2,Iodine (total) Day 2 ¬µg,Risk factors - Nutrition,All persons who completed second (CATI) nutrition interview,NA
Nutrition & Physical Activity Survey,AHSnpa11bp,IRONT1,Iron (total) Day 1 mg,Risk factors - Nutrition,All persons,NA
Nutrition & Physical Activity Survey,AHSnpa11bp,IRONT2,Iron (total) Day 2 mg,Risk factors - Nutrition,All persons who completed second (CATI) nutrition interview,NA
Nutrition & Physical Activity Survey,AHSnpa11bp,MAGT1,Magnesium (total) Day 1 mg,Risk factors - Nutrition,All persons,NA
Nutrition & Physical Activity Survey,AHSnpa11bp,MAGT2,Magnesium (total) Day 2 mg,Risk factors - Nutrition,All persons who completed second (CATI) nutrition interview,NA
Nutrition & Physical Activity Survey,AHSnpa11bp,PHOST1,Phosphorus (total) Day 1 mg,Risk factors - Nutrition,All persons,NA
Nutrition & Physical Activity Survey,AHSnpa11bp,PHOST2,Phosphorus (total) Day 2 mg,Risk factors - Nutrition,All persons who completed second (CATI) nutrition interview,NA
Nutrition & Physical Activity Survey,AHSnpa11bp,POTAST1,Potassium (total) Day 1 mg,Risk factors - Nutrition,All persons,NA
Nutrition & Physical Activity Survey,AHSnpa11bp,POTAST2,Potassium (total) Day 2 mg,Risk factors - Nutrition,All persons who completed second (CATI) nutrition interview,NA
Nutrition & Physical Activity Survey,AHSnpa11bp,SELT1,Selenium (total) Day 1 ¬µg,Risk factors - Nutrition,All persons,NA
Nutrition & Physical Activity Survey,AHSnpa11bp,SELT2,Selenium (total) Day 2 ¬µg,Risk factors - Nutrition,All persons who completed second (CATI) nutrition interview,NA
Nutrition & Physical Activity Survey,AHSnpa11bp,SODIUMT1,Sodium (total) Day 1 mg,Risk factors - Nutrition,All persons,NA
Nutrition & Physical Activity Survey,AHSnpa11bp,SODIUMT2,Sodium (total) Day 2 mg,Risk factors - Nutrition,All persons who completed second (CATI) nutrition interview,NA
Nutrition & Physical Activity Survey,AHSnpa11bp,ZINCT1,Zinc (total) Day 1 mg,Risk factors - Nutrition,All persons,NA
Nutrition & Physical Activity Survey,AHSnpa11bp,ZINCT2,Zinc (total) Day 2 mg,Risk factors - Nutrition,All persons who completed second (CATI) nutrition interview,NA
Nutrition & Physical Activity Survey,AHSnpa11bp,CAFFT1,Caffeine (total) Day 1 mg,Risk factors - Nutrition,All persons,NA
Nutrition & Physical Activity Survey,AHSnpa11bp,CAFFT2,Caffeine (total) Day 2 mg,Risk factors - Nutrition,All persons who completed second (CATI) nutrition interview,NA
Nutrition & Physical Activity Survey,AHSnpa11bp,CHOLT1,Cholesterol (total) Day 1 mg,Risk factors - Nutrition,All persons,NA
Nutrition & Physical Activity Survey,AHSnpa11bp,CHOLT2,Cholesterol (total) Day 2 mg,Risk factors - Nutrition,All persons who completed second (CATI) nutrition interview,NA
Nutrition & Physical Activity Survey,AHSnpa11bp,SATFATT1,Saturated Fat (total) Day 1 g,Risk factors - Nutrition,All persons,NA
Nutrition & Physical Activity Survey,AHSnpa11bp,SATFATT2,Saturated Fat (total) Day 2 g,Risk factors - Nutrition,All persons who completed second (CATI) nutrition interview,NA
Nutrition & Physical Activity Survey,AHSnpa11bp,MUFATT1,Monounsaturated Fat (total) Day 1 g,Risk factors - Nutrition,All persons,NA
Nutrition & Physical Activity Survey,AHSnpa11bp,MUFATT2,Monounsaturated Fat (total) Day 2 g,Risk factors - Nutrition,All persons who completed second (CATI) nutrition interview,NA
Nutrition & Physical Activity Survey,AHSnpa11bp,PUFATT1,Polyunsaturated Fat (total) Day 1 g,Risk factors - Nutrition,All persons,NA
Nutrition & Physical Activity Survey,AHSnpa11bp,PUFATT2,Polyunsaturated Fat (total) Day 2 g,Risk factors - Nutrition,All persons who completed second (CATI) nutrition interview,NA
Nutrition & Physical Activity Survey,AHSnpa11bp,LAT1,Linoleic Acid (total) Day 1 g,Risk factors - Nutrition,All persons,NA
Nutrition & Physical Activity Survey,AHSnpa11bp,LAT2,Linoleic Acid (total) Day 2 g,Risk factors - Nutrition,All persons who completed second (CATI) nutrition interview,NA
Nutrition & Physical Activity Survey,AHSnpa11bp,ALAT1,Alpha-linolenic Acid (total) Day 1 g,Risk factors - Nutrition,All persons,NA
Nutrition & Physical Activity Survey,AHSnpa11bp,ALAT2,Alpha-linolenic Acid (total) Day 2 g,Risk factors - Nutrition,All persons who completed second (CATI) nutrition interview,NA
Nutrition & Physical Activity Survey,AHSnpa11bp,LCN3T1,Omega 3 (total) Day 1 mg,Risk factors - Nutrition,All persons,NA
Nutrition & Physical Activity Survey,AHSnpa11bp,LCN3T2,Omega 3 (total) Day 2 mg,Risk factors - Nutrition,All persons who completed second (CATI) nutrition interview,NA
Nutrition & Physical Activity Survey,AHSnpa11bp,TRANST1,Trans Fatty Acids (total) Day 1 mg,Risk factors - Nutrition,All persons,NA
Nutrition & Physical Activity Survey,AHSnpa11bp,TRANST2,Trans Fatty Acids (total) Day 2 mg,Risk factors - Nutrition,All persons who completed second (CATI) nutrition interview,NA
Nutrition & Physical Activity Survey,AHSnpa11bp,PROPER1,Percentage of energy from protein (Day1),Risk factors - Nutrition,All persons,NA
Nutrition & Physical Activity Survey,AHSnpa11bp,PROPER2,Percentage of energy from protein (Day2),Risk factors - Nutrition,All persons who completed second (CATI) nutrition interview,NA
Nutrition & Physical Activity Survey,AHSnpa11bp,FATPER1,Percentage of energy from total fat (Day1),Risk factors - Nutrition,All persons,NA
Nutrition & Physical Activity Survey,AHSnpa11bp,FATPER2,Percentage of energy from total fat (Day2),Risk factors - Nutrition,All persons who completed second (CATI) nutrition interview,NA
Nutrition & Physical Activity Survey,AHSnpa11bp,LAPER1,Percentage of energy from linoleic acid (Day1),Risk factors - Nutrition,All persons,NA
Nutrition & Physical Activity Survey,AHSnpa11bp,LAPER2,Percentage of energy from linoleic acid (Day2),Risk factors - Nutrition,All persons who completed second (CATI) nutrition interview,NA
Nutrition & Physical Activity Survey,AHSnpa11bp,ALAPER1,Percentage of energy from alpha linolenic acid (Day1),Risk factors - Nutrition,All persons,NA
Nutrition & Physical Activity Survey,AHSnpa11bp,ALAPER2,Percentage of energy from alpha linolenic acid (Day2),Risk factors - Nutrition,All persons who completed second (CATI) nutrition interview,NA
Nutrition & Physical Activity Survey,AHSnpa11bp,CHOPER1,Percentage of energy from carbohydrate (Day1),Risk factors - Nutrition,All persons,NA
Nutrition & Physical Activity Survey,AHSnpa11bp,CHOPER2,Percentage of energy from carbohydrate (Day2),Risk factors - Nutrition,All persons who completed second (CATI) nutrition interview,NA
Nutrition & Physical Activity Survey,AHSnpa11bp,SUGPER1,Percentage of energy from total sugars (Day1),Risk factors - Nutrition,All persons,NA
Nutrition & Physical Activity Survey,AHSnpa11bp,SUGPER2,Percentage of energy from total sugars (Day2),Risk factors - Nutrition,All persons who completed second (CATI) nutrition interview,NA
Nutrition & Physical Activity Survey,AHSnpa11bp,STARPER1,Percentage of energy from starch (Day1),Risk factors - Nutrition,All persons,NA
Nutrition & Physical Activity Survey,AHSnpa11bp,STARPER2,Percentage of energy from starch (Day2),Risk factors - Nutrition,All persons who completed second (CATI) nutrition interview,NA
Nutrition & Physical Activity Survey,AHSnpa11bp,ALCPER1,Percentage of energy from alcohol (Day1),Risk factors - Nutrition,All persons,NA
Nutrition & Physical Activity Survey,AHSnpa11bp,ALCPER2,Percentage of energy from alcohol (Day2),Risk factors - Nutrition,All persons who completed second (CATI) nutrition interview,NA
Nutrition & Physical Activity Survey,AHSnpa11bp,SATPER1,Percentage of energy from saturated fat + trans fatty acids (Day1),Risk factors - Nutrition,All persons,NA
Nutrition & Physical Activity Survey,AHSnpa11bp,SATPER2,Percentage of energy from saturated fat + trans fatty acids (Day2),Risk factors - Nutrition,All persons who completed second (CATI) nutrition interview,NA
Nutrition & Physical Activity Survey,AHSnpa11bp,TRANPER1,Percentage of energy from trans fatty acids (Day1),Risk factors - Nutrition,All persons,NA
Nutrition & Physical Activity Survey,AHSnpa11bp,TRANPER2,Percentage of energy from trans fatty acids (Day2),Risk factors - Nutrition,All persons who completed second (CATI) nutrition interview,NA
Nutrition & Physical Activity Survey,AHSnpa11bp,FIBRPER1,Percentage of energy from fibre (Day1),Risk factors - Nutrition,All persons,NA
Nutrition & Physical Activity Survey,AHSnpa11bp,FIBRPER2,Percentage of energy from fibre (Day2),Risk factors - Nutrition,All persons who completed second (CATI) nutrition interview,NA
Nutrition & Physical Activity Survey,AHSnpa11bp,MONOPER1,Percentage of energy from monounsaturated fat (Day1),Risk factors - Nutrition,All persons,NA
Nutrition & Physical Activity Survey,AHSnpa11bp,MONOPER2,Percentage of energy from monounsaturated fat (Day2),Risk factors - Nutrition,All persons who completed second (CATI) nutrition interview,NA
Nutrition & Physical Activity Survey,AHSnpa11bp,POLYPER1,Percentage of energy from polyunsaturated fat (Day1),Risk factors - Nutrition,All persons,NA
Nutrition & Physical Activity Survey,AHSnpa11bp,POLYPER2,Percentage of energy from polyunsaturated fat (Day2),Risk factors - Nutrition,All persons who completed second (CATI) nutrition interview,NA
Nutrition & Physical Activity Survey,AHSnpa11bp,NUTDAY1,Day of week of day 1 consumption,Interview details,All persons,NA
Nutrition & Physical Activity Survey,AHSnpa11bp,NUTDAY2,Day of week of day 2 consumption,Interview details,All persons who completed second (CATI) interview,NA
Nutrition & Physical Activity Survey,AHSnpa11bp,PRXDIETC,Child Nutrition Response status (CATI),Interview details,All persons aged 6 to 17 years,NA
Nutrition & Physical Activity Survey,AHSnpa11bp,ADTOTSE,Total mins spent sitting or lying down for work transport and leisure activities in the last week,Physical activity,All persons aged 18 years and over,NA
Nutrition & Physical Activity Survey,AHSnpa11bp,ATEMLS,"Whether the amount eaten yesterday was more, less or about the same as usual",Risk factors - Nutrition,All persons,NA
Nutrition & Physical Activity Survey,AHSnpa11bp,AVMINMVD,Avg mins per day doing mod to vig physical activity in 7 days prior to interview,Physical activity,All persons aged 5-17 years,NA
Nutrition & Physical Activity Survey,AHSnpa11bp,AVMINSC7,Avg mins per day doing screen-based activities in 7 days prior to interview (2-4),Physical activity,All persons aged 2-4 years,NA
Nutrition & Physical Activity Survey,AHSnpa11bp,AVMINSE7,Avg mins per day doing screen-based activities in 7 days prior to interview (5-17),Physical activity,All persons aged 5-17 years,NA
Nutrition & Physical Activity Survey,AHSnpa11bp,AVMINTO7,Avg mins per day doing physical activity in 7 days prior to interview (2-4),Physical activity,All persons aged 2-4 years,NA
Nutrition & Physical Activity Survey,AHSnpa11bp,BDYMSQ04,Whether currently on a diet,Risk factors - Nutrition,All persons aged 15 years and over,NA
Nutrition & Physical Activity Survey,AHSnpa11bp,BPCAT,Blood Pressure categories (18 yrs +),Physical measurements&Body Mass,All persons aged 18 years and over,NA
Nutrition & Physical Activity Survey,AHSnpa11bp,DAY1807,Number of days did physical activity for at least 180 mins in the 7 days prior to interview (2-4),Physical activity,All persons aged 2-4 years,NA
Nutrition & Physical Activity Survey,AHSnpa11bp,DAYGUI7,Number of days met physical and screen-based activity recs in 7 days prior to interview (2-4),Physical activity,All persons aged 2-4 years,NA
Nutrition & Physical Activity Survey,AHSnpa11bp,DAYSCHR7,Number of days did screen-based activity no more than 60 mins in 7 days prior to interview (2-4),Physical activity,All persons aged 2-4 years,NA
Nutrition & Physical Activity Survey,AHSnpa11bp,DIABQ01A,Family history of diabetes,Health,All persons,NA
Nutrition & Physical Activity Survey,AHSnpa11bp,DIASTOL,Diastolic blood pressure (mmHg),Physical measurements&Body Mass,All persons aged 5 years and over,NA
Nutrition & Physical Activity Survey,AHSnpa11bp,DIETQ12,How often salt is used in household for cooking or preparing food,Risk factor - Nutrition,All persons aged 2 years and over,NA
Nutrition & Physical Activity Survey,AHSnpa11bp,DIETQ14,How often salt is added to food at table,Risk factor - Nutrition,All persons aged 2 years and over,NA
Nutrition & Physical Activity Survey,AHSnpa11bp,DIETQ17A,Food avoidance due to allergies or intolerance,Risk factors - Nutrition,NA,NA
Nutrition & Physical Activity Survey,AHSnpa11bp,DIETQ17B,Food avoidance due to allergies or intolerance,Risk factors - Nutrition,NA,NA
Nutrition & Physical Activity Survey,AHSnpa11bp,DIETQ17C,Food avoidance due to allergies or intolerance,Risk factors - Nutrition,NA,NA
Nutrition & Physical Activity Survey,AHSnpa11bp,DIETQ17D,Food avoidance due to allergies or intolerance,Risk factors - Nutrition,NA,NA
Nutrition & Physical Activity Survey,AHSnpa11bp,DIETQ17E,Food avoidance due to allergies or intolerance,Risk factors - Nutrition,NA,NA
Nutrition & Physical Activity Survey,AHSnpa11bp,DIETQ17F,Food avoidance due to allergies or intolerance,Risk factors - Nutrition,NA,NA
Nutrition & Physical Activity Survey,AHSnpa11bp,DIETQ17G,Food avoidance due to allergies or intolerance,Risk factors - Nutrition,NA,NA
Nutrition & Physical Activity Survey,AHSnpa11bp,DIETQ17H,Food avoidance due to allergies or intolerance,Risk factors - Nutrition,NA,NA
Nutrition & Physical Activity Survey,AHSnpa11bp,DIETQ17I,Food avoidance due to allergies or intolerance,Risk factors - Nutrition,NA,NA
Nutrition & Physical Activity Survey,AHSnpa11bp,DIETQ17J,Food avoidance due to allergies or intolerance,Risk factors - Nutrition,NA,NA
Nutrition & Physical Activity Survey,AHSnpa11bp,DIETQ17K,Food avoidance due to allergies or intolerance,Risk factors - Nutrition,NA,NA
Nutrition & Physical Activity Survey,AHSnpa11bp,DIETQ5,Usual daily serves of vegetables,Risk factor - Nutrition,All persons aged 2 years and over,NA
Nutrition & Physical Activity Survey,AHSnpa11bp,DIETQ8,Usual daily serves of fruit,Risk factor - Nutrition,All persons aged 2 years and over,NA
Nutrition & Physical Activity Survey,AHSnpa11bp,DIETRDI,Whether vegetable and fruit consumption met recommended guidelines,Risk factor - Nutrition,All persons aged 4 years and over,NA
Nutrition & Physical Activity Survey,AHSnpa11bp,DURACSF,Whether participated in sufficient activity in last week (duration),Risk factor - Physical Activity,All persons aged 18 years and over,NA
Nutrition & Physical Activity Survey,AHSnpa11bp,DURSACSF,Whether participated in sufficient activity in last week (duration and session),Risk factor - Physical Activity,All persons aged 18 years and over,NA
Nutrition & Physical Activity Survey,AHSnpa11bp,EXLEVELN,"Level of physical activity for fitness, recreation, sport or walking for transport in last week",Risk factor - Physical Activity,All persons aged 15 years and over,NA
Nutrition & Physical Activity Survey,AHSnpa11bp,EXREGUIC,Whether physical activity last week met 150 minutes recommended guidelines,Risk factor - Physical Activity,All persons aged 18 years and over,NA
Nutrition & Physical Activity Survey,AHSnpa11bp,EXREGUID,Whether physical activity last week met 150 minutes and 5 sessions recommended guidelines,Risk factor - Physical Activity,All persons aged 18 years and over,NA
Nutrition & Physical Activity Survey,AHSnpa11bp,NDBTHREC,Number of days met physical and screen-based activity recs in 7 days prior to interview (5-17),Physical activity,All persons aged 5-17 years,NA
Nutrition & Physical Activity Survey,AHSnpa11bp,NDSEDAGE,Number of days did screen-based activity no more than 120 mins in 7 days prior to interview (5-17),Physical activity,All persons aged 5-17 years,NA
Nutrition & Physical Activity Survey,AHSnpa11bp,NUMD1HPA,Number of days did physical activity for at least 60 mins in 7 days prior to interview (5-17),Physical activity,All persons aged 5-17 years,NA
Nutrition & Physical Activity Survey,AHSnpa11bp,PHDWCATF,Measured waist circumference - categories (female adults),Physical measurements&Body Mass,All females aged 18 years and over,NA
Nutrition & Physical Activity Survey,AHSnpa11bp,PHDWCATM,Measured waist circumference - categories (male adults),Physical measurements&Body Mass,All males aged 18 years and over,NA
Nutrition & Physical Activity Survey,AHSnpa11bp,PRASDIET,Child Nutrition Response status (CAPI),Interview details,All persons aged 6 to 17 years,NA
Nutrition & Physical Activity Survey,AHSnpa11bp,PROFENG,Proficiency in spoken English,Demographics,All persons aged 2 years and over,NA
Nutrition & Physical Activity Survey,AHSnpa11bp,PROXYAD,Adult interview conducted by proxy,Administrative,All selected persons aged 18 years and over,NA
Nutrition & Physical Activity Survey,AHSnpa11bp,PROXYCH,Proxy status for children,Administrative,All selected persons aged 2–17 years,NA
Nutrition & Physical Activity Survey,AHSnpa11bp,SABDYMS,Self-perceived body mass,Physical measurements&Body Mass,All persons aged 15 years and over,NA
Nutrition & Physical Activity Survey,AHSnpa11bp,SALTACI,Whether salt used in cooking or preparing food is iodised,Risk factor - Nutrition,All persons aged 2 years and over,NA
Nutrition & Physical Activity Survey,AHSnpa11bp,SALTATI,Whether salt added to meal at table is iodised,Risk factor - Nutrition,All persons aged 2 years and over,NA
Nutrition & Physical Activity Survey,AHSnpa11bp,SATWEIG,Satisfaction with current weight,Physical measures & body mass,All persons aged 15 years and over,NA
Nutrition & Physical Activity Survey,AHSnpa11bp,SEASON2,Season of interview,Interview details,All persons,NA
Nutrition & Physical Activity Survey,AHSnpa11bp,SEX,Sex of person,Demographics,All persons,NA
Nutrition & Physical Activity Survey,AHSnpa11bp,SF12Q2,Self-assessed health,Health,All persons aged 15 years and over,NA
Nutrition & Physical Activity Survey,AHSnpa11bp,SHIFTQ2,Whether did shift work in the last 4 weeks,Employment,All employed persons aged 15 years and over,NA
Nutrition & Physical Activity Survey,AHSnpa11bp,SLPTIME,Sleep duration in minutes on day prior to interview,Physical activity,All persons aged 5 years and over,NA
Nutrition & Physical Activity Survey,AHSnpa11bp,SMKDAILY,Daily smoker status,Risk factors,All persons aged 15 years and over,NA
Nutrition & Physical Activity Survey,AHSnpa11bp,SMKSTAT,Smoker status,Risk factors,All persons aged 15 years and over,NA
Nutrition & Physical Activity Survey,AHSnpa11bp,SMOKEQ1,Whether currently smokes,Risk factors - Smoking,All persons aged 15 years and over,NA
Nutrition & Physical Activity Survey,AHSnpa11bp,STDYFTPT,Whether currently studying full-time or part-time,Education,All persons aged 15 years and over,NA
Nutrition & Physical Activity Survey,AHSnpa11bp,SYSTOL,Systolic blood pressure (mmHg),Physical measurements&Body Mass,All persons aged 5 years and over,NA
Nutrition & Physical Activity Survey,AHSnpa11bp,TAPWTR,Source of tap water,Risk factors - Nutrition,All persons,NA
Nutrition & Physical Activity Survey,AHSnpa11bp,TOTWKMIN,Total minutes at work in last week,Physical activity,All employed persons aged 18 years and over,NA
Nutrition & Physical Activity Survey,AHSnpa11bp,TYPDIETA,Type of diet currently on,Risk factors - Nutrition,NA,NA
Nutrition & Physical Activity Survey,AHSnpa11bp,TYPDIETB,Type of diet currently on,Risk factors - Nutrition,NA,NA
Nutrition & Physical Activity Survey,AHSnpa11bp,TYPDIETC,Type of diet currently on,Risk factors - Nutrition,NA,NA
Nutrition & Physical Activity Survey,AHSnpa11bp,TYPDIETD,Type of diet currently on,Risk factors - Nutrition,NA,NA
Nutrition & Physical Activity Survey,AHSnpa11bp,TYPDIETE,Type of diet currently on,Risk factors - Nutrition,NA,NA
Nutrition & Physical Activity Survey,AHSnpa11bp,TYPDIETF,Type of diet currently on,Risk factors - Nutrition,NA,NA
Nutrition & Physical Activity Survey,AHSnpa11bp,TYPDIETG,Type of diet currently on,Risk factors - Nutrition,NA,NA
Nutrition & Physical Activity Survey,AHSnpa11bp,TYPDIETH,Type of diet currently on,Risk factors - Nutrition,NA,NA
Nutrition & Physical Activity Survey,AHSnpa11bp,TYPDIETI,Type of diet currently on,Risk factors - Nutrition,NA,NA
Nutrition & Physical Activity Survey,AHSnpa11bp,TYPDIETJ,Type of diet currently on,Risk factors - Nutrition,NA,NA
Nutrition & Physical Activity Survey,AHSnpa11bp,TYPDIETK,Type of diet currently on,Risk factors - Nutrition,NA,NA
Nutrition & Physical Activity Survey,AHSnpa11bp,TYPDIETL,Type of diet currently on,Risk factors - Nutrition,NA,NA
Nutrition & Physical Activity Survey,AHSnpa11bp,TYPDIETM,Type of diet currently on,Risk factors - Nutrition,NA,NA
Nutrition & Physical Activity Survey,AHSnpa11bp,TYPNIGHT,Whether typical nights sleep on day prior to interview,Physical activity,All persons aged 5 years and over,NA
Nutrition & Physical Activity Survey,AHSnpa11bp,USHRWK,Hours usually worked each week (all jobs - categorical),Employment,All employed persons aged 15 years and over,NA
Nutrition & Physical Activity Survey,AHSnpa11bp,WKSATMIN,Total minutes spent sitting at work in last week,Physical activity,All employed persons aged 18 years and over who worked in the last week,NA
Nutrition & Physical Activity Survey,AHSnpa11bp,NUMRECAL,Number of 24hr recall days,Risk factors - Nutrition,All persons,NA
Nutrition & Physical Activity Survey,AHSnpa11bp,COUNTFD1,Number of foods Day1,Risk factors - Nutrition,All persons,NA
Nutrition & Physical Activity Survey,AHSnpa11bp,COUNTFD2,Number of foods Day2,Risk factors - Nutrition,All persons who completed second (CATI) nutrition interview,NA
Nutrition & Physical Activity Survey,AHSnpa11bp,ENERGYF1,Energy with dietary fibre (food) Day 1 kJ,Risk factors - Nutrition,All persons,NA
Nutrition & Physical Activity Survey,AHSnpa11bp,ENERGYF2,Energy with dietary fibre (food) Day 2 kJ,Risk factors - Nutrition,All persons who completed second (CATI) nutrition interview,NA
Nutrition & Physical Activity Survey,AHSnpa11bp,ENRGYF1,Energy without dietary fibre (food) Day 1 kJ,Risk factors - Nutrition,All persons,NA
Nutrition & Physical Activity Survey,AHSnpa11bp,ENRGYF2,Energy without dietary fibre (food) Day 2 kJ,Risk factors - Nutrition,All persons who completed second (CATI) nutrition interview,NA
Nutrition & Physical Activity Survey,AHSnpa11bp,MOISTF1,Moisture (food) Day 1 g,Risk factors - Nutrition,All persons,NA
Nutrition & Physical Activity Survey,AHSnpa11bp,MOISTF2,Moisture (food) Day 2 g,Risk factors - Nutrition,All persons who completed second (CATI) nutrition interview,NA
Nutrition & Physical Activity Survey,AHSnpa11bp,PROTF1,Protein (food) Day 1 g,Risk factors - Nutrition,All persons,NA
Nutrition & Physical Activity Survey,AHSnpa11bp,PROTF2,Protein (food) Day 2 g,Risk factors - Nutrition,All persons who completed second (CATI) nutrition interview,NA
Nutrition & Physical Activity Survey,AHSnpa11bp,FATF1,Total fat (food) Day 1 g,Risk factors - Nutrition,All persons,NA
Nutrition & Physical Activity Survey,AHSnpa11bp,FATF2,Total fat (food) Day 2 g,Risk factors - Nutrition,All persons who completed second (CATI) nutrition interview,NA
Nutrition & Physical Activity Survey,AHSnpa11bp,CHOWSAF1,Carbohydrate with Sugar Alcohols (food) Day 1 g,Risk factors - Nutrition,All persons,NA
Nutrition & Physical Activity Survey,AHSnpa11bp,CHOWSAF2,Carbohydrate with Sugar Alcohols (food) Day 2 g,Risk factors - Nutrition,All persons who completed second (CATI) nutrition interview,NA
Nutrition & Physical Activity Survey,AHSnpa11bp,CHOWOAF1,Carbohydrate without Sugar Alcohols (food) Day 1 g,Risk factors - Nutrition,All persons,NA
Nutrition & Physical Activity Survey,AHSnpa11bp,CHOWOAF2,Carbohydrate without Sugar Alcohols (food) Day 2 g,Risk factors - Nutrition,All persons who completed second (CATI) nutrition interview,NA
Nutrition & Physical Activity Survey,AHSnpa11bp,STARCHF1,Starch (food) Day 1 g,Risk factors - Nutrition,All persons,NA
Nutrition & Physical Activity Survey,AHSnpa11bp,STARCHF2,Starch (food) Day 2 g,Risk factors - Nutrition,All persons who completed second (CATI) nutrition interview,NA
Nutrition & Physical Activity Survey,AHSnpa11bp,SUGARF1,Sugars (food) Day 1 g,Risk factors - Nutrition,All persons,NA
Nutrition & Physical Activity Survey,AHSnpa11bp,SUGARF2,Sugars (food) Day 2 g,Risk factors - Nutrition,All persons who completed second (CATI) nutrition interview,NA
Nutrition & Physical Activity Survey,AHSnpa11bp,FIBREF1,Dietary fibre (food) Day 1 g,Risk factors - Nutrition,All persons,NA
Nutrition & Physical Activity Survey,AHSnpa11bp,FIBREF2,Dietary fibre (food) Day 2 g,Risk factors - Nutrition,All persons who completed second (CATI) nutrition interview,NA
Nutrition & Physical Activity Survey,AHSnpa11bp,ALCF1,Alcohol (food) Day 1 g,Risk factors - Nutrition,All persons,NA
Nutrition & Physical Activity Survey,AHSnpa11bp,ALCF2,Alcohol (food) Day 2 g,Risk factors - Nutrition,All persons who completed second (CATI) nutrition interview,NA
Nutrition & Physical Activity Survey,AHSnpa11bp,PREVAF1,Preformed Vitamin A (food) Day 1 ¬µg,Risk factors - Nutrition,All persons,NA
Nutrition & Physical Activity Survey,AHSnpa11bp,PREVAF2,Preformed Vitamin A (food) Day 2 ¬µg,Risk factors - Nutrition,All persons who completed second (CATI) nutrition interview,NA
Nutrition & Physical Activity Survey,AHSnpa11bp,PROVAF1,Provitamin A (food) Day 1 ¬µg,Risk factors - Nutrition,All persons,NA
Nutrition & Physical Activity Survey,AHSnpa11bp,PROVAF2,Provitamin A (food) Day 2 ¬µg,Risk factors - Nutrition,All persons who completed second (CATI) nutrition interview,NA
Nutrition & Physical Activity Survey,AHSnpa11bp,RETEQF1,Retinol Equivalents (food) Day 1 ¬µg,Risk factors - Nutrition,All persons,NA
Nutrition & Physical Activity Survey,AHSnpa11bp,RETEQF2,Retinol Equivalents (food) Day 2 ¬µg,Risk factors - Nutrition,All persons who completed second (CATI) nutrition interview,NA
Nutrition & Physical Activity Survey,AHSnpa11bp,B1F1,Thiamin (B1) (food) Day 1 mg,Risk factors - Nutrition,All persons,NA
Nutrition & Physical Activity Survey,AHSnpa11bp,B1F2,Thiamin (B1) (food) Day 2 mg,Risk factors - Nutrition,All persons who completed second (CATI) nutrition interview,NA
Nutrition & Physical Activity Survey,AHSnpa11bp,B2F1,Riboflavin (B2) (food) Day 1 mg,Risk factors - Nutrition,All persons,NA
Nutrition & Physical Activity Survey,AHSnpa11bp,B2F2,Riboflavin (B2) (food) Day 2 mg,Risk factors - Nutrition,All persons who completed second (CATI) nutrition interview,NA
Nutrition & Physical Activity Survey,AHSnpa11bp,B3F1,Niacin (B3) (food) Day 1 mg,Risk factors - Nutrition,All persons,NA
Nutrition & Physical Activity Survey,AHSnpa11bp,B3F2,Niacin (B3) (food) Day 2 mg,Risk factors - Nutrition,All persons who completed second (CATI) nutrition interview,NA
Nutrition & Physical Activity Survey,AHSnpa11bp,NIACINF1,Niacin Equivalents (food) Day 1 mg,Risk factors - Nutrition,All persons,NA
Nutrition & Physical Activity Survey,AHSnpa11bp,NIACINF2,Niacin Equivalents (food) Day 2 mg,Risk factors - Nutrition,All persons who completed second (CATI) nutrition interview,NA
Nutrition & Physical Activity Survey,AHSnpa11bp,FOLATF1,Folate natural (food) Day 1 ¬µg,Risk factors - Nutrition,All persons,NA
Nutrition & Physical Activity Survey,AHSnpa11bp,FOLATF2,Folate natural (food) Day 2 ¬µg,Risk factors - Nutrition,All persons who completed second (CATI) nutrition interview,NA
Nutrition & Physical Activity Survey,AHSnpa11bp,FOLICF1,Folic Acid (food) Day 1 ¬µg,Risk factors - Nutrition,All persons,NA
Nutrition & Physical Activity Survey,AHSnpa11bp,FOLICF2,Folic Acid (food) Day 2 ¬µg,Risk factors - Nutrition,All persons who completed second (CATI) nutrition interview,NA
Nutrition & Physical Activity Survey,AHSnpa11bp,TOTFOLF1,Total folates (food) Day 1 ¬µg,Risk factors - Nutrition,All persons,NA
Nutrition & Physical Activity Survey,AHSnpa11bp,TOTFOLF2,Total folates (food) Day 2 ¬µg,Risk factors - Nutrition,All persons who completed second (CATI) nutrition interview,NA
Nutrition & Physical Activity Survey,AHSnpa11bp,FOLEQF1,Dietary folate equivalents (food) Day 1 ¬µg,Risk factors - Nutrition,All persons,NA
Nutrition & Physical Activity Survey,AHSnpa11bp,FOLEQF2,Dietary folate equivalents (food) Day 2 ¬µg,Risk factors - Nutrition,All persons who completed second (CATI) nutrition interview,NA
Nutrition & Physical Activity Survey,AHSnpa11bp,B6F1,B6 (food) Day 1 mg,Risk factors - Nutrition,All persons,NA
Nutrition & Physical Activity Survey,AHSnpa11bp,B6F2,B6 (food) Day 2 mg,Risk factors - Nutrition,All persons who completed second (CATI) nutrition interview,NA
Nutrition & Physical Activity Survey,AHSnpa11bp,B12F1,B12 (food) Day 1 ¬µg,Risk factors - Nutrition,All persons,NA
Nutrition & Physical Activity Survey,AHSnpa11bp,B12F2,B12 (food) Day 2 ¬µg,Risk factors - Nutrition,All persons who completed second (CATI) nutrition interview,NA
Nutrition & Physical Activity Survey,AHSnpa11bp,VITCF1,Vitamin C (food) Day 1 mg,Risk factors - Nutrition,All persons,NA
Nutrition & Physical Activity Survey,AHSnpa11bp,VITCF2,Vitamin C (food) Day 2 mg,Risk factors - Nutrition,All persons who completed second (CATI) nutrition interview,NA
Nutrition & Physical Activity Survey,AHSnpa11bp,VITEF1,Vitamin E (food) Day 1 mg,Risk factors - Nutrition,All persons,NA
Nutrition & Physical Activity Survey,AHSnpa11bp,VITEF2,Vitamin E (food) Day 2 mg,Risk factors - Nutrition,All persons who completed second (CATI) nutrition interview,NA
Nutrition & Physical Activity Survey,AHSnpa11bp,CALCF1,Calcium (food) Day 1 mg,Risk factors - Nutrition,All persons,NA
Nutrition & Physical Activity Survey,AHSnpa11bp,CALCF2,Calcium (food) Day 2 mg,Risk factors - Nutrition,All persons who completed second (CATI) nutrition interview,NA
Nutrition & Physical Activity Survey,AHSnpa11bp,IODINEF1,Iodine (food) Day 1 ¬µg,Risk factors - Nutrition,All persons,NA
Nutrition & Physical Activity Survey,AHSnpa11bp,IODINEF2,Iodine (food) Day 2 ¬µg,Risk factors - Nutrition,All persons who completed second (CATI) nutrition interview,NA
Nutrition & Physical Activity Survey,AHSnpa11bp,IRONF1,Iron (food) Day 1 mg,Risk factors - Nutrition,All persons,NA
Nutrition & Physical Activity Survey,AHSnpa11bp,IRONF2,Iron (food) Day 2 mg,Risk factors - Nutrition,All persons who completed second (CATI) nutrition interview,NA
Nutrition & Physical Activity Survey,AHSnpa11bp,MAGF1,Magnesium (food) Day 1 mg,Risk factors - Nutrition,All persons,NA
Nutrition & Physical Activity Survey,AHSnpa11bp,MAGF2,Magnesium (food) Day 2 mg,Risk factors - Nutrition,All persons who completed second (CATI) nutrition interview,NA
Nutrition & Physical Activity Survey,AHSnpa11bp,PHOSF1,Phosphorus (food) Day 1 mg,Risk factors - Nutrition,All persons,NA
Nutrition & Physical Activity Survey,AHSnpa11bp,PHOSF2,Phosphorus (food) Day 2 mg,Risk factors - Nutrition,All persons who completed second (CATI) nutrition interview,NA
Nutrition & Physical Activity Survey,AHSnpa11bp,POTASF1,Potassium (food) Day 1 mg,Risk factors - Nutrition,All persons,NA
Nutrition & Physical Activity Survey,AHSnpa11bp,POTASF2,Potassium (food) Day 2 mg,Risk factors - Nutrition,All persons who completed second (CATI) nutrition interview,NA
Nutrition & Physical Activity Survey,AHSnpa11bp,SELF1,Selenium (food) Day 1 ¬µg,Risk factors - Nutrition,All persons,NA
Nutrition & Physical Activity Survey,AHSnpa11bp,SELF2,Selenium (food) Day 2 ¬µg,Risk factors - Nutrition,All persons who completed second (CATI) nutrition interview,NA
Nutrition & Physical Activity Survey,AHSnpa11bp,SODIUMF1,Sodium (food) Day 1 mg,Risk factors - Nutrition,All persons,NA
Nutrition & Physical Activity Survey,AHSnpa11bp,SODIUMF2,Sodium (food) Day 2 mg,Risk factors - Nutrition,All persons who completed second (CATI) nutrition interview,NA
Nutrition & Physical Activity Survey,AHSnpa11bp,ZINCF1,Zinc (food) Day 1 mg,Risk factors - Nutrition,All persons,NA
Nutrition & Physical Activity Survey,AHSnpa11bp,ZINCF2,Zinc (food) Day 2 mg,Risk factors - Nutrition,All persons who completed second (CATI) nutrition interview,NA
Nutrition & Physical Activity Survey,AHSnpa11bp,CAFFF1,Caffeine (food) Day 1 mg,Risk factors - Nutrition,All persons,NA
Nutrition & Physical Activity Survey,AHSnpa11bp,CAFFF2,Caffeine (food) Day 2 mg,Risk factors - Nutrition,All persons who completed second (CATI) nutrition interview,NA
Nutrition & Physical Activity Survey,AHSnpa11bp,CHOLF1,Cholesterol (food) Day 1 mg,Risk factors - Nutrition,All persons,NA
Nutrition & Physical Activity Survey,AHSnpa11bp,CHOLF2,Cholesterol (food) Day 2 mg,Risk factors - Nutrition,All persons who completed second (CATI) nutrition interview,NA
Nutrition & Physical Activity Survey,AHSnpa11bp,SATFATF1,Saturated Fat (food) Day 1 g,Risk factors - Nutrition,All persons,NA
Nutrition & Physical Activity Survey,AHSnpa11bp,SATFATF2,Saturated Fat (food) Day 2 g,Risk factors - Nutrition,All persons who completed second (CATI) nutrition interview,NA
Nutrition & Physical Activity Survey,AHSnpa11bp,MUFATF1,Monounsaturated Fat (food) Day 1 g,Risk factors - Nutrition,All persons,NA
Nutrition & Physical Activity Survey,AHSnpa11bp,MUFATF2,Monounsaturated Fat (food) Day 2 g,Risk factors - Nutrition,All persons who completed second (CATI) nutrition interview,NA
Nutrition & Physical Activity Survey,AHSnpa11bp,PUFATF1,Polyunsaturated Fat (food) Day 1 g,Risk factors - Nutrition,All persons,NA
Nutrition & Physical Activity Survey,AHSnpa11bp,PUFATF2,Polyunsaturated Fat (food) Day 2 g,Risk factors - Nutrition,All persons who completed second (CATI) nutrition interview,NA
Nutrition & Physical Activity Survey,AHSnpa11bp,LAF1,Linoleic Acid (food) Day 1 g,Risk factors - Nutrition,All persons,NA
Nutrition & Physical Activity Survey,AHSnpa11bp,LAF2,Linoleic Acid (food) Day 2 g,Risk factors - Nutrition,All persons who completed second (CATI) nutrition interview,NA
Nutrition & Physical Activity Survey,AHSnpa11bp,ALAF1,Alpha-linolenic Acid (food) Day 1 g,Risk factors - Nutrition,All persons,NA
Nutrition & Physical Activity Survey,AHSnpa11bp,ALAF2,Alpha-linolenic Acid (food) Day 2 g,Risk factors - Nutrition,All persons who completed second (CATI) nutrition interview,NA
Nutrition & Physical Activity Survey,AHSnpa11bp,LCN3F1,Omega 3 (food) Day 1 mg,Risk factors - Nutrition,All persons,NA
Nutrition & Physical Activity Survey,AHSnpa11bp,LCN3F2,Omega 3 (food) Day 2 mg,Risk factors - Nutrition,All persons who completed second (CATI) nutrition interview,NA
Nutrition & Physical Activity Survey,AHSnpa11bp,TRANSF1,Trans Fatty Acids (food) Day 1 mg,Risk factors - Nutrition,All persons,NA
Nutrition & Physical Activity Survey,AHSnpa11bp,TRANSF2,Trans Fatty Acids (food) Day 2 mg,Risk factors - Nutrition,All persons who completed second (CATI) nutrition interview,NA
Nutrition & Physical Activity Survey,AHSnpa11bp,COUNTSD1,Number of supplements Day1,Risk factors - Nutrition,All persons,NA
Nutrition & Physical Activity Survey,AHSnpa11bp,COUNTSD2,Number of supplements Day2,Risk factors - Nutrition,All persons who completed second (CATI) nutrition interview,NA
Nutrition & Physical Activity Survey,AHSnpa11bp,PROTS1,Protein (supplement) Day 1 g,Risk factors - Nutrition,All persons,NA
Nutrition & Physical Activity Survey,AHSnpa11bp,PROTS2,Protein (supplement) Day 2 g,Risk factors - Nutrition,All persons who completed second (CATI) nutrition interview,NA
Nutrition & Physical Activity Survey,AHSnpa11bp,FATS1,Total fat (supplement) Day 1 g,Risk factors - Nutrition,All persons,NA
Nutrition & Physical Activity Survey,AHSnpa11bp,FATS2,Total fat (supplement) Day 2 g,Risk factors - Nutrition,All persons who completed second (CATI) nutrition interview,NA
Nutrition & Physical Activity Survey,AHSnpa11bp,FIBRES1,Dietary fibre (supplement) Day 1 g,Risk factors - Nutrition,All persons,NA
Nutrition & Physical Activity Survey,AHSnpa11bp,FIBRES2,Dietary fibre (supplement) Day 2 g,Risk factors - Nutrition,All persons who completed second (CATI) nutrition interview,NA
Nutrition & Physical Activity Survey,AHSnpa11bp,PREVAS1,Preformed Vitamin A (supplement) Day 1 ¬µg,Risk factors - Nutrition,All persons,NA
Nutrition & Physical Activity Survey,AHSnpa11bp,PREVAS2,Preformed Vitamin A (supplement) Day 2 ¬µg,Risk factors - Nutrition,All persons who completed second (CATI) nutrition interview,NA
Nutrition & Physical Activity Survey,AHSnpa11bp,PROVAS1,Provitamin A (supplement) Day 1 ¬µg,Risk factors - Nutrition,All persons,NA
Nutrition & Physical Activity Survey,AHSnpa11bp,PROVAS2,Provitamin A (supplement) Day 2 ¬µg,Risk factors - Nutrition,All persons who completed second (CATI) nutrition interview,NA
Nutrition & Physical Activity Survey,AHSnpa11bp,RETEQS1,Retinol Equivalents (supplement) Day 1 ¬µg,Risk factors - Nutrition,All persons,NA
Nutrition & Physical Activity Survey,AHSnpa11bp,RETEQS2,Retinol Equivalents (supplement) Day 2 ¬µg,Risk factors - Nutrition,All persons who completed second (CATI) nutrition interview,NA
Nutrition & Physical Activity Survey,AHSnpa11bp,B1S1,Thiamin (B1) (supplement) Day 1 mg,Risk factors - Nutrition,All persons,NA
Nutrition & Physical Activity Survey,AHSnpa11bp,B1S2,Thiamin (B1) (supplement) Day 2 mg,Risk factors - Nutrition,All persons who completed second (CATI) nutrition interview,NA
Nutrition & Physical Activity Survey,AHSnpa11bp,B2S1,Riboflavin (B2) (supplement) Day 1 mg,Risk factors - Nutrition,All persons,NA
Nutrition & Physical Activity Survey,AHSnpa11bp,B2S2,Riboflavin (B2) (supplement) Day 2 mg,Risk factors - Nutrition,All persons who completed second (CATI) nutrition interview,NA
Nutrition & Physical Activity Survey,AHSnpa11bp,B3S1,Niacin (B3) (supplement) Day 1 mg,Risk factors - Nutrition,All persons,NA
Nutrition & Physical Activity Survey,AHSnpa11bp,B3S2,Niacin (B3) (supplement) Day 2 mg,Risk factors - Nutrition,All persons who completed second (CATI) nutrition interview,NA
Nutrition & Physical Activity Survey,AHSnpa11bp,NIACINS1,Niacin Equivalents (supplement) Day 1 mg,Risk factors - Nutrition,All persons,NA
Nutrition & Physical Activity Survey,AHSnpa11bp,NIACINS2,Niacin Equivalents (supplement) Day 2 mg,Risk factors - Nutrition,All persons who completed second (CATI) nutrition interview,NA
Nutrition & Physical Activity Survey,AHSnpa11bp,FOLICS1,Folic Acid (supplement) Day 1 ¬µg,Risk factors - Nutrition,All persons,NA
Nutrition & Physical Activity Survey,AHSnpa11bp,FOLICS2,Folic Acid (supplement) Day 2 ¬µg,Risk factors - Nutrition,All persons who completed second (CATI) nutrition interview,NA
Nutrition & Physical Activity Survey,AHSnpa11bp,FOLEQS1,Dietary folate equivalents (supplement) Day 1 ¬µg,Risk factors - Nutrition,All persons,NA
Nutrition & Physical Activity Survey,AHSnpa11bp,FOLEQS2,Dietary folate equivalents (supplement) Day 2 ¬µg,Risk factors - Nutrition,All persons who completed second (CATI) nutrition interview,NA
Nutrition & Physical Activity Survey,AHSnpa11bp,B6S1,B6 (supplement) Day 1 mg,Risk factors - Nutrition,All persons,NA
Nutrition & Physical Activity Survey,AHSnpa11bp,B6S2,B6 (supplement) Day 2 mg,Risk factors - Nutrition,All persons who completed second (CATI) nutrition interview,NA
Nutrition & Physical Activity Survey,AHSnpa11bp,B12S1,B12 (supplement) Day 1 ¬µg,Risk factors - Nutrition,All persons,NA
Nutrition & Physical Activity Survey,AHSnpa11bp,B12S2,B12 (supplement) Day 2 ¬µg,Risk factors - Nutrition,All persons who completed second (CATI) nutrition interview,NA
Nutrition & Physical Activity Survey,AHSnpa11bp,VITCS1,Vitamin C (supplement) Day 1 mg,Risk factors - Nutrition,All persons,NA
Nutrition & Physical Activity Survey,AHSnpa11bp,VITCS2,Vitamin C (supplement) Day 2 mg,Risk factors - Nutrition,All persons who completed second (CATI) nutrition interview,NA
Nutrition & Physical Activity Survey,AHSnpa11bp,VITES1,Vitamin E (supplement) Day 1 mg,Risk factors - Nutrition,All persons,NA
Nutrition & Physical Activity Survey,AHSnpa11bp,VITES2,Vitamin E (supplement) Day 2 mg,Risk factors - Nutrition,All persons who completed second (CATI) nutrition interview,NA
Nutrition & Physical Activity Survey,AHSnpa11bp,CALCS1,Calcium (supplement) Day 1 mg,Risk factors - Nutrition,All persons,NA
Nutrition & Physical Activity Survey,AHSnpa11bp,CALCS2,Calcium (supplement) Day 2 mg,Risk factors - Nutrition,All persons who completed second (CATI) nutrition interview,NA
Nutrition & Physical Activity Survey,AHSnpa11bp,IODINES1,Iodine (supplement) Day 1 ¬µg,Risk factors - Nutrition,All persons,NA
Nutrition & Physical Activity Survey,AHSnpa11bp,IODINES2,Iodine (supplement) Day 2 ¬µg,Risk factors - Nutrition,All persons who completed second (CATI) nutrition interview,NA
Nutrition & Physical Activity Survey,AHSnpa11bp,IRONS1,Iron (supplement) Day 1 mg,Risk factors - Nutrition,All persons,NA
Nutrition & Physical Activity Survey,AHSnpa11bp,IRONS2,Iron (supplement) Day 2 mg,Risk factors - Nutrition,All persons who completed second (CATI) nutrition interview,NA
Nutrition & Physical Activity Survey,AHSnpa11bp,MAGS1,Magnesium (supplement) Day 1 mg,Risk factors - Nutrition,All persons,NA
Nutrition & Physical Activity Survey,AHSnpa11bp,MAGS2,Magnesium (supplement) Day 2 mg,Risk factors - Nutrition,All persons who completed second (CATI) nutrition interview,NA
Nutrition & Physical Activity Survey,AHSnpa11bp,PHOSS1,Phosphorus (supplement) Day 1 mg,Risk factors - Nutrition,All persons,NA
Nutrition & Physical Activity Survey,AHSnpa11bp,PHOSS2,Phosphorus (supplement) Day 2 mg,Risk factors - Nutrition,All persons who completed second (CATI) nutrition interview,NA
Nutrition & Physical Activity Survey,AHSnpa11bp,POTASS1,Potassium (supplement) Day 1 mg,Risk factors - Nutrition,All persons,NA
Nutrition & Physical Activity Survey,AHSnpa11bp,POTASS2,Potassium (supplement) Day 2 mg,Risk factors - Nutrition,All persons who completed second (CATI) nutrition interview,NA
Nutrition & Physical Activity Survey,AHSnpa11bp,SELS1,Selenium (supplement) Day 1 ¬µg,Risk factors - Nutrition,All persons,NA
Nutrition & Physical Activity Survey,AHSnpa11bp,SELS2,Selenium (supplement) Day 2 ¬µg,Risk factors - Nutrition,All persons who completed second (CATI) nutrition interview,NA
Nutrition & Physical Activity Survey,AHSnpa11bp,SODIUMS1,Sodium (supplement) Day 1 mg,Risk factors - Nutrition,All persons,NA
Nutrition & Physical Activity Survey,AHSnpa11bp,SODIUMS2,Sodium (supplement) Day 2 mg,Risk factors - Nutrition,All persons who completed second (CATI) nutrition interview,NA
Nutrition & Physical Activity Survey,AHSnpa11bp,ZINCS1,Zinc (supplement) Day 1 mg,Risk factors - Nutrition,All persons,NA
Nutrition & Physical Activity Survey,AHSnpa11bp,ZINCS2,Zinc (supplement) Day 2 mg,Risk factors - Nutrition,All persons who completed second (CATI) nutrition interview,NA
Nutrition & Physical Activity Survey,AHSnpa11bp,CAFFS1,Caffeine (supplement) Day 1 mg,Risk factors - Nutrition,All persons,NA
Nutrition & Physical Activity Survey,AHSnpa11bp,CAFFS2,Caffeine (supplement) Day 2 mg,Risk factors - Nutrition,All persons who completed second (CATI) nutrition interview,NA
Nutrition & Physical Activity Survey,AHSnpa11bp,CHOLS1,Cholesterol (supplement) Day 1 mg,Risk factors - Nutrition,All persons,NA
Nutrition & Physical Activity Survey,AHSnpa11bp,CHOLS2,Cholesterol (supplement) Day 2 mg,Risk factors - Nutrition,All persons who completed second (CATI) nutrition interview,NA
Nutrition & Physical Activity Survey,AHSnpa11bp,SATFATS1,Saturated Fat (supplement) Day 1 g,Risk factors - Nutrition,All persons,NA
Nutrition & Physical Activity Survey,AHSnpa11bp,SATFATS2,Saturated Fat (supplement) Day 2 g,Risk factors - Nutrition,All persons who completed second (CATI) nutrition interview,NA
Nutrition & Physical Activity Survey,AHSnpa11bp,MUFATS1,Monounsaturated Fat (supplement) Day 1 g,Risk factors - Nutrition,All persons,NA
Nutrition & Physical Activity Survey,AHSnpa11bp,MUFATS2,Monounsaturated Fat (supplement) Day 2 g,Risk factors - Nutrition,All persons who completed second (CATI) nutrition interview,NA
Nutrition & Physical Activity Survey,AHSnpa11bp,PUFATS1,Polyunsaturated Fat (supplement) Day 1 g,Risk factors - Nutrition,All persons,NA
Nutrition & Physical Activity Survey,AHSnpa11bp,PUFATS2,Polyunsaturated Fat (supplement) Day 2 g,Risk factors - Nutrition,All persons who completed second (CATI) nutrition interview,NA
Nutrition & Physical Activity Survey,AHSnpa11bp,LAS1,Linoleic Acid (supplement) Day 1 g,Risk factors - Nutrition,All persons,NA
Nutrition & Physical Activity Survey,AHSnpa11bp,LAS2,Linoleic Acid (supplement) Day 2 g,Risk factors - Nutrition,All persons who completed second (CATI) nutrition interview,NA
Nutrition & Physical Activity Survey,AHSnpa11bp,ALAS1,Alpha-linolenic Acid (supplement) Day 1 g,Risk factors - Nutrition,All persons,NA
Nutrition & Physical Activity Survey,AHSnpa11bp,ALAS2,Alpha-linolenic Acid (supplement) Day 2 g,Risk factors - Nutrition,All persons who completed second (CATI) nutrition interview,NA
Nutrition & Physical Activity Survey,AHSnpa11bp,LCN3S1,Omega 3 (supplement) Day 1 mg,Risk factors - Nutrition,All persons,NA
Nutrition & Physical Activity Survey,AHSnpa11bp,LCN3S2,Omega 3 (supplement) Day 2 mg,Risk factors - Nutrition,All persons who completed second (CATI) nutrition interview,NA
Nutrition & Physical Activity Survey,AHSnpa11bp,TRANSS1,Trans Fatty Acids (supplement) Day 1 mg,Risk factors - Nutrition,All persons,NA
Nutrition & Physical Activity Survey,AHSnpa11bp,TRANSS2,Trans Fatty Acids (supplement) Day 2 mg,Risk factors - Nutrition,All persons who completed second (CATI) nutrition interview,NA
Nutrition & Physical Activity Survey,AHSnpa11bp,ATEMLSCT,"Whether the amount eaten yesterday was more, less or about the same as usual (CATI)",Risk factors - Nutrition,All persons,NA
Nutrition & Physical Activity Survey,AHSnpa11bp,FLIMPNUT,Flag for imputed food records,Risk factors - Nutrition,All persons,NA
Nutrition & Physical Activity Survey,AHSnpa11bp,ABSHID,Household identifier,Administrative items,All levels,NA
Nutrition & Physical Activity Survey,AHSnpa11bp,ABSPID,Selected person identifier,Administrative,NA,NA
Nutrition & Physical Activity Survey,AHSnpa11bp,LEVELP,Record level identifier for Persons,Administrative items,Person,NA
Nutrition & Physical Activity Survey,AHSnpa11bp,DAY1,Day of month for recall Day1,Interview details,All persons,NA
Nutrition & Physical Activity Survey,AHSnpa11bp,DAY2,Day of month for recall Day2,Interview details,All persons who completed second (CATI) interview,NA
Nutrition & Physical Activity Survey,AHSnpa11bp,MONTH1,Month of recall Day1,Interview details,All persons,NA
Nutrition & Physical Activity Survey,AHSnpa11bp,MONTH2,Month of recall Day2,Interview details,All persons who completed second (CATI) interview,NA
Nutrition & Physical Activity Survey,AHSnpa11bp,YEAR1,Year of recall Day1,Interview details,All persons,NA
Nutrition & Physical Activity Survey,AHSnpa11bp,YEAR2,Year of recall Day2,Interview details,All persons who completed second (CATI) interview,NA
Nutrition & Physical Activity Survey,AHSnpa11bp,W2M0101,Replicate weights day 2 person level - curf (01),NA,NA,NA
Nutrition & Physical Activity Survey,AHSnpa11bp,W2M0102,Replicate weights day 2 person level - curf (02),NA,NA,NA
Nutrition & Physical Activity Survey,AHSnpa11bp,W2M0103,Replicate weights day 2 person level - curf (03),NA,NA,NA
Nutrition & Physical Activity Survey,AHSnpa11bp,W2M0104,Replicate weights day 2 person level - curf (04),NA,NA,NA
Nutrition & Physical Activity Survey,AHSnpa11bp,W2M0105,Replicate weights day 2 person level - curf (05),NA,NA,NA
Nutrition & Physical Activity Survey,AHSnpa11bp,W2M0106,Replicate weights day 2 person level - curf (06),NA,NA,NA
Nutrition & Physical Activity Survey,AHSnpa11bp,W2M0107,Replicate weights day 2 person level - curf (07),NA,NA,NA
Nutrition & Physical Activity Survey,AHSnpa11bp,W2M0108,Replicate weights day 2 person level - curf (08),NA,NA,NA
Nutrition & Physical Activity Survey,AHSnpa11bp,W2M0109,Replicate weights day 2 person level - curf (09),NA,NA,NA
Nutrition & Physical Activity Survey,AHSnpa11bp,W2M0110,Replicate weights day 2 person level - curf (10),NA,NA,NA
Nutrition & Physical Activity Survey,AHSnpa11bp,W2M0111,Replicate weights day 2 person level - curf (11),NA,NA,NA
Nutrition & Physical Activity Survey,AHSnpa11bp,W2M0112,Replicate weights day 2 person level - curf (12),NA,NA,NA
Nutrition & Physical Activity Survey,AHSnpa11bp,W2M0113,Replicate weights day 2 person level - curf (13),NA,NA,NA
Nutrition & Physical Activity Survey,AHSnpa11bp,W2M0114,Replicate weights day 2 person level - curf (14),NA,NA,NA
Nutrition & Physical Activity Survey,AHSnpa11bp,W2M0115,Replicate weights day 2 person level - curf (15),NA,NA,NA
Nutrition & Physical Activity Survey,AHSnpa11bp,W2M0116,Replicate weights day 2 person level - curf (16),NA,NA,NA
Nutrition & Physical Activity Survey,AHSnpa11bp,W2M0117,Replicate weights day 2 person level - curf (17),NA,NA,NA
Nutrition & Physical Activity Survey,AHSnpa11bp,W2M0118,Replicate weights day 2 person level - curf (18),NA,NA,NA
Nutrition & Physical Activity Survey,AHSnpa11bp,W2M0119,Replicate weights day 2 person level - curf (19),NA,NA,NA
Nutrition & Physical Activity Survey,AHSnpa11bp,W2M0120,Replicate weights day 2 person level - curf (20),NA,NA,NA
Nutrition & Physical Activity Survey,AHSnpa11bp,W2M0121,Replicate weights day 2 person level - curf (21),NA,NA,NA
Nutrition & Physical Activity Survey,AHSnpa11bp,W2M0122,Replicate weights day 2 person level - curf (22),NA,NA,NA
Nutrition & Physical Activity Survey,AHSnpa11bp,W2M0123,Replicate weights day 2 person level - curf (23),NA,NA,NA
Nutrition & Physical Activity Survey,AHSnpa11bp,W2M0124,Replicate weights day 2 person level - curf (24),NA,NA,NA
Nutrition & Physical Activity Survey,AHSnpa11bp,W2M0125,Replicate weights day 2 person level - curf (25),NA,NA,NA
Nutrition & Physical Activity Survey,AHSnpa11bp,W2M0126,Replicate weights day 2 person level - curf (26),NA,NA,NA
Nutrition & Physical Activity Survey,AHSnpa11bp,W2M0127,Replicate weights day 2 person level - curf (27),NA,NA,NA
Nutrition & Physical Activity Survey,AHSnpa11bp,W2M0128,Replicate weights day 2 person level - curf (28),NA,NA,NA
Nutrition & Physical Activity Survey,AHSnpa11bp,W2M0129,Replicate weights day 2 person level - curf (29),NA,NA,NA
Nutrition & Physical Activity Survey,AHSnpa11bp,W2M0130,Replicate weights day 2 person level - curf (30),NA,NA,NA
Nutrition & Physical Activity Survey,AHSnpa11bp,W2M0131,Replicate weights day 2 person level - curf (31),NA,NA,NA
Nutrition & Physical Activity Survey,AHSnpa11bp,W2M0132,Replicate weights day 2 person level - curf (32),NA,NA,NA
Nutrition & Physical Activity Survey,AHSnpa11bp,W2M0133,Replicate weights day 2 person level - curf (33),NA,NA,NA
Nutrition & Physical Activity Survey,AHSnpa11bp,W2M0134,Replicate weights day 2 person level - curf (34),NA,NA,NA
Nutrition & Physical Activity Survey,AHSnpa11bp,W2M0135,Replicate weights day 2 person level - curf (35),NA,NA,NA
Nutrition & Physical Activity Survey,AHSnpa11bp,W2M0136,Replicate weights day 2 person level - curf (36),NA,NA,NA
Nutrition & Physical Activity Survey,AHSnpa11bp,W2M0137,Replicate weights day 2 person level - curf (37),NA,NA,NA
Nutrition & Physical Activity Survey,AHSnpa11bp,W2M0138,Replicate weights day 2 person level - curf (38),NA,NA,NA
Nutrition & Physical Activity Survey,AHSnpa11bp,W2M0139,Replicate weights day 2 person level - curf (39),NA,NA,NA
Nutrition & Physical Activity Survey,AHSnpa11bp,W2M0140,Replicate weights day 2 person level - curf (40),NA,NA,NA
Nutrition & Physical Activity Survey,AHSnpa11bp,W2M0141,Replicate weights day 2 person level - curf (41),NA,NA,NA
Nutrition & Physical Activity Survey,AHSnpa11bp,W2M0142,Replicate weights day 2 person level - curf (42),NA,NA,NA
Nutrition & Physical Activity Survey,AHSnpa11bp,W2M0143,Replicate weights day 2 person level - curf (43),NA,NA,NA
Nutrition & Physical Activity Survey,AHSnpa11bp,W2M0144,Replicate weights day 2 person level - curf (44),NA,NA,NA
Nutrition & Physical Activity Survey,AHSnpa11bp,W2M0145,Replicate weights day 2 person level - curf (45),NA,NA,NA
Nutrition & Physical Activity Survey,AHSnpa11bp,W2M0146,Replicate weights day 2 person level - curf (46),NA,NA,NA
Nutrition & Physical Activity Survey,AHSnpa11bp,W2M0147,Replicate weights day 2 person level - curf (47),NA,NA,NA
Nutrition & Physical Activity Survey,AHSnpa11bp,W2M0148,Replicate weights day 2 person level - curf (48),NA,NA,NA
Nutrition & Physical Activity Survey,AHSnpa11bp,W2M0149,Replicate weights day 2 person level - curf (49),NA,NA,NA
Nutrition & Physical Activity Survey,AHSnpa11bp,W2M0150,Replicate weights day 2 person level - curf (50),NA,NA,NA
Nutrition & Physical Activity Survey,AHSnpa11bp,W2M0151,Replicate weights day 2 person level - curf (51),NA,NA,NA
Nutrition & Physical Activity Survey,AHSnpa11bp,W2M0152,Replicate weights day 2 person level - curf (52),NA,NA,NA
Nutrition & Physical Activity Survey,AHSnpa11bp,W2M0153,Replicate weights day 2 person level - curf (53),NA,NA,NA
Nutrition & Physical Activity Survey,AHSnpa11bp,W2M0154,Replicate weights day 2 person level - curf (54),NA,NA,NA
Nutrition & Physical Activity Survey,AHSnpa11bp,W2M0155,Replicate weights day 2 person level - curf (55),NA,NA,NA
Nutrition & Physical Activity Survey,AHSnpa11bp,W2M0156,Replicate weights day 2 person level - curf (56),NA,NA,NA
Nutrition & Physical Activity Survey,AHSnpa11bp,W2M0157,Replicate weights day 2 person level - curf (57),NA,NA,NA
Nutrition & Physical Activity Survey,AHSnpa11bp,W2M0158,Replicate weights day 2 person level - curf (58),NA,NA,NA
Nutrition & Physical Activity Survey,AHSnpa11bp,W2M0159,Replicate weights day 2 person level - curf (59),NA,NA,NA
Nutrition & Physical Activity Survey,AHSnpa11bp,W2M0160,Replicate weights day 2 person level - curf (60),NA,NA,NA
Nutrition & Physical Activity Survey,AHSnpa11bp,NPAD2WGT,Person day 2 weight PAA,Administrative items,Person,X
Nutrition & Physical Activity Survey,AHSnpa11bp,GRAINS1N,"Grains and cereals (day 1, non-discretionary) (serves)",Risk factors - Nutrition,All persons,X
Nutrition & Physical Activity Survey,AHSnpa11bp,WHOLGR1N,"Wholegrain or high fibre cereal/grains (day 1, non-discretionary) (serves)",Risk factors - Nutrition,All persons,X
Nutrition & Physical Activity Survey,AHSnpa11bp,REFGRA1N,"Refined or lower fibre cereals/grains (day 1, non-discretionary) (serves)",Risk factors - Nutrition,All persons,X
Nutrition & Physical Activity Survey,AHSnpa11bp,VEGLEG1N,"Vegetables and legumes/beans (day 1, non-discretionary) (serves)",Risk factors - Nutrition,All persons,X
Nutrition & Physical Activity Survey,AHSnpa11bp,GREENS1N,"Green and brassica vegetables (day 1, non-discretionary) (serves)",Risk factors - Nutrition,All persons,X
Nutrition & Physical Activity Survey,AHSnpa11bp,VGORSV1N,"Orange vegetables (day 1, non-discretionary) (serves)",Risk factors - Nutrition,All persons,X
Nutrition & Physical Activity Survey,AHSnpa11bp,STARCH1N,"Starchy vegetables (day 1, non-discretionary) (serves)",Risk factors - Nutrition,All persons,X
Nutrition & Physical Activity Survey,AHSnpa11bp,LEGVEG1N,"Legumes as a vegetable (day 1, non-discretionary) (serves)",Risk factors - Nutrition,All persons,X
Nutrition & Physical Activity Survey,AHSnpa11bp,OTHVEG1N,"Other vegetables (day 1, non-discretionary) (serves)",Risk factors - Nutrition,All persons,X
Nutrition & Physical Activity Survey,AHSnpa11bp,FRUIT1N,"Fruit (day 1, non-discretionary) (serves)",Risk factors - Nutrition,All persons,X
Nutrition & Physical Activity Survey,AHSnpa11bp,FRSHF1N,"Fresh/canned fruit (day 1, non-discretionary) (serves)",Risk factors - Nutrition,All persons,X
Nutrition & Physical Activity Survey,AHSnpa11bp,DRFR1N,"Dried fruit (day 1, non-discretionary) (serves)",Risk factors - Nutrition,All persons,X
Nutrition & Physical Activity Survey,AHSnpa11bp,FRJUIC1N,"Fruit juice (day 1, non-discretionary) (serves)",Risk factors - Nutrition,All persons,X
Nutrition & Physical Activity Survey,AHSnpa11bp,DAIRY1N,"Milk, yoghurt, cheese and/or alternatives (day 1, non-discretionary) (serves)",Risk factors - Nutrition,All persons,X
Nutrition & Physical Activity Survey,AHSnpa11bp,DAIRHF1N,"Higher fat dairy foods (>10% fat) (day 1, non-discretionary) (serves)",Risk factors - Nutrition,All persons,X
Nutrition & Physical Activity Survey,AHSnpa11bp,DAIRMF1N,"Medium fat dairy foods (4-10 pc. fat) (day 1, non-discretionary) (serves)",Risk factors - Nutrition,All persons,X
Nutrition & Physical Activity Survey,AHSnpa11bp,DAIRLF1N,"Lower fat dairy foods (<4% fat) (day 1, non-discretionary) (serves)",Risk factors - Nutrition,All persons,X
Nutrition & Physical Activity Survey,AHSnpa11bp,MEAT1N,"Meat, poultry and alternatives (day 1, non-discretionary) (serves)",Risk factors - Nutrition,All persons,X
Nutrition & Physical Activity Survey,AHSnpa11bp,MEATL1N,"Meats, poultry and alternatives, ADG criteria (day 1, non-discretionary) (serves)",Risk factors - Nutrition,All persons,X
Nutrition & Physical Activity Survey,AHSnpa11bp,MEATLD1N,"Meats, poultry and alternatives, non-ADG criteria (day 1, non-disc food source) (serves)",Risk factors - Nutrition,All persons,X
Nutrition & Physical Activity Survey,AHSnpa11bp,RDMTL1N,"Red meat, lean (day 1, non-discretionary) (serves)",Risk factors - Nutrition,All persons,X
Nutrition & Physical Activity Survey,AHSnpa11bp,RDMTLU1N,"Red meat unprocessed (<10 pc. fat) (day 1, non-discretionary) (serves)",Risk factors - Nutrition,All persons,X
Nutrition & Physical Activity Survey,AHSnpa11bp,RDMTLP1N,"Red meat processed (<10 pc fat) (day 1, non-disc food source) (serves)",Risk factors - Nutrition,All persons,X
Nutrition & Physical Activity Survey,AHSnpa11bp,RDMTN1N,"Red meat, non-lean (>=10% fat) (day 1, non-disc food source) (serves)",Risk factors - Nutrition,All persons,X
Nutrition & Physical Activity Survey,AHSnpa11bp,RDMTNU1N,"Red meat unprocessed (>=10 pc. fat) (day 1, non-disc food source) (serves)",Risk factors - Nutrition,All persons,X
Nutrition & Physical Activity Survey,AHSnpa11bp,RDMTNP1N,"Red meat processed (>=10 pc. fat) (day 1, non-disc food source) (serves)",Risk factors - Nutrition,All persons,X
Nutrition & Physical Activity Survey,AHSnpa11bp,PLTYL1N,"Poultry, lean (<10% fat) (day 1, non-disc food source) (serves)",Risk factors - Nutrition,All persons,X
Nutrition & Physical Activity Survey,AHSnpa11bp,PLTYLU1N,"Poultry unprocessed (<10 pc. fat) (day 1, non-discretionary) (serves)",Risk factors - Nutrition,All persons,X
Nutrition & Physical Activity Survey,AHSnpa11bp,PLTYLP1N,"Poultry processed (<10 pc. fat) (day 1, non-disc food source) (serves)",Risk factors - Nutrition,All persons,X
Nutrition & Physical Activity Survey,AHSnpa11bp,PLTYN1N,"Poultry, non-lean (day 1, non-disc food source) (serves)",Risk factors - Nutrition,All persons,X
Nutrition & Physical Activity Survey,AHSnpa11bp,PLTYNU1N,"Poultry unprocessed (#10 pc. fat) (day 1, non-disc food source) (serves)",Risk factors - Nutrition,All persons,X
Nutrition & Physical Activity Survey,AHSnpa11bp,PLTYNP1N,"Poultry processed (>=10 pc. fat) (day 1, non-disc food source) (serves)",Risk factors - Nutrition,All persons,X
Nutrition & Physical Activity Survey,AHSnpa11bp,RDMTT1N,"Red meat, total (day 1, non-disc food source) (serves)",Risk factors - Nutrition,All persons,X
Nutrition & Physical Activity Survey,AHSnpa11bp,RDMTTU1N,"Red meat unprocessed, total (day 1, non-disc food source) (serves)",Risk factors - Nutrition,All persons,X
Nutrition & Physical Activity Survey,AHSnpa11bp,PLTYT1N,"Poultry, total (day 1, non-disc food source) (serves)",Risk factors - Nutrition,All persons,X
Nutrition & Physical Activity Survey,AHSnpa11bp,PLTYTU1N,"Poultry unprocessed, total (day 1, non-disc food source) (serves)",Risk factors - Nutrition,All persons,X
Nutrition & Physical Activity Survey,AHSnpa11bp,FISH1N,"Fish and seafood (day 1, non-discretionary) (serves)",Risk factors - Nutrition,All persons,X
Nutrition & Physical Activity Survey,AHSnpa11bp,EGGS1N,"Eggs (day 1, non-discretionary) (serves)",Risk factors - Nutrition,All persons,X
Nutrition & Physical Activity Survey,AHSnpa11bp,LEGMT1N,"Legumes as meat alternative (day 1, non-discretionary) (serves)",Risk factors - Nutrition,All persons,X
Nutrition & Physical Activity Survey,AHSnpa11bp,NUTS1N,"Nuts and seeds (day 1, non-discretionary) (serves)",Risk factors - Nutrition,All persons,X
Nutrition & Physical Activity Survey,AHSnpa11bp,WATER1N,"Water (day 1, non-discretionary) (serves)",Risk factors - Nutrition,All persons,X
Nutrition & Physical Activity Survey,AHSnpa11bp,UNSAT1N,"Unsaturated spreads and oils (day 1, non-discretionary) (serves)",Risk factors - Nutrition,All persons,X
Nutrition & Physical Activity Survey,AHSnpa11bp,FRESUG1N,Added sugars (WHO) (day 1) (g),Risk factors - Nutrition,All persons,X
Nutrition & Physical Activity Survey,AHSnpa11bp,ADDSUG1N,Added sugars (Food Standards) (day 1) (g),Risk factors - Nutrition,All persons,X
Nutrition & Physical Activity Survey,AHSnpa11bp,MEATLG1N,"Meats, poultry and alternatives, ADG criteria (day 1, non-discretionary) (g)",Risk factors - Nutrition,All persons,X
Nutrition & Physical Activity Survey,AHSnpa11bp,MEATDG1N,"Meats, poultry and alternatives, non-ADG criteria (day 1, non-disc food source) (g)",Risk factors - Nutrition,All persons,X
Nutrition & Physical Activity Survey,AHSnpa11bp,RDMTLG1N,"Red meat, lean (day 1, non-disc food source) (g)",Risk factors - Nutrition,All persons,X
Nutrition & Physical Activity Survey,AHSnpa11bp,RDMLUG1N,"Red meat unprocessed (<10 pc. fat) (day 1, non-discretionary) (g)",Risk factors - Nutrition,All persons,X
Nutrition & Physical Activity Survey,AHSnpa11bp,RDMLPG1N,"Red meat processed (<10 pc. fat) (day 1, non-disc food source) (g)",Risk factors - Nutrition,All persons,X
Nutrition & Physical Activity Survey,AHSnpa11bp,RDMTNG1N,"Red meat, non-lean (>=10 pc. fat) (day 1, non-disc food source) (g)",Risk factors - Nutrition,All persons,X
Nutrition & Physical Activity Survey,AHSnpa11bp,RDMNUG1N,"Red meat unprocessed (>=10 pc. fat) (day 1, non-disc food source) (g)",Risk factors - Nutrition,All persons,X
Nutrition & Physical Activity Survey,AHSnpa11bp,RDMNPG1N,"Red meat processed (>=10 pc. fat) (day 1, non-disc food source) (g)",Risk factors - Nutrition,All persons,X
Nutrition & Physical Activity Survey,AHSnpa11bp,PLTYLG1N,"Poultry, lean(<10 pc. fat) (day 1, non-disc food source) (g)",Risk factors - Nutrition,All persons,X
Nutrition & Physical Activity Survey,AHSnpa11bp,PLTLUG1N,"Poultry unprocessed (<10 pc. fat) (day 1, non-discretionary) (g)",Risk factors - Nutrition,All persons,X
Nutrition & Physical Activity Survey,AHSnpa11bp,PLTLPG1N,"Poultry processed (<10 pc. fat) (day 1, non-disc food source) (g)",Risk factors - Nutrition,All persons,X
Nutrition & Physical Activity Survey,AHSnpa11bp,PLTYNG1N,"Poultry, non-lean (>=10 pc. fat) (day 1, non-disc food source) (g)",Risk factors - Nutrition,All persons,X
Nutrition & Physical Activity Survey,AHSnpa11bp,PLTNUG1N,"Poultry unprocessed (>=10 pc. fat) (day 1, non-disc food source) (g)",Risk factors - Nutrition,All persons,X
Nutrition & Physical Activity Survey,AHSnpa11bp,PLTNPG1N,"Poultry processed (>=10 pc. fat) (day 1, non-disc food source) (g)",Risk factors - Nutrition,All persons,X
Nutrition & Physical Activity Survey,AHSnpa11bp,RDMTTG1N,"Red meat, total (day 1, non-disc food source) (g)",Risk factors - Nutrition,All persons,X
Nutrition & Physical Activity Survey,AHSnpa11bp,RDMTUG1N,"Red meat unprocessed, total (day 1, non-disc food source) (g)",Risk factors - Nutrition,All persons,X
Nutrition & Physical Activity Survey,AHSnpa11bp,PLTYTG1N,"Poultry, total (day 1, non-disc food source) (g)",Risk factors - Nutrition,All persons,X
Nutrition & Physical Activity Survey,AHSnpa11bp,PLTYUG1N,"Poultry unprocessed, total (day 1, non-disc food source) (g)",Risk factors - Nutrition,All persons,X
Nutrition & Physical Activity Survey,AHSnpa11bp,WATERG1N,"Water (day 1, non-discretionary) (g)",Risk factors - Nutrition,All persons,X
Nutrition & Physical Activity Survey,AHSnpa11bp,WATERG2N,"Water (day 2, non-discretionary) (g)",Risk factors - Nutrition,All persons who completed second (CATI) nutrition interview,X
Nutrition & Physical Activity Survey,AHSnpa11bp,GRAINS2N,"Grains and cereals (day 2, non-discretionary) (serves)",Risk factors - Nutrition,All persons who completed second (CATI) nutrition interview,X
Nutrition & Physical Activity Survey,AHSnpa11bp,VEGLEG2N,"Vegetables and legumes/beans (day 2, non-discretionary) (serves)",Risk factors - Nutrition,All persons who completed second (CATI) nutrition interview,X
Nutrition & Physical Activity Survey,AHSnpa11bp,FRUIT2N,"Fruit (day 2, non-discretionary) (serves)",Risk factors - Nutrition,All persons who completed second (CATI) nutrition interview,X
Nutrition & Physical Activity Survey,AHSnpa11bp,FRSHF2N,"Fresh/canned fruit (day 2, non-discretionary) (serves)",Risk factors - Nutrition,All persons who completed second (CATI) nutrition interview,X
Nutrition & Physical Activity Survey,AHSnpa11bp,MEAT2N,"Meat, poultry and alternatives (day 2, non-discretionary) (serves)",Risk factors - Nutrition,All persons who completed second (CATI) nutrition interview,X
Nutrition & Physical Activity Survey,AHSnpa11bp,DAIRY2N,"Milk, yoghurt, cheese and/or alternatives (day 2, non-discretionary) (serves)",Risk factors - Nutrition,All persons who completed second (CATI) nutrition interview,X
Nutrition & Physical Activity Survey,AHSnpa11bp,MEATLD2N,"Meats, poultry and alternatives, non-ADG criteria (day 2, non-disc food source) (serves)",Risk factors - Nutrition,All persons who completed second (CATI) nutrition interview,X
Nutrition & Physical Activity Survey,AHSnpa11bp,MEATL2N,"Meats, poultry and alternatives, ADG criteria (day 2, non-discretionary) (serves)",Risk factors - Nutrition,All persons who completed second (CATI) nutrition interview,X
Nutrition & Physical Activity Survey,AHSnpa11bp,WATER2N,"Water (day 2, non-discretionary) (serves)",Risk factors - Nutrition,All persons who completed second (CATI) nutrition interview,X
Nutrition & Physical Activity Survey,AHSnpa11bp,UNSAT2N,"Unsaturated spreads and oils (day 2, non-discretionary) (serves)",Risk factors - Nutrition,All persons who completed second (CATI) nutrition interview,X
Nutrition & Physical Activity Survey,AHSnpa11bp,FRESUG2N,Added sugars (WHO) (day 2) (g),Risk factors - Nutrition,All persons who completed second (CATI) nutrition interview,X
Nutrition & Physical Activity Survey,AHSnpa11bp,ADDSUG2N,Added sugars (Food Standards) (day 2) (g),Risk factors - Nutrition,All persons who completed second (CATI) nutrition interview,X
Nutrition & Physical Activity Survey,AHSnpa11bp,PEFRESD1,Percentage of energy from free sugars (WHO) (Day1),Risk factors - Nutrition,All persons,NA
Nutrition & Physical Activity Survey,AHSnpa11bp,PEADDSD1,Percentage of energy from added sugars (FSANZ) (Day1),Risk factors - Nutrition,All persons,NA
Nutrition & Physical Activity Survey,AHSnpa11bp,PEFRESD2,Percentage of energy from free sugars (WHO) (Day 2),Risk factors - Nutrition,All persons who completed second (CATI) nutrition interview,NA
Nutrition & Physical Activity Survey,AHSnpa11bp,PEADDSD2,Percentage of energy from added sugars (FSANZ) (Day2),Risk factors - Nutrition,All persons who completed second (CATI) nutrition interview,NA
Nutrition & Physical Activity Survey,AHSnpa11bp,ABSLFID,Record identifier for the ADGSUM level,Administrative items,All levels,NA
Nutrition & Physical Activity Survey,AHSnpa11bp,ABSBID,Record identifier for the biomedical level,Administrative,NA,NA
Nutrition & Physical Activity Survey,AHSnpa11bp,ABSSID,Supplement record identifier,Administrative items,All levels,NA
Nutrition & Physical Activity Survey,AHSnpa11bp,ABSFID,Food record identifier,Administrative items,All levels,NA
Nutrition & Physical Activity Survey,AHSnpa11bs,LNUMC,Aust L number of supplement,Supplement level,NA,NA
Nutrition & Physical Activity Survey,AHSnpa11bs,DAYNUM,Day Number for Intake,Food level,All persons,NA
Nutrition & Physical Activity Survey,AHSnpa11bs,SUPAMT,Number of supplement units consumed,Supplement level,NA,NA
Nutrition & Physical Activity Survey,AHSnpa11bs,SUPPFORM,Form of supplement,Supplement level,NA,NA
Nutrition & Physical Activity Survey,AHSnpa11bs,SUPUNIT,Supplement unit type,Supplement level,NA,NA
Nutrition & Physical Activity Survey,AHSnpa11bs,SUPPCODC,Type of dietary supplement taken in last 24 hours,Supplement level,NA,NA
Nutrition & Physical Activity Survey,AHSnpa11bs,PROTEIN,Protein g,Food level,All persons,NA
Nutrition & Physical Activity Survey,AHSnpa11bs,FATG,Total fat g,Food level,All persons,NA
Nutrition & Physical Activity Survey,AHSnpa11bs,FIBRE,Dietary fibre g,Food level,All persons,NA
Nutrition & Physical Activity Survey,AHSnpa11bs,PREVITA,Preformed vitamin A (retinol) ug,Food level,All persons,NA
Nutrition & Physical Activity Survey,AHSnpa11bs,PROVITA,Pro-vitamin A (b-carotene equivalents) ug,Food level,All persons,NA
Nutrition & Physical Activity Survey,AHSnpa11bs,RETEQV,Retinol equivalents ug,Food level,All persons,NA
Nutrition & Physical Activity Survey,AHSnpa11bs,B1MG,Thiamin (B1) mg,Food level,All persons,NA
Nutrition & Physical Activity Survey,AHSnpa11bs,B2MG,Riboflavin (B2) mg,Food level,All persons,NA
Nutrition & Physical Activity Survey,AHSnpa11bs,B3MG,Niacin (B3) mg,Food level,All persons,NA
Nutrition & Physical Activity Survey,AHSnpa11bs,NIACINEQ,Niacin equivalents mg,Food level,All persons,NA
Nutrition & Physical Activity Survey,AHSnpa11bs,FOLACID,Folic acid ug,Food level,All persons,NA
Nutrition & Physical Activity Survey,AHSnpa11bs,FOLATEQV,Dietary folate equivalents ug,Food level,All persons,NA
Nutrition & Physical Activity Survey,AHSnpa11bs,B6MG,Vitamin B6 mg,Food level,All persons,NA
Nutrition & Physical Activity Survey,AHSnpa11bs,B12UG,Vitamin B12 ug,Food level,All persons,NA
Nutrition & Physical Activity Survey,AHSnpa11bs,VITCMG,Vitamin C mg,Food level,All persons,NA
Nutrition & Physical Activity Survey,AHSnpa11bs,VITEMG,Vitamin E mg,Food level,All persons,NA
Nutrition & Physical Activity Survey,AHSnpa11bs,CALMG,Calcium mg,Food level,All persons,NA
Nutrition & Physical Activity Survey,AHSnpa11bs,IODINEUG,Iodine ug,Food level,All persons,NA
Nutrition & Physical Activity Survey,AHSnpa11bs,IRONMG,Iron mg,Food level,All persons,NA
Nutrition & Physical Activity Survey,AHSnpa11bs,MAGMG,Magnesium mg,Food level,All persons,NA
Nutrition & Physical Activity Survey,AHSnpa11bs,PHOSMG,Phosphorous mg,Food level,All persons,NA
Nutrition & Physical Activity Survey,AHSnpa11bs,POTASMG,Potassium mg,Food level,All persons,NA
Nutrition & Physical Activity Survey,AHSnpa11bs,SELUG,Selenium ug,Food level,All persons,NA
Nutrition & Physical Activity Survey,AHSnpa11bs,SODMG,Sodium mg,Food level,All persons,NA
Nutrition & Physical Activity Survey,AHSnpa11bs,ZINCMG,Zinc mg,Food level,All persons,NA
Nutrition & Physical Activity Survey,AHSnpa11bs,CAFFMG,Caffeine mg,Food level,All persons,NA
Nutrition & Physical Activity Survey,AHSnpa11bs,CHOLMG,Cholesterol mg,Food level,All persons,NA
Nutrition & Physical Activity Survey,AHSnpa11bs,SFAG,Saturated fat g,Food level,All persons,NA
Nutrition & Physical Activity Survey,AHSnpa11bs,MUFAG,Monounsaturated fat g,Food level,All persons,NA
Nutrition & Physical Activity Survey,AHSnpa11bs,PUFAG,Polyunsaturated fat g,Food level,All persons,NA
Nutrition & Physical Activity Survey,AHSnpa11bs,LAG,Linoleic acid g,Food level,All persons,NA
Nutrition & Physical Activity Survey,AHSnpa11bs,ALAG,Alpha-linolenic acid g,Food level,All persons,NA
Nutrition & Physical Activity Survey,AHSnpa11bs,LCN3MG,Total long chain omega 3 fatty acids mg,Food level,All persons,NA
Nutrition & Physical Activity Survey,AHSnpa11bs,TRANSMG,Trans fatty acids mg,Food level,All persons,NA
Nutrition & Physical Activity Survey,AHSnpa11bs,ABSHID,Household identifier,Administrative items,All levels,NA
Nutrition & Physical Activity Survey,AHSnpa11bs,ABSPID,Selected person identifier,Administrative,NA,NA
Nutrition & Physical Activity Survey,AHSnpa11bs,LEVEL12,Supplement level,Administrative items,Supplement,NA
Nutrition & Physical Activity Survey,AHSnpa11bs,ABSLFID,Record identifier for the ADGSUM level,Administrative items,All levels,NA
Nutrition & Physical Activity Survey,AHSnpa11bs,ABSBID,Record identifier for the biomedical level,Administrative,NA,NA
Nutrition & Physical Activity Survey,AHSnpa11bs,ABSFID,Food record identifier,Administrative items,All levels,NA
Nutrition & Physical Activity Survey,AHSnpa11bs,ABSSID,Supplement record identifier,Administrative items,All levels,NA
National Aboriginal & Torres Strait Islander Nutrition & Physical Activity Survey,inp13bad,DAYNUM,Day Number for Intake,Food level,All persons,NA
National Aboriginal & Torres Strait Islander Nutrition & Physical Activity Survey,inp13bad,ADGFOOD,Food group,ADG level,All persons,NA
National Aboriginal & Torres Strait Islander Nutrition & Physical Activity Survey,inp13bad,ADGINC,ADG food source inclusions,ADG level,All persons,NA
National Aboriginal & Torres Strait Islander Nutrition & Physical Activity Survey,inp13bad,ADGSRV,Serve amount,ADG level,All persons,NA
National Aboriginal & Torres Strait Islander Nutrition & Physical Activity Survey,inp13bad,ABSLFID,Record identifier for the ADGSUM level,Administrative items,All levels,NA
National Aboriginal & Torres Strait Islander Nutrition & Physical Activity Survey,inp13bad,LEVELF,Level identifier for ADG group level,Administrative items,ADG,NA
National Aboriginal & Torres Strait Islander Nutrition & Physical Activity Survey,inp13bad,ABSGID,Person number,Administrative,NA,NA
National Aboriginal & Torres Strait Islander Nutrition & Physical Activity Survey,inp13bad,ABSHID,Household identifier,Administrative items,All levels,NA
National Aboriginal & Torres Strait Islander Nutrition & Physical Activity Survey,inp13bad,ABSBID,Record identifier for the biomedical level (CURF),Administrative,NA,NA
National Aboriginal & Torres Strait Islander Nutrition & Physical Activity Survey,inp13bad,ABSCID,Record identifier for the conditions level (CURF),Administrative,NA,NA
National Aboriginal & Torres Strait Islander Nutrition & Physical Activity Survey,inp13bad,ABSFID,Food record identifier,Administrative items,All levels,NA
National Aboriginal & Torres Strait Islander Nutrition & Physical Activity Survey,inp13bad,ABSSID,Supplement record identifier,Administrative items,All levels,NA
National Aboriginal & Torres Strait Islander Nutrition & Physical Activity Survey,inp13bad,ABSUID,Record identifier for the adult PA level (CURF),Administrative,NA,NA
National Aboriginal & Torres Strait Islander Nutrition & Physical Activity Survey,inp13bad,ABSDID,Record identifier for the child 5 to 17 years detailed level (CURF),Administrative,NA,NA
National Aboriginal & Torres Strait Islander Nutrition & Physical Activity Survey,inp13bad,ABSEID,Record identifier for the pedometer level (CURF),Administrative,NA,NA
National Aboriginal & Torres Strait Islander Nutrition & Physical Activity Survey,inp13bad,ABSKID,Record identifier for the child 5 to 17 years level (CURF),Administrative,NA,NA
National Aboriginal & Torres Strait Islander Nutrition & Physical Activity Survey,inp13bad,ABSTID,Record identifier for the child 2 to 4 years level (CURF),Administrative,NA,NA
National Aboriginal & Torres Strait Islander Nutrition & Physical Activity Survey,inp13bbi,CHOLRESB,Total cholesterol - ranged (mmol/L),Biomedical level,Persons aged 12 years and over who participated in the biomedical component,NA
National Aboriginal & Torres Strait Islander Nutrition & Physical Activity Survey,inp13bbi,HDLCHREB,HDL cholesterol - ranged (mmol/L),Biomedical level,Persons aged 12 years and over who participated in the biomedical component,NA
National Aboriginal & Torres Strait Islander Nutrition & Physical Activity Survey,inp13bbi,LDLRESB,Fasting LDL cholesterol - ranged (mmol/L),Biomedical level,Persons aged 12 years and over who participated in the biomedical component and fasted for 8 hours or more,All persons with triglycerides results ≥4.5mmol/L were excluded.
National Aboriginal & Torres Strait Islander Nutrition & Physical Activity Survey,inp13bbi,TRIGRESB,Fasting triglycerides - ranged (mmol/L),Biomedical level,Persons aged 12 years and over who participated in the biomedical component and fasted for 8 hours or more,NA
National Aboriginal & Torres Strait Islander Nutrition & Physical Activity Survey,inp13bbi,APOBRESB,Apolipoprotein B - ranged (g/L),Biomedical level,Persons aged 12 years and over who participated in the biomedical component,NA
National Aboriginal & Torres Strait Islander Nutrition & Physical Activity Survey,inp13bbi,GLUCFREB,Fasting plasma glucose - ranged (mmol/L),Biomedical level,Persons aged 12 years and over who participated in the biomedical component and fasted for 8 hours or more,NA
National Aboriginal & Torres Strait Islander Nutrition & Physical Activity Survey,inp13bbi,HBA1PREB,HbA1c - ranged (%),Biomedical level,Persons aged 12 years and over who participated in the biomedical component,HbA1c(mmol/mol) is calculated from HbA1c(%) using the following equation: 20 + 11(HbA1c(%) - 4)
National Aboriginal & Torres Strait Islander Nutrition & Physical Activity Survey,inp13bbi,HBA1MREB,HbA1c - ranged (mmol/mol),Biomedical level,Persons aged 12 years and over who participated in the biomedical component,NA
National Aboriginal & Torres Strait Islander Nutrition & Physical Activity Survey,inp13bbi,EGFRRESB,eGFR - ranged (mL/min/1.73m2),Biomedical level,Persons aged 18 years and over who participated in the biomedical component,NA
National Aboriginal & Torres Strait Islander Nutrition & Physical Activity Survey,inp13bbi,ALTRESB,Alanine aminotransferase (ALT) - categories (U/L),Biomedical level,Persons aged 12 years and over who participated in the biomedical component,NA
National Aboriginal & Torres Strait Islander Nutrition & Physical Activity Survey,inp13bbi,GGTRESB,Gamma glutamyl transferase (GGT) - ranged (U/L),Biomedical level,Persons aged 12 years and over who participated in the biomedical component,NA
National Aboriginal & Torres Strait Islander Nutrition & Physical Activity Survey,inp13bbi,FOLATREB,Folate - ranged (nmol/L),Biomedical level,Persons aged 12 years and over who participated in the biomedical component,NA
National Aboriginal & Torres Strait Islander Nutrition & Physical Activity Survey,inp13bbi,B12RESB,Vitamin B12 - ranged (pmol/L),Biomedical level,Persons aged 12 years and over who participated in the biomedical component,NA
National Aboriginal & Torres Strait Islander Nutrition & Physical Activity Survey,inp13bbi,FERRCRPB,Serum ferritin (excluding elevated CRP) - ranged (¬µg/L),Biomedical level,Persons aged 12 years and over who participated in biomeds and had a CRP result =< 10,Results are excluded if CRP is elevated (not applicable)
National Aboriginal & Torres Strait Islander Nutrition & Physical Activity Survey,inp13bbi,SOLTRREB,Soluble transferrin receptor (sTfR) - ranged (mg/L),Biomedical level,Persons aged 12 years and over who participated in the biomedical component,NA
National Aboriginal & Torres Strait Islander Nutrition & Physical Activity Survey,inp13bbi,VDLCMREB,Vitamin D (LCMS) - detailed ranged (nmol/L),Biomedical level,Persons aged 12 years and over who participated in the biomedical component,NA
National Aboriginal & Torres Strait Islander Nutrition & Physical Activity Survey,inp13bbi,ABSGID,Person number,Administrative,NA,NA
National Aboriginal & Torres Strait Islander Nutrition & Physical Activity Survey,inp13bbi,ABSCID,Record identifier for the conditions level (CURF),Administrative,NA,NA
National Aboriginal & Torres Strait Islander Nutrition & Physical Activity Survey,inp13bbi,ABSUID,Record identifier for the adult PA level (CURF),Administrative,NA,NA
National Aboriginal & Torres Strait Islander Nutrition & Physical Activity Survey,inp13bbi,ABSBID,Record identifier for the biomedical level (CURF),Administrative,NA,NA
National Aboriginal & Torres Strait Islander Nutrition & Physical Activity Survey,inp13bbi,ABSSID,Supplement record identifier,Administrative items,All levels,NA
National Aboriginal & Torres Strait Islander Nutrition & Physical Activity Survey,inp13bbi,ABSFID,Food record identifier,Administrative items,All levels,NA
National Aboriginal & Torres Strait Islander Nutrition & Physical Activity Survey,inp13bbi,ABSTID,Record identifier for the child 2 to 4 years level (CURF),Administrative,NA,NA
National Aboriginal & Torres Strait Islander Nutrition & Physical Activity Survey,inp13bbi,ABSKID,Record identifier for the child 5 to 17 years level (CURF),Administrative,NA,NA
National Aboriginal & Torres Strait Islander Nutrition & Physical Activity Survey,inp13bbi,ABSEID,Record identifier for the pedometer level (CURF),Administrative,NA,NA
National Aboriginal & Torres Strait Islander Nutrition & Physical Activity Survey,inp13bbi,ABSDID,Record identifier for the child 5 to 17 years detailed level (CURF),Administrative,NA,NA
National Aboriginal & Torres Strait Islander Nutrition & Physical Activity Survey,inp13bbi,ABRSKRGC,Absolute Risk (Risk of CVD event in next 5 years) ranged item,Biomedical level,Persons aged 18 years and over who have participated in the biomedical component,NA
National Aboriginal & Torres Strait Islander Nutrition & Physical Activity Survey,inp13bbi,BIORESPC,Biomedical response status,Biomedical level,Selected persons aged 5 years and over,NA
National Aboriginal & Torres Strait Islander Nutrition & Physical Activity Survey,inp13bbi,DIABFPGE,Diabetes prevalence - fasting blood glucose (mmol/L),Biomedical level,Persons aged 12 years and over who participated in the biomedical component and fasted for 8 hours or more,Please refer to the glossary for the definition of known diabetes.
National Aboriginal & Torres Strait Islander Nutrition & Physical Activity Survey,inp13bbi,DIABPRVE,Biomed diabetes prevalence - HbA1c (%),Biomedical level,Persons aged 12 years and over who participated in the biomedical component,Please refer to the glossary for the definition of known diabetes.
National Aboriginal & Torres Strait Islander Nutrition & Physical Activity Survey,inp13bbi,ABRSKFLG,Absolute Risk Incomplete Data Flag,Biomedical level,Persons aged 18 years and over who have participated in the biomedical component,NA
National Aboriginal & Torres Strait Islander Nutrition & Physical Activity Survey,inp13bbi,RPWT001,"Replicate Weights, ISS",NA,NA,NA
National Aboriginal & Torres Strait Islander Nutrition & Physical Activity Survey,inp13bbi,RPWT002,"Replicate Weights, ISS",NA,NA,NA
National Aboriginal & Torres Strait Islander Nutrition & Physical Activity Survey,inp13bbi,RPWT003,"Replicate Weights, ISS",NA,NA,NA
National Aboriginal & Torres Strait Islander Nutrition & Physical Activity Survey,inp13bbi,RPWT004,"Replicate Weights, ISS",NA,NA,NA
National Aboriginal & Torres Strait Islander Nutrition & Physical Activity Survey,inp13bbi,RPWT005,"Replicate Weights, ISS",NA,NA,NA
National Aboriginal & Torres Strait Islander Nutrition & Physical Activity Survey,inp13bbi,RPWT006,"Replicate Weights, ISS",NA,NA,NA
National Aboriginal & Torres Strait Islander Nutrition & Physical Activity Survey,inp13bbi,RPWT007,"Replicate Weights, ISS",NA,NA,NA
National Aboriginal & Torres Strait Islander Nutrition & Physical Activity Survey,inp13bbi,RPWT008,"Replicate Weights, ISS",NA,NA,NA
National Aboriginal & Torres Strait Islander Nutrition & Physical Activity Survey,inp13bbi,RPWT009,"Replicate Weights, ISS",NA,NA,NA
National Aboriginal & Torres Strait Islander Nutrition & Physical Activity Survey,inp13bbi,RPWT010,"Replicate Weights, ISS",NA,NA,NA
National Aboriginal & Torres Strait Islander Nutrition & Physical Activity Survey,inp13bbi,RPWT011,"Replicate Weights, ISS",NA,NA,NA
National Aboriginal & Torres Strait Islander Nutrition & Physical Activity Survey,inp13bbi,RPWT012,"Replicate Weights, ISS",NA,NA,NA
National Aboriginal & Torres Strait Islander Nutrition & Physical Activity Survey,inp13bbi,RPWT013,"Replicate Weights, ISS",NA,NA,NA
National Aboriginal & Torres Strait Islander Nutrition & Physical Activity Survey,inp13bbi,RPWT014,"Replicate Weights, ISS",NA,NA,NA
National Aboriginal & Torres Strait Islander Nutrition & Physical Activity Survey,inp13bbi,RPWT015,"Replicate Weights, ISS",NA,NA,NA
National Aboriginal & Torres Strait Islander Nutrition & Physical Activity Survey,inp13bbi,RPWT016,"Replicate Weights, ISS",NA,NA,NA
National Aboriginal & Torres Strait Islander Nutrition & Physical Activity Survey,inp13bbi,RPWT017,"Replicate Weights, ISS",NA,NA,NA
National Aboriginal & Torres Strait Islander Nutrition & Physical Activity Survey,inp13bbi,RPWT018,"Replicate Weights, ISS",NA,NA,NA
National Aboriginal & Torres Strait Islander Nutrition & Physical Activity Survey,inp13bbi,RPWT019,"Replicate Weights, ISS",NA,NA,NA
National Aboriginal & Torres Strait Islander Nutrition & Physical Activity Survey,inp13bbi,RPWT020,"Replicate Weights, ISS",NA,NA,NA
National Aboriginal & Torres Strait Islander Nutrition & Physical Activity Survey,inp13bbi,RPWT021,"Replicate Weights, ISS",NA,NA,NA
National Aboriginal & Torres Strait Islander Nutrition & Physical Activity Survey,inp13bbi,RPWT022,"Replicate Weights, ISS",NA,NA,NA
National Aboriginal & Torres Strait Islander Nutrition & Physical Activity Survey,inp13bbi,RPWT023,"Replicate Weights, ISS",NA,NA,NA
National Aboriginal & Torres Strait Islander Nutrition & Physical Activity Survey,inp13bbi,RPWT024,"Replicate Weights, ISS",NA,NA,NA
National Aboriginal & Torres Strait Islander Nutrition & Physical Activity Survey,inp13bbi,RPWT025,"Replicate Weights, ISS",NA,NA,NA
National Aboriginal & Torres Strait Islander Nutrition & Physical Activity Survey,inp13bbi,RPWT026,"Replicate Weights, ISS",NA,NA,NA
National Aboriginal & Torres Strait Islander Nutrition & Physical Activity Survey,inp13bbi,RPWT027,"Replicate Weights, ISS",NA,NA,NA
National Aboriginal & Torres Strait Islander Nutrition & Physical Activity Survey,inp13bbi,RPWT028,"Replicate Weights, ISS",NA,NA,NA
National Aboriginal & Torres Strait Islander Nutrition & Physical Activity Survey,inp13bbi,RPWT029,"Replicate Weights, ISS",NA,NA,NA
National Aboriginal & Torres Strait Islander Nutrition & Physical Activity Survey,inp13bbi,RPWT030,"Replicate Weights, ISS",NA,NA,NA
National Aboriginal & Torres Strait Islander Nutrition & Physical Activity Survey,inp13bbi,RPWT031,"Replicate Weights, ISS",NA,NA,NA
National Aboriginal & Torres Strait Islander Nutrition & Physical Activity Survey,inp13bbi,RPWT032,"Replicate Weights, ISS",NA,NA,NA
National Aboriginal & Torres Strait Islander Nutrition & Physical Activity Survey,inp13bbi,RPWT033,"Replicate Weights, ISS",NA,NA,NA
National Aboriginal & Torres Strait Islander Nutrition & Physical Activity Survey,inp13bbi,RPWT034,"Replicate Weights, ISS",NA,NA,NA
National Aboriginal & Torres Strait Islander Nutrition & Physical Activity Survey,inp13bbi,RPWT035,"Replicate Weights, ISS",NA,NA,NA
National Aboriginal & Torres Strait Islander Nutrition & Physical Activity Survey,inp13bbi,RPWT036,"Replicate Weights, ISS",NA,NA,NA
National Aboriginal & Torres Strait Islander Nutrition & Physical Activity Survey,inp13bbi,RPWT037,"Replicate Weights, ISS",NA,NA,NA
National Aboriginal & Torres Strait Islander Nutrition & Physical Activity Survey,inp13bbi,RPWT038,"Replicate Weights, ISS",NA,NA,NA
National Aboriginal & Torres Strait Islander Nutrition & Physical Activity Survey,inp13bbi,RPWT039,"Replicate Weights, ISS",NA,NA,NA
National Aboriginal & Torres Strait Islander Nutrition & Physical Activity Survey,inp13bbi,RPWT040,"Replicate Weights, ISS",NA,NA,NA
National Aboriginal & Torres Strait Islander Nutrition & Physical Activity Survey,inp13bbi,RPWT041,"Replicate Weights, ISS",NA,NA,NA
National Aboriginal & Torres Strait Islander Nutrition & Physical Activity Survey,inp13bbi,RPWT042,"Replicate Weights, ISS",NA,NA,NA
National Aboriginal & Torres Strait Islander Nutrition & Physical Activity Survey,inp13bbi,RPWT043,"Replicate Weights, ISS",NA,NA,NA
National Aboriginal & Torres Strait Islander Nutrition & Physical Activity Survey,inp13bbi,RPWT044,"Replicate Weights, ISS",NA,NA,NA
National Aboriginal & Torres Strait Islander Nutrition & Physical Activity Survey,inp13bbi,RPWT045,"Replicate Weights, ISS",NA,NA,NA
National Aboriginal & Torres Strait Islander Nutrition & Physical Activity Survey,inp13bbi,RPWT046,"Replicate Weights, ISS",NA,NA,NA
National Aboriginal & Torres Strait Islander Nutrition & Physical Activity Survey,inp13bbi,RPWT047,"Replicate Weights, ISS",NA,NA,NA
National Aboriginal & Torres Strait Islander Nutrition & Physical Activity Survey,inp13bbi,RPWT048,"Replicate Weights, ISS",NA,NA,NA
National Aboriginal & Torres Strait Islander Nutrition & Physical Activity Survey,inp13bbi,RPWT049,"Replicate Weights, ISS",NA,NA,NA
National Aboriginal & Torres Strait Islander Nutrition & Physical Activity Survey,inp13bbi,RPWT050,"Replicate Weights, ISS",NA,NA,NA
National Aboriginal & Torres Strait Islander Nutrition & Physical Activity Survey,inp13bbi,RPWT051,"Replicate Weights, ISS",NA,NA,NA
National Aboriginal & Torres Strait Islander Nutrition & Physical Activity Survey,inp13bbi,RPWT052,"Replicate Weights, ISS",NA,NA,NA
National Aboriginal & Torres Strait Islander Nutrition & Physical Activity Survey,inp13bbi,RPWT053,"Replicate Weights, ISS",NA,NA,NA
National Aboriginal & Torres Strait Islander Nutrition & Physical Activity Survey,inp13bbi,RPWT054,"Replicate Weights, ISS",NA,NA,NA
National Aboriginal & Torres Strait Islander Nutrition & Physical Activity Survey,inp13bbi,RPWT055,"Replicate Weights, ISS",NA,NA,NA
National Aboriginal & Torres Strait Islander Nutrition & Physical Activity Survey,inp13bbi,RPWT056,"Replicate Weights, ISS",NA,NA,NA
National Aboriginal & Torres Strait Islander Nutrition & Physical Activity Survey,inp13bbi,RPWT057,"Replicate Weights, ISS",NA,NA,NA
National Aboriginal & Torres Strait Islander Nutrition & Physical Activity Survey,inp13bbi,RPWT058,"Replicate Weights, ISS",NA,NA,NA
National Aboriginal & Torres Strait Islander Nutrition & Physical Activity Survey,inp13bbi,RPWT059,"Replicate Weights, ISS",NA,NA,NA
National Aboriginal & Torres Strait Islander Nutrition & Physical Activity Survey,inp13bbi,RPWT060,"Replicate Weights, ISS",NA,NA,NA
National Aboriginal & Torres Strait Islander Nutrition & Physical Activity Survey,inp13bbi,RPWT061,"Replicate Weights, ISS",NA,NA,NA
National Aboriginal & Torres Strait Islander Nutrition & Physical Activity Survey,inp13bbi,RPWT062,"Replicate Weights, ISS",NA,NA,NA
National Aboriginal & Torres Strait Islander Nutrition & Physical Activity Survey,inp13bbi,RPWT063,"Replicate Weights, ISS",NA,NA,NA
National Aboriginal & Torres Strait Islander Nutrition & Physical Activity Survey,inp13bbi,RPWT064,"Replicate Weights, ISS",NA,NA,NA
National Aboriginal & Torres Strait Islander Nutrition & Physical Activity Survey,inp13bbi,RPWT065,"Replicate Weights, ISS",NA,NA,NA
National Aboriginal & Torres Strait Islander Nutrition & Physical Activity Survey,inp13bbi,RPWT066,"Replicate Weights, ISS",NA,NA,NA
National Aboriginal & Torres Strait Islander Nutrition & Physical Activity Survey,inp13bbi,RPWT067,"Replicate Weights, ISS",NA,NA,NA
National Aboriginal & Torres Strait Islander Nutrition & Physical Activity Survey,inp13bbi,RPWT068,"Replicate Weights, ISS",NA,NA,NA
National Aboriginal & Torres Strait Islander Nutrition & Physical Activity Survey,inp13bbi,RPWT069,"Replicate Weights, ISS",NA,NA,NA
National Aboriginal & Torres Strait Islander Nutrition & Physical Activity Survey,inp13bbi,RPWT070,"Replicate Weights, ISS",NA,NA,NA
National Aboriginal & Torres Strait Islander Nutrition & Physical Activity Survey,inp13bbi,RPWT071,"Replicate Weights, ISS",NA,NA,NA
National Aboriginal & Torres Strait Islander Nutrition & Physical Activity Survey,inp13bbi,RPWT072,"Replicate Weights, ISS",NA,NA,NA
National Aboriginal & Torres Strait Islander Nutrition & Physical Activity Survey,inp13bbi,RPWT073,"Replicate Weights, ISS",NA,NA,NA
National Aboriginal & Torres Strait Islander Nutrition & Physical Activity Survey,inp13bbi,RPWT074,"Replicate Weights, ISS",NA,NA,NA
National Aboriginal & Torres Strait Islander Nutrition & Physical Activity Survey,inp13bbi,RPWT075,"Replicate Weights, ISS",NA,NA,NA
National Aboriginal & Torres Strait Islander Nutrition & Physical Activity Survey,inp13bbi,RPWT076,"Replicate Weights, ISS",NA,NA,NA
National Aboriginal & Torres Strait Islander Nutrition & Physical Activity Survey,inp13bbi,RPWT077,"Replicate Weights, ISS",NA,NA,NA
National Aboriginal & Torres Strait Islander Nutrition & Physical Activity Survey,inp13bbi,RPWT078,"Replicate Weights, ISS",NA,NA,NA
National Aboriginal & Torres Strait Islander Nutrition & Physical Activity Survey,inp13bbi,RPWT079,"Replicate Weights, ISS",NA,NA,NA
National Aboriginal & Torres Strait Islander Nutrition & Physical Activity Survey,inp13bbi,RPWT080,"Replicate Weights, ISS",NA,NA,NA
National Aboriginal & Torres Strait Islander Nutrition & Physical Activity Survey,inp13bbi,RPWT081,"Replicate Weights, ISS",NA,NA,NA
National Aboriginal & Torres Strait Islander Nutrition & Physical Activity Survey,inp13bbi,RPWT082,"Replicate Weights, ISS",NA,NA,NA
National Aboriginal & Torres Strait Islander Nutrition & Physical Activity Survey,inp13bbi,RPWT083,"Replicate Weights, ISS",NA,NA,NA
National Aboriginal & Torres Strait Islander Nutrition & Physical Activity Survey,inp13bbi,RPWT084,"Replicate Weights, ISS",NA,NA,NA
National Aboriginal & Torres Strait Islander Nutrition & Physical Activity Survey,inp13bbi,RPWT085,"Replicate Weights, ISS",NA,NA,NA
National Aboriginal & Torres Strait Islander Nutrition & Physical Activity Survey,inp13bbi,RPWT086,"Replicate Weights, ISS",NA,NA,NA
National Aboriginal & Torres Strait Islander Nutrition & Physical Activity Survey,inp13bbi,RPWT087,"Replicate Weights, ISS",NA,NA,NA
National Aboriginal & Torres Strait Islander Nutrition & Physical Activity Survey,inp13bbi,RPWT088,"Replicate Weights, ISS",NA,NA,NA
National Aboriginal & Torres Strait Islander Nutrition & Physical Activity Survey,inp13bbi,RPWT089,"Replicate Weights, ISS",NA,NA,NA
National Aboriginal & Torres Strait Islander Nutrition & Physical Activity Survey,inp13bbi,RPWT090,"Replicate Weights, ISS",NA,NA,NA
National Aboriginal & Torres Strait Islander Nutrition & Physical Activity Survey,inp13bbi,RPWT091,"Replicate Weights, ISS",NA,NA,NA
National Aboriginal & Torres Strait Islander Nutrition & Physical Activity Survey,inp13bbi,RPWT092,"Replicate Weights, ISS",NA,NA,NA
National Aboriginal & Torres Strait Islander Nutrition & Physical Activity Survey,inp13bbi,RPWT093,"Replicate Weights, ISS",NA,NA,NA
National Aboriginal & Torres Strait Islander Nutrition & Physical Activity Survey,inp13bbi,RPWT094,"Replicate Weights, ISS",NA,NA,NA
National Aboriginal & Torres Strait Islander Nutrition & Physical Activity Survey,inp13bbi,RPWT095,"Replicate Weights, ISS",NA,NA,NA
National Aboriginal & Torres Strait Islander Nutrition & Physical Activity Survey,inp13bbi,RPWT096,"Replicate Weights, ISS",NA,NA,NA
National Aboriginal & Torres Strait Islander Nutrition & Physical Activity Survey,inp13bbi,RPWT097,"Replicate Weights, ISS",NA,NA,NA
National Aboriginal & Torres Strait Islander Nutrition & Physical Activity Survey,inp13bbi,RPWT098,"Replicate Weights, ISS",NA,NA,NA
National Aboriginal & Torres Strait Islander Nutrition & Physical Activity Survey,inp13bbi,RPWT099,"Replicate Weights, ISS",NA,NA,NA
National Aboriginal & Torres Strait Islander Nutrition & Physical Activity Survey,inp13bbi,RPWT100,"Replicate Weights, ISS",NA,NA,NA
National Aboriginal & Torres Strait Islander Nutrition & Physical Activity Survey,inp13bbi,RPWT101,"Replicate Weights, ISS",NA,NA,NA
National Aboriginal & Torres Strait Islander Nutrition & Physical Activity Survey,inp13bbi,RPWT102,"Replicate Weights, ISS",NA,NA,NA
National Aboriginal & Torres Strait Islander Nutrition & Physical Activity Survey,inp13bbi,RPWT103,"Replicate Weights, ISS",NA,NA,NA
National Aboriginal & Torres Strait Islander Nutrition & Physical Activity Survey,inp13bbi,RPWT104,"Replicate Weights, ISS",NA,NA,NA
National Aboriginal & Torres Strait Islander Nutrition & Physical Activity Survey,inp13bbi,RPWT105,"Replicate Weights, ISS",NA,NA,NA
National Aboriginal & Torres Strait Islander Nutrition & Physical Activity Survey,inp13bbi,RPWT106,"Replicate Weights, ISS",NA,NA,NA
National Aboriginal & Torres Strait Islander Nutrition & Physical Activity Survey,inp13bbi,RPWT107,"Replicate Weights, ISS",NA,NA,NA
National Aboriginal & Torres Strait Islander Nutrition & Physical Activity Survey,inp13bbi,RPWT108,"Replicate Weights, ISS",NA,NA,NA
National Aboriginal & Torres Strait Islander Nutrition & Physical Activity Survey,inp13bbi,RPWT109,"Replicate Weights, ISS",NA,NA,NA
National Aboriginal & Torres Strait Islander Nutrition & Physical Activity Survey,inp13bbi,RPWT110,"Replicate Weights, ISS",NA,NA,NA
National Aboriginal & Torres Strait Islander Nutrition & Physical Activity Survey,inp13bbi,RPWT111,"Replicate Weights, ISS",NA,NA,NA
National Aboriginal & Torres Strait Islander Nutrition & Physical Activity Survey,inp13bbi,RPWT112,"Replicate Weights, ISS",NA,NA,NA
National Aboriginal & Torres Strait Islander Nutrition & Physical Activity Survey,inp13bbi,RPWT113,"Replicate Weights, ISS",NA,NA,NA
National Aboriginal & Torres Strait Islander Nutrition & Physical Activity Survey,inp13bbi,RPWT114,"Replicate Weights, ISS",NA,NA,NA
National Aboriginal & Torres Strait Islander Nutrition & Physical Activity Survey,inp13bbi,RPWT115,"Replicate Weights, ISS",NA,NA,NA
National Aboriginal & Torres Strait Islander Nutrition & Physical Activity Survey,inp13bbi,RPWT116,"Replicate Weights, ISS",NA,NA,NA
National Aboriginal & Torres Strait Islander Nutrition & Physical Activity Survey,inp13bbi,RPWT117,"Replicate Weights, ISS",NA,NA,NA
National Aboriginal & Torres Strait Islander Nutrition & Physical Activity Survey,inp13bbi,RPWT118,"Replicate Weights, ISS",NA,NA,NA
National Aboriginal & Torres Strait Islander Nutrition & Physical Activity Survey,inp13bbi,RPWT119,"Replicate Weights, ISS",NA,NA,NA
National Aboriginal & Torres Strait Islander Nutrition & Physical Activity Survey,inp13bbi,RPWT120,"Replicate Weights, ISS",NA,NA,NA
National Aboriginal & Torres Strait Islander Nutrition & Physical Activity Survey,inp13bbi,RPWT121,"Replicate Weights, ISS",NA,NA,NA
National Aboriginal & Torres Strait Islander Nutrition & Physical Activity Survey,inp13bbi,RPWT122,"Replicate Weights, ISS",NA,NA,NA
National Aboriginal & Torres Strait Islander Nutrition & Physical Activity Survey,inp13bbi,RPWT123,"Replicate Weights, ISS",NA,NA,NA
National Aboriginal & Torres Strait Islander Nutrition & Physical Activity Survey,inp13bbi,RPWT124,"Replicate Weights, ISS",NA,NA,NA
National Aboriginal & Torres Strait Islander Nutrition & Physical Activity Survey,inp13bbi,RPWT125,"Replicate Weights, ISS",NA,NA,NA
National Aboriginal & Torres Strait Islander Nutrition & Physical Activity Survey,inp13bbi,RPWT126,"Replicate Weights, ISS",NA,NA,NA
National Aboriginal & Torres Strait Islander Nutrition & Physical Activity Survey,inp13bbi,RPWT127,"Replicate Weights, ISS",NA,NA,NA
National Aboriginal & Torres Strait Islander Nutrition & Physical Activity Survey,inp13bbi,RPWT128,"Replicate Weights, ISS",NA,NA,NA
National Aboriginal & Torres Strait Islander Nutrition & Physical Activity Survey,inp13bbi,RPWT129,"Replicate Weights, ISS",NA,NA,NA
National Aboriginal & Torres Strait Islander Nutrition & Physical Activity Survey,inp13bbi,RPWT130,"Replicate Weights, ISS",NA,NA,NA
National Aboriginal & Torres Strait Islander Nutrition & Physical Activity Survey,inp13bbi,RPWT131,"Replicate Weights, ISS",NA,NA,NA
National Aboriginal & Torres Strait Islander Nutrition & Physical Activity Survey,inp13bbi,RPWT132,"Replicate Weights, ISS",NA,NA,NA
National Aboriginal & Torres Strait Islander Nutrition & Physical Activity Survey,inp13bbi,RPWT133,"Replicate Weights, ISS",NA,NA,NA
National Aboriginal & Torres Strait Islander Nutrition & Physical Activity Survey,inp13bbi,RPWT134,"Replicate Weights, ISS",NA,NA,NA
National Aboriginal & Torres Strait Islander Nutrition & Physical Activity Survey,inp13bbi,RPWT135,"Replicate Weights, ISS",NA,NA,NA
National Aboriginal & Torres Strait Islander Nutrition & Physical Activity Survey,inp13bbi,RPWT136,"Replicate Weights, ISS",NA,NA,NA
National Aboriginal & Torres Strait Islander Nutrition & Physical Activity Survey,inp13bbi,RPWT137,"Replicate Weights, ISS",NA,NA,NA
National Aboriginal & Torres Strait Islander Nutrition & Physical Activity Survey,inp13bbi,RPWT138,"Replicate Weights, ISS",NA,NA,NA
National Aboriginal & Torres Strait Islander Nutrition & Physical Activity Survey,inp13bbi,RPWT139,"Replicate Weights, ISS",NA,NA,NA
National Aboriginal & Torres Strait Islander Nutrition & Physical Activity Survey,inp13bbi,RPWT140,"Replicate Weights, ISS",NA,NA,NA
National Aboriginal & Torres Strait Islander Nutrition & Physical Activity Survey,inp13bbi,RPWT141,"Replicate Weights, ISS",NA,NA,NA
National Aboriginal & Torres Strait Islander Nutrition & Physical Activity Survey,inp13bbi,RPWT142,"Replicate Weights, ISS",NA,NA,NA
National Aboriginal & Torres Strait Islander Nutrition & Physical Activity Survey,inp13bbi,RPWT143,"Replicate Weights, ISS",NA,NA,NA
National Aboriginal & Torres Strait Islander Nutrition & Physical Activity Survey,inp13bbi,RPWT144,"Replicate Weights, ISS",NA,NA,NA
National Aboriginal & Torres Strait Islander Nutrition & Physical Activity Survey,inp13bbi,RPWT145,"Replicate Weights, ISS",NA,NA,NA
National Aboriginal & Torres Strait Islander Nutrition & Physical Activity Survey,inp13bbi,RPWT146,"Replicate Weights, ISS",NA,NA,NA
National Aboriginal & Torres Strait Islander Nutrition & Physical Activity Survey,inp13bbi,RPWT147,"Replicate Weights, ISS",NA,NA,NA
National Aboriginal & Torres Strait Islander Nutrition & Physical Activity Survey,inp13bbi,RPWT148,"Replicate Weights, ISS",NA,NA,NA
National Aboriginal & Torres Strait Islander Nutrition & Physical Activity Survey,inp13bbi,RPWT149,"Replicate Weights, ISS",NA,NA,NA
National Aboriginal & Torres Strait Islander Nutrition & Physical Activity Survey,inp13bbi,RPWT150,"Replicate Weights, ISS",NA,NA,NA
National Aboriginal & Torres Strait Islander Nutrition & Physical Activity Survey,inp13bbi,RPWT151,"Replicate Weights, ISS",NA,NA,NA
National Aboriginal & Torres Strait Islander Nutrition & Physical Activity Survey,inp13bbi,RPWT152,"Replicate Weights, ISS",NA,NA,NA
National Aboriginal & Torres Strait Islander Nutrition & Physical Activity Survey,inp13bbi,RPWT153,"Replicate Weights, ISS",NA,NA,NA
National Aboriginal & Torres Strait Islander Nutrition & Physical Activity Survey,inp13bbi,RPWT154,"Replicate Weights, ISS",NA,NA,NA
National Aboriginal & Torres Strait Islander Nutrition & Physical Activity Survey,inp13bbi,RPWT155,"Replicate Weights, ISS",NA,NA,NA
National Aboriginal & Torres Strait Islander Nutrition & Physical Activity Survey,inp13bbi,RPWT156,"Replicate Weights, ISS",NA,NA,NA
National Aboriginal & Torres Strait Islander Nutrition & Physical Activity Survey,inp13bbi,RPWT157,"Replicate Weights, ISS",NA,NA,NA
National Aboriginal & Torres Strait Islander Nutrition & Physical Activity Survey,inp13bbi,RPWT158,"Replicate Weights, ISS",NA,NA,NA
National Aboriginal & Torres Strait Islander Nutrition & Physical Activity Survey,inp13bbi,RPWT159,"Replicate Weights, ISS",NA,NA,NA
National Aboriginal & Torres Strait Islander Nutrition & Physical Activity Survey,inp13bbi,RPWT160,"Replicate Weights, ISS",NA,NA,NA
National Aboriginal & Torres Strait Islander Nutrition & Physical Activity Survey,inp13bbi,RPWT161,"Replicate Weights, ISS",NA,NA,NA
National Aboriginal & Torres Strait Islander Nutrition & Physical Activity Survey,inp13bbi,RPWT162,"Replicate Weights, ISS",NA,NA,NA
National Aboriginal & Torres Strait Islander Nutrition & Physical Activity Survey,inp13bbi,RPWT163,"Replicate Weights, ISS",NA,NA,NA
National Aboriginal & Torres Strait Islander Nutrition & Physical Activity Survey,inp13bbi,RPWT164,"Replicate Weights, ISS",NA,NA,NA
National Aboriginal & Torres Strait Islander Nutrition & Physical Activity Survey,inp13bbi,RPWT165,"Replicate Weights, ISS",NA,NA,NA
National Aboriginal & Torres Strait Islander Nutrition & Physical Activity Survey,inp13bbi,RPWT166,"Replicate Weights, ISS",NA,NA,NA
National Aboriginal & Torres Strait Islander Nutrition & Physical Activity Survey,inp13bbi,RPWT167,"Replicate Weights, ISS",NA,NA,NA
National Aboriginal & Torres Strait Islander Nutrition & Physical Activity Survey,inp13bbi,RPWT168,"Replicate Weights, ISS",NA,NA,NA
National Aboriginal & Torres Strait Islander Nutrition & Physical Activity Survey,inp13bbi,RPWT169,"Replicate Weights, ISS",NA,NA,NA
National Aboriginal & Torres Strait Islander Nutrition & Physical Activity Survey,inp13bbi,RPWT170,"Replicate Weights, ISS",NA,NA,NA
National Aboriginal & Torres Strait Islander Nutrition & Physical Activity Survey,inp13bbi,RPWT171,"Replicate Weights, ISS",NA,NA,NA
National Aboriginal & Torres Strait Islander Nutrition & Physical Activity Survey,inp13bbi,RPWT172,"Replicate Weights, ISS",NA,NA,NA
National Aboriginal & Torres Strait Islander Nutrition & Physical Activity Survey,inp13bbi,RPWT173,"Replicate Weights, ISS",NA,NA,NA
National Aboriginal & Torres Strait Islander Nutrition & Physical Activity Survey,inp13bbi,RPWT174,"Replicate Weights, ISS",NA,NA,NA
National Aboriginal & Torres Strait Islander Nutrition & Physical Activity Survey,inp13bbi,RPWT175,"Replicate Weights, ISS",NA,NA,NA
National Aboriginal & Torres Strait Islander Nutrition & Physical Activity Survey,inp13bbi,RPWT176,"Replicate Weights, ISS",NA,NA,NA
National Aboriginal & Torres Strait Islander Nutrition & Physical Activity Survey,inp13bbi,RPWT177,"Replicate Weights, ISS",NA,NA,NA
National Aboriginal & Torres Strait Islander Nutrition & Physical Activity Survey,inp13bbi,RPWT178,"Replicate Weights, ISS",NA,NA,NA
National Aboriginal & Torres Strait Islander Nutrition & Physical Activity Survey,inp13bbi,RPWT179,"Replicate Weights, ISS",NA,NA,NA
National Aboriginal & Torres Strait Islander Nutrition & Physical Activity Survey,inp13bbi,RPWT180,"Replicate Weights, ISS",NA,NA,NA
National Aboriginal & Torres Strait Islander Nutrition & Physical Activity Survey,inp13bbi,RPWT181,"Replicate Weights, ISS",NA,NA,NA
National Aboriginal & Torres Strait Islander Nutrition & Physical Activity Survey,inp13bbi,RPWT182,"Replicate Weights, ISS",NA,NA,NA
National Aboriginal & Torres Strait Islander Nutrition & Physical Activity Survey,inp13bbi,RPWT183,"Replicate Weights, ISS",NA,NA,NA
National Aboriginal & Torres Strait Islander Nutrition & Physical Activity Survey,inp13bbi,RPWT184,"Replicate Weights, ISS",NA,NA,NA
National Aboriginal & Torres Strait Islander Nutrition & Physical Activity Survey,inp13bbi,RPWT185,"Replicate Weights, ISS",NA,NA,NA
National Aboriginal & Torres Strait Islander Nutrition & Physical Activity Survey,inp13bbi,RPWT186,"Replicate Weights, ISS",NA,NA,NA
National Aboriginal & Torres Strait Islander Nutrition & Physical Activity Survey,inp13bbi,RPWT187,"Replicate Weights, ISS",NA,NA,NA
National Aboriginal & Torres Strait Islander Nutrition & Physical Activity Survey,inp13bbi,RPWT188,"Replicate Weights, ISS",NA,NA,NA
National Aboriginal & Torres Strait Islander Nutrition & Physical Activity Survey,inp13bbi,RPWT189,"Replicate Weights, ISS",NA,NA,NA
National Aboriginal & Torres Strait Islander Nutrition & Physical Activity Survey,inp13bbi,RPWT190,"Replicate Weights, ISS",NA,NA,NA
National Aboriginal & Torres Strait Islander Nutrition & Physical Activity Survey,inp13bbi,RPWT191,"Replicate Weights, ISS",NA,NA,NA
National Aboriginal & Torres Strait Islander Nutrition & Physical Activity Survey,inp13bbi,RPWT192,"Replicate Weights, ISS",NA,NA,NA
National Aboriginal & Torres Strait Islander Nutrition & Physical Activity Survey,inp13bbi,RPWT193,"Replicate Weights, ISS",NA,NA,NA
National Aboriginal & Torres Strait Islander Nutrition & Physical Activity Survey,inp13bbi,RPWT194,"Replicate Weights, ISS",NA,NA,NA
National Aboriginal & Torres Strait Islander Nutrition & Physical Activity Survey,inp13bbi,RPWT195,"Replicate Weights, ISS",NA,NA,NA
National Aboriginal & Torres Strait Islander Nutrition & Physical Activity Survey,inp13bbi,RPWT196,"Replicate Weights, ISS",NA,NA,NA
National Aboriginal & Torres Strait Islander Nutrition & Physical Activity Survey,inp13bbi,RPWT197,"Replicate Weights, ISS",NA,NA,NA
National Aboriginal & Torres Strait Islander Nutrition & Physical Activity Survey,inp13bbi,RPWT198,"Replicate Weights, ISS",NA,NA,NA
National Aboriginal & Torres Strait Islander Nutrition & Physical Activity Survey,inp13bbi,RPWT199,"Replicate Weights, ISS",NA,NA,NA
National Aboriginal & Torres Strait Islander Nutrition & Physical Activity Survey,inp13bbi,RPWT200,"Replicate Weights, ISS",NA,NA,NA
National Aboriginal & Torres Strait Islander Nutrition & Physical Activity Survey,inp13bbi,RPWT201,"Replicate Weights, ISS",NA,NA,NA
National Aboriginal & Torres Strait Islander Nutrition & Physical Activity Survey,inp13bbi,RPWT202,"Replicate Weights, ISS",NA,NA,NA
National Aboriginal & Torres Strait Islander Nutrition & Physical Activity Survey,inp13bbi,RPWT203,"Replicate Weights, ISS",NA,NA,NA
National Aboriginal & Torres Strait Islander Nutrition & Physical Activity Survey,inp13bbi,RPWT204,"Replicate Weights, ISS",NA,NA,NA
National Aboriginal & Torres Strait Islander Nutrition & Physical Activity Survey,inp13bbi,RPWT205,"Replicate Weights, ISS",NA,NA,NA
National Aboriginal & Torres Strait Islander Nutrition & Physical Activity Survey,inp13bbi,RPWT206,"Replicate Weights, ISS",NA,NA,NA
National Aboriginal & Torres Strait Islander Nutrition & Physical Activity Survey,inp13bbi,RPWT207,"Replicate Weights, ISS",NA,NA,NA
National Aboriginal & Torres Strait Islander Nutrition & Physical Activity Survey,inp13bbi,RPWT208,"Replicate Weights, ISS",NA,NA,NA
National Aboriginal & Torres Strait Islander Nutrition & Physical Activity Survey,inp13bbi,RPWT209,"Replicate Weights, ISS",NA,NA,NA
National Aboriginal & Torres Strait Islander Nutrition & Physical Activity Survey,inp13bbi,RPWT210,"Replicate Weights, ISS",NA,NA,NA
National Aboriginal & Torres Strait Islander Nutrition & Physical Activity Survey,inp13bbi,RPWT211,"Replicate Weights, ISS",NA,NA,NA
National Aboriginal & Torres Strait Islander Nutrition & Physical Activity Survey,inp13bbi,RPWT212,"Replicate Weights, ISS",NA,NA,NA
National Aboriginal & Torres Strait Islander Nutrition & Physical Activity Survey,inp13bbi,RPWT213,"Replicate Weights, ISS",NA,NA,NA
National Aboriginal & Torres Strait Islander Nutrition & Physical Activity Survey,inp13bbi,RPWT214,"Replicate Weights, ISS",NA,NA,NA
National Aboriginal & Torres Strait Islander Nutrition & Physical Activity Survey,inp13bbi,RPWT215,"Replicate Weights, ISS",NA,NA,NA
National Aboriginal & Torres Strait Islander Nutrition & Physical Activity Survey,inp13bbi,RPWT216,"Replicate Weights, ISS",NA,NA,NA
National Aboriginal & Torres Strait Islander Nutrition & Physical Activity Survey,inp13bbi,RPWT217,"Replicate Weights, ISS",NA,NA,NA
National Aboriginal & Torres Strait Islander Nutrition & Physical Activity Survey,inp13bbi,RPWT218,"Replicate Weights, ISS",NA,NA,NA
National Aboriginal & Torres Strait Islander Nutrition & Physical Activity Survey,inp13bbi,RPWT219,"Replicate Weights, ISS",NA,NA,NA
National Aboriginal & Torres Strait Islander Nutrition & Physical Activity Survey,inp13bbi,RPWT220,"Replicate Weights, ISS",NA,NA,NA
National Aboriginal & Torres Strait Islander Nutrition & Physical Activity Survey,inp13bbi,RPWT221,"Replicate Weights, ISS",NA,NA,NA
National Aboriginal & Torres Strait Islander Nutrition & Physical Activity Survey,inp13bbi,RPWT222,"Replicate Weights, ISS",NA,NA,NA
National Aboriginal & Torres Strait Islander Nutrition & Physical Activity Survey,inp13bbi,RPWT223,"Replicate Weights, ISS",NA,NA,NA
National Aboriginal & Torres Strait Islander Nutrition & Physical Activity Survey,inp13bbi,RPWT224,"Replicate Weights, ISS",NA,NA,NA
National Aboriginal & Torres Strait Islander Nutrition & Physical Activity Survey,inp13bbi,RPWT225,"Replicate Weights, ISS",NA,NA,NA
National Aboriginal & Torres Strait Islander Nutrition & Physical Activity Survey,inp13bbi,RPWT226,"Replicate Weights, ISS",NA,NA,NA
National Aboriginal & Torres Strait Islander Nutrition & Physical Activity Survey,inp13bbi,RPWT227,"Replicate Weights, ISS",NA,NA,NA
National Aboriginal & Torres Strait Islander Nutrition & Physical Activity Survey,inp13bbi,RPWT228,"Replicate Weights, ISS",NA,NA,NA
National Aboriginal & Torres Strait Islander Nutrition & Physical Activity Survey,inp13bbi,RPWT229,"Replicate Weights, ISS",NA,NA,NA
National Aboriginal & Torres Strait Islander Nutrition & Physical Activity Survey,inp13bbi,RPWT230,"Replicate Weights, ISS",NA,NA,NA
National Aboriginal & Torres Strait Islander Nutrition & Physical Activity Survey,inp13bbi,RPWT231,"Replicate Weights, ISS",NA,NA,NA
National Aboriginal & Torres Strait Islander Nutrition & Physical Activity Survey,inp13bbi,RPWT232,"Replicate Weights, ISS",NA,NA,NA
National Aboriginal & Torres Strait Islander Nutrition & Physical Activity Survey,inp13bbi,RPWT233,"Replicate Weights, ISS",NA,NA,NA
National Aboriginal & Torres Strait Islander Nutrition & Physical Activity Survey,inp13bbi,RPWT234,"Replicate Weights, ISS",NA,NA,NA
National Aboriginal & Torres Strait Islander Nutrition & Physical Activity Survey,inp13bbi,RPWT235,"Replicate Weights, ISS",NA,NA,NA
National Aboriginal & Torres Strait Islander Nutrition & Physical Activity Survey,inp13bbi,RPWT236,"Replicate Weights, ISS",NA,NA,NA
National Aboriginal & Torres Strait Islander Nutrition & Physical Activity Survey,inp13bbi,RPWT237,"Replicate Weights, ISS",NA,NA,NA
National Aboriginal & Torres Strait Islander Nutrition & Physical Activity Survey,inp13bbi,RPWT238,"Replicate Weights, ISS",NA,NA,NA
National Aboriginal & Torres Strait Islander Nutrition & Physical Activity Survey,inp13bbi,RPWT239,"Replicate Weights, ISS",NA,NA,NA
National Aboriginal & Torres Strait Islander Nutrition & Physical Activity Survey,inp13bbi,RPWT240,"Replicate Weights, ISS",NA,NA,NA
National Aboriginal & Torres Strait Islander Nutrition & Physical Activity Survey,inp13bbi,RPWT241,"Replicate Weights, ISS",NA,NA,NA
National Aboriginal & Torres Strait Islander Nutrition & Physical Activity Survey,inp13bbi,RPWT242,"Replicate Weights, ISS",NA,NA,NA
National Aboriginal & Torres Strait Islander Nutrition & Physical Activity Survey,inp13bbi,RPWT243,"Replicate Weights, ISS",NA,NA,NA
National Aboriginal & Torres Strait Islander Nutrition & Physical Activity Survey,inp13bbi,RPWT244,"Replicate Weights, ISS",NA,NA,NA
National Aboriginal & Torres Strait Islander Nutrition & Physical Activity Survey,inp13bbi,RPWT245,"Replicate Weights, ISS",NA,NA,NA
National Aboriginal & Torres Strait Islander Nutrition & Physical Activity Survey,inp13bbi,RPWT246,"Replicate Weights, ISS",NA,NA,NA
National Aboriginal & Torres Strait Islander Nutrition & Physical Activity Survey,inp13bbi,RPWT247,"Replicate Weights, ISS",NA,NA,NA
National Aboriginal & Torres Strait Islander Nutrition & Physical Activity Survey,inp13bbi,RPWT248,"Replicate Weights, ISS",NA,NA,NA
National Aboriginal & Torres Strait Islander Nutrition & Physical Activity Survey,inp13bbi,RPWT249,"Replicate Weights, ISS",NA,NA,NA
National Aboriginal & Torres Strait Islander Nutrition & Physical Activity Survey,inp13bbi,RPWT250,"Replicate Weights, ISS",NA,NA,NA
National Aboriginal & Torres Strait Islander Nutrition & Physical Activity Survey,inp13bbi,IHMSPERW,Biomedical weight PAA,Administrative,Biomedical participants (Biomedical level),X
National Aboriginal & Torres Strait Islander Nutrition & Physical Activity Survey,inp13bbi,FASTSTAD,Fasting status,Biomedical level,Persons aged 12 years and over who participated in the biomedical component,NA
National Aboriginal & Torres Strait Islander Nutrition & Physical Activity Survey,inp13bbi,MONTHCOL,Month of biomedical collection,Biomedical level,Persons aged 5 years and over who participated in the biomedical component,NA
National Aboriginal & Torres Strait Islander Nutrition & Physical Activity Survey,inp13bbi,CHOLNTR,Total cholesterol status (mmol/L),Biomedical level,Persons aged 12 years and over who participated in the biomedical component,Normal total cholesterol <5.5mmol/L; abnormal total cholesterol ≥5.5mmol/L.
National Aboriginal & Torres Strait Islander Nutrition & Physical Activity Survey,inp13bbi,HDLCHNTR,HDL cholesterol status - non-sex dependent (mmol/L),Biomedical level,Persons aged 12 years and over who participated in the biomedical component,Normal non-sex dependent HDL cholesterol ≥1.0mmol/L; abnormal non-sex dependent HDL cholesterol <1.0mmol/L.
National Aboriginal & Torres Strait Islander Nutrition & Physical Activity Survey,inp13bbi,HDLCHSEX,HDL cholesterol status - sex dependent (mmol/L),Biomedical level,Persons aged 12 years and over who participated in the biomedical component,Normal sex dependent HDL cholesterol is defined as ≥1.0mmol/L for males and ≥1.3mmol/L for females; abnormal sex dependent HDL cholesterol is defined as <1.0mmol/L for males and <1.3mmol/L for females.
National Aboriginal & Torres Strait Islander Nutrition & Physical Activity Survey,inp13bbi,LDLNTR,Fasting LDL cholesterol status (mmol/L),Biomedical level,Persons aged 12 years and over who participated in the biomedical component and fasted for 8 hours or more,Normal fasting LDL cholesterol <3.5mmol/L; abnormal fasting LDL cholesterol ≥3.5mmol/L. All persons with fasting triglycerides results ≥4.5mmol/L were excluded.
National Aboriginal & Torres Strait Islander Nutrition & Physical Activity Survey,inp13bbi,TRIGNTR,Fasting triglycerides status (mmol/L),Biomedical level,Persons aged 12 years and over who participated in the biomedical component and fasted for 8 hours or more,Normal fasting triglycerides status <2.0mmol/L; abnormal fasting triglycerides status ≥ 2.0mmol/L.
National Aboriginal & Torres Strait Islander Nutrition & Physical Activity Survey,inp13bbi,APOBNTR,Apolipoprotein B (ApoB) status (g/L),Biomedical level,Persons aged 12 years and over who participated in the biomedical component,Normal apolipoprotein B is defined as ≤1.3mmol/L for males and ≤1.2mmol/L for females; abnormal apolipoprotein B is defined as >1.3mmol/L for males and >1.2mmol/L for females.
National Aboriginal & Torres Strait Islander Nutrition & Physical Activity Survey,inp13bbi,CVDMEDST,Dyslipidaemia status (lipid medication status and lipid levels),Biomedical level,Persons aged 18 years and over who participated in the biomedical component and fasted for 8 hours or more,Please refer to the glossary for the definition of dyslipidaemia.
National Aboriginal & Torres Strait Islander Nutrition & Physical Activity Survey,inp13bbi,GLUCFPD,Fasting plasma glucose status (mmol/L),Biomedical level,Persons aged 12 years and over who participated in the biomedical component and fasted for 8 hours or more,Fasting plasma glucose ≤6.0mmol/L indicates no diabetes; impaired fasting plasma glucose >6.0mmol/L and <7.0 mmol/L; fasting plasma glucose ≥7.0 mmol/L indicates diabetes.
National Aboriginal & Torres Strait Islander Nutrition & Physical Activity Survey,inp13bbi,DIAHBRSK,HbA1c status (%),Biomedical level,Persons aged 12 years and over who participated in the biomedical component,HbA1c(mmol/mol) is calculated from HbA1c(%) using the following equation: 20 + 11(HbA1c(%) - 4)
National Aboriginal & Torres Strait Islander Nutrition & Physical Activity Survey,inp13bbi,DIAHMRSK,HbA1c status (mmol/mol),Biomedical level,Persons aged 12 years and over who participated in the biomedical component,HbA1c(mmol/mol) is calculated from HbA1c(%) using the following equation: 20 + 11(HbA1c(%) - 4)
National Aboriginal & Torres Strait Islander Nutrition & Physical Activity Survey,inp13bbi,ACRNTR,Albuminuria status (mg/mmol),Biomedical level,Persons aged 18 years and over who participated in the biomedical component,Presence of albuminuria is defined as ACR ≥2.5mg/mol for males and ≥3.5mg/mol for females. No presence of albuminuria is defined as ACR <2.5mg/mol for males and <3.5mg/mol for females
National Aboriginal & Torres Strait Islander Nutrition & Physical Activity Survey,inp13bbi,ACRIPA,Albumin Creatinine Ratio (ACR) status (mg/mmol),Biomedical level,Persons aged 18 years and over who participated in the biomedical component,Macroalbuminuria is defined as ACR >25mg/mol for males and >35mg/mol for females; microalbuminuria is defined as ACR ≥2.5mg/mol and ≤25 mg/mol for males and ≥3.5mg/mol and ≤35 mg/mol for females; normoalbuminuria is defined as ACR <2.5mg/mol for males and <3.5mg/mol for females.
National Aboriginal & Torres Strait Islander Nutrition & Physical Activity Survey,inp13bbi,EGFRIMP,eGFR status (mL/min/1.73m2),Biomedical level,Persons aged 18 years and over who participated in the biomedical component,Normal eGFR ≥60mL/min/1.73m2; Impaired eGFR <60mL/min/1.73m2
National Aboriginal & Torres Strait Islander Nutrition & Physical Activity Survey,inp13bbi,EGFRKDSA,Chronic Kidney Disease (CKD) stages (mL/min/1.73m2),Biomedical level,Persons aged 18 years and over who participated in the biomedical component,Please refer to the glossary for the definition of chronic kidney disease stages.
National Aboriginal & Torres Strait Islander Nutrition & Physical Activity Survey,inp13bbi,ALTNTR,Alanine aminotransferase (ALT) status (U/L),Biomedical level,Persons aged 12 years and over who participated in the biomedical component,The following levels indicate abnormal ALT: >30U/L for males aged 12-14 years and females aged 12 years and over; >40U/L for males aged 15 years and over.
National Aboriginal & Torres Strait Islander Nutrition & Physical Activity Survey,inp13bbi,GGTNTR,Gamma glutamyl transferase (GGT) status (U/L),Biomedical level,Persons aged 12 years and over who participated in the biomedical component,The following levels indicate abnormal GGT: >30U/L for children aged 12-14 years; >35U/L for females aged 15 years and over; >40U/L for males aged 15-17 years; >50U/L for males aged 18 years and over.
National Aboriginal & Torres Strait Islander Nutrition & Physical Activity Survey,inp13bbi,COTINIES,Cotinine status (nmol/L),Biomedical level,Persons aged 12 years and over who participated in the biomedical component,NA
National Aboriginal & Torres Strait Islander Nutrition & Physical Activity Survey,inp13bbi,HBDAP,Haemoglobin status (g/L),Biomedical level,Persons aged 12 years and over who participated in the biomedical component,The following haemoglobin levels indicate risk of anaemia: <120 g/L for children aged 12-14 years and females aged 15 years or older who are not pregnant; <130 g/L for males aged 15 years or older; <110 g/L for pregnant women.
National Aboriginal & Torres Strait Islander Nutrition & Physical Activity Survey,inp13bbi,VDLCMRGT,Vitamin D (LCMS) - ranged (nmol/L),Biomedical level,Persons aged 12 years and over who participated in the biomedical component,NA
National Aboriginal & Torres Strait Islander Nutrition & Physical Activity Survey,inp13bbi,LEVEL10,Biomedical level,Administrative,NA,NA
National Aboriginal & Torres Strait Islander Nutrition & Physical Activity Survey,inp13bbi,ABSHID,Household identifier,Administrative items,All levels,NA
National Aboriginal & Torres Strait Islander Nutrition & Physical Activity Survey,inp13bbi,ABSLFID,Record identifier for the ADGSUM level,Administrative items,All levels,NA
National Aboriginal & Torres Strait Islander Nutrition & Physical Activity Survey,inp13bcd,ABSGID,Person number,Administrative,NA,NA
National Aboriginal & Torres Strait Islander Nutrition & Physical Activity Survey,inp13bcd,ABSCID,Record identifier for the conditions level (CURF),Administrative,NA,NA
National Aboriginal & Torres Strait Islander Nutrition & Physical Activity Survey,inp13bcd,ABSUID,Record identifier for the adult PA level (CURF),Administrative,NA,NA
National Aboriginal & Torres Strait Islander Nutrition & Physical Activity Survey,inp13bcd,ABSBID,Record identifier for the biomedical level (CURF),Administrative,NA,NA
National Aboriginal & Torres Strait Islander Nutrition & Physical Activity Survey,inp13bcd,ABSSID,Supplement record identifier,Administrative items,All levels,NA
National Aboriginal & Torres Strait Islander Nutrition & Physical Activity Survey,inp13bcd,ABSFID,Food record identifier,Administrative items,All levels,NA
National Aboriginal & Torres Strait Islander Nutrition & Physical Activity Survey,inp13bcd,ABSTID,Record identifier for the child 2 to 4 years level (CURF),Administrative,NA,NA
National Aboriginal & Torres Strait Islander Nutrition & Physical Activity Survey,inp13bcd,ABSKID,Record identifier for the child 5 to 17 years level (CURF),Administrative,NA,NA
National Aboriginal & Torres Strait Islander Nutrition & Physical Activity Survey,inp13bcd,ABSEID,Record identifier for the pedometer level (CURF),Administrative,NA,NA
National Aboriginal & Torres Strait Islander Nutrition & Physical Activity Survey,inp13bcd,ABSDID,Record identifier for the child 5 to 17 years detailed level (CURF),Administrative,NA,NA
National Aboriginal & Torres Strait Islander Nutrition & Physical Activity Survey,inp13bcd,CPATYPEC,Type of physical activity done on that day (5-17),Child (5-17) PA levels,All persons in non-remote areas aged 5-17 years,NA
National Aboriginal & Torres Strait Islander Nutrition & Physical Activity Survey,inp13bcd,CMVACTEC,Total minutes spent doing physical activity type that day (5-17),Child (5-17) PA levels,All persons in non-remote areas aged 5-17 years,NA
National Aboriginal & Torres Strait Islander Nutrition & Physical Activity Survey,inp13bcd,CMVACTNC,Total minutes spent doing non-organised physical activity type that day,Child (5-17) PA levels,All persons in non-remote areas aged 5-17 years,NA
National Aboriginal & Torres Strait Islander Nutrition & Physical Activity Survey,inp13bcd,DAY710,Day of week (detail level),Child (5-17) PA levels,All persons in non-remote areas aged 5-17 years,NA
National Aboriginal & Torres Strait Islander Nutrition & Physical Activity Survey,inp13bcd,METCHILD,MET score of activity - children,Child (5-17) PA levels,All persons in non-remote areas aged 5-17 years,NA
National Aboriginal & Torres Strait Islander Nutrition & Physical Activity Survey,inp13bcd,DAYTY710,Day Type (detail level),Child (5-17) PA levels,All persons in non-remote areas aged 5-17 years,NA
National Aboriginal & Torres Strait Islander Nutrition & Physical Activity Survey,inp13bcd,ORGFLAG,Whether physical activity was organised (5-17),Child (5-17) PA levels,All persons in non-remote areas aged 5-17 years,NA
National Aboriginal & Torres Strait Islander Nutrition & Physical Activity Survey,inp13bcd,CMVACTOR,Total minutes spent doing organised physical activity type that day,Child (5-17) PA levels,All persons in non-remote areas aged 5-17 years,NA
National Aboriginal & Torres Strait Islander Nutrition & Physical Activity Survey,inp13bcd,LEVEL7,Child 5-17 years physical activity detailed level (NR only),Administrative,NA,NA
National Aboriginal & Torres Strait Islander Nutrition & Physical Activity Survey,inp13bcd,ABSHID,Household identifier,Administrative items,All levels,NA
National Aboriginal & Torres Strait Islander Nutrition & Physical Activity Survey,inp13bcd,ABSLFID,Record identifier for the ADGSUM level,Administrative items,All levels,NA
National Aboriginal & Torres Strait Islander Nutrition & Physical Activity Survey,inp13bfd,ABSGID,Person number,Administrative,NA,NA
National Aboriginal & Torres Strait Islander Nutrition & Physical Activity Survey,inp13bfd,ABSCID,Record identifier for the conditions level (CURF),Administrative,NA,NA
National Aboriginal & Torres Strait Islander Nutrition & Physical Activity Survey,inp13bfd,ABSUID,Record identifier for the adult PA level (CURF),Administrative,NA,NA
National Aboriginal & Torres Strait Islander Nutrition & Physical Activity Survey,inp13bfd,ABSBID,Record identifier for the biomedical level (CURF),Administrative,NA,NA
National Aboriginal & Torres Strait Islander Nutrition & Physical Activity Survey,inp13bfd,ABSSID,Supplement record identifier,Administrative items,All levels,NA
National Aboriginal & Torres Strait Islander Nutrition & Physical Activity Survey,inp13bfd,ABSFID,Food record identifier,Administrative items,All levels,NA
National Aboriginal & Torres Strait Islander Nutrition & Physical Activity Survey,inp13bfd,ABSTID,Record identifier for the child 2 to 4 years level (CURF),Administrative,NA,NA
National Aboriginal & Torres Strait Islander Nutrition & Physical Activity Survey,inp13bfd,ABSKID,Record identifier for the child 5 to 17 years level (CURF),Administrative,NA,NA
National Aboriginal & Torres Strait Islander Nutrition & Physical Activity Survey,inp13bfd,ABSEID,Record identifier for the pedometer level (CURF),Administrative,NA,NA
National Aboriginal & Torres Strait Islander Nutrition & Physical Activity Survey,inp13bfd,ABSDID,Record identifier for the child 5 to 17 years detailed level (CURF),Administrative,NA,NA
National Aboriginal & Torres Strait Islander Nutrition & Physical Activity Survey,inp13bfd,FIVDIG,5 digit foodcode,Food level,All persons,X
National Aboriginal & Torres Strait Islander Nutrition & Physical Activity Survey,inp13bfd,FOODCODC,Food code (8 digit),Food level,All persons,NA
National Aboriginal & Torres Strait Islander Nutrition & Physical Activity Survey,inp13bfd,ENERGYWF,Energy with dietary fibre kJ,Food level,All persons,NA
National Aboriginal & Torres Strait Islander Nutrition & Physical Activity Survey,inp13bfd,ENERGYNF,Energy without dietary fibre kJ,Food level,All persons,NA
National Aboriginal & Torres Strait Islander Nutrition & Physical Activity Survey,inp13bfd,MOISTURE,Moisture g,Food level,All persons,NA
National Aboriginal & Torres Strait Islander Nutrition & Physical Activity Survey,inp13bfd,PROTEIN,Protein g,Food level,All persons,NA
National Aboriginal & Torres Strait Islander Nutrition & Physical Activity Survey,inp13bfd,FATG,Total fat g,Food level,All persons,NA
National Aboriginal & Torres Strait Islander Nutrition & Physical Activity Survey,inp13bfd,CHOWSA,Carbohydrate with sugar alcohols g,Food level,All persons,NA
National Aboriginal & Torres Strait Islander Nutrition & Physical Activity Survey,inp13bfd,CHOWOSA,Carbohydrate without sugar alcohols g,Food level,All persons,NA
National Aboriginal & Torres Strait Islander Nutrition & Physical Activity Survey,inp13bfd,STARCH,Starch g,Food level,All persons,NA
National Aboriginal & Torres Strait Islander Nutrition & Physical Activity Survey,inp13bfd,SUGARS,Total sugars g,Food level,All persons,NA
National Aboriginal & Torres Strait Islander Nutrition & Physical Activity Survey,inp13bfd,FIBRE,Dietary fibre g,Food level,All persons,NA
National Aboriginal & Torres Strait Islander Nutrition & Physical Activity Survey,inp13bfd,ALCOHOL,Alcohol g,Food level,All persons,NA
National Aboriginal & Torres Strait Islander Nutrition & Physical Activity Survey,inp13bfd,PREVITA,Preformed vitamin A (retinol) ug,Food level,All persons,NA
National Aboriginal & Torres Strait Islander Nutrition & Physical Activity Survey,inp13bfd,PROVITA,Pro-vitamin A (b-carotene equivalents) ug,Food level,All persons,NA
National Aboriginal & Torres Strait Islander Nutrition & Physical Activity Survey,inp13bfd,RETEQV,Retinol equivalents ug,Food level,All persons,NA
National Aboriginal & Torres Strait Islander Nutrition & Physical Activity Survey,inp13bfd,B1MG,Thiamin (B1) mg,Food level,All persons,NA
National Aboriginal & Torres Strait Islander Nutrition & Physical Activity Survey,inp13bfd,B2MG,Riboflavin (B2) mg,Food level,All persons,NA
National Aboriginal & Torres Strait Islander Nutrition & Physical Activity Survey,inp13bfd,B3MG,Niacin (B3) mg,Food level,All persons,NA
National Aboriginal & Torres Strait Islander Nutrition & Physical Activity Survey,inp13bfd,NIACINEQ,Niacin equivalents mg,Food level,All persons,NA
National Aboriginal & Torres Strait Islander Nutrition & Physical Activity Survey,inp13bfd,FOLATEUG,Folate natural ug,Food level,All persons,NA
National Aboriginal & Torres Strait Islander Nutrition & Physical Activity Survey,inp13bfd,FOLACID,Folic acid ug,Food level,All persons,NA
National Aboriginal & Torres Strait Islander Nutrition & Physical Activity Survey,inp13bfd,FOLATEQV,Dietary folate equivalents ug,Food level,All persons,NA
National Aboriginal & Torres Strait Islander Nutrition & Physical Activity Survey,inp13bfd,B6MG,Vitamin B6 mg,Food level,All persons,NA
National Aboriginal & Torres Strait Islander Nutrition & Physical Activity Survey,inp13bfd,B12UG,Vitamin B12 ug,Food level,All persons,NA
National Aboriginal & Torres Strait Islander Nutrition & Physical Activity Survey,inp13bfd,VITCMG,Vitamin C mg,Food level,All persons,NA
National Aboriginal & Torres Strait Islander Nutrition & Physical Activity Survey,inp13bfd,VITEMG,Vitamin E mg,Food level,All persons,NA
National Aboriginal & Torres Strait Islander Nutrition & Physical Activity Survey,inp13bfd,CALMG,Calcium mg,Food level,All persons,NA
National Aboriginal & Torres Strait Islander Nutrition & Physical Activity Survey,inp13bfd,IODINEUG,Iodine ug,Food level,All persons,NA
National Aboriginal & Torres Strait Islander Nutrition & Physical Activity Survey,inp13bfd,IRONMG,Iron mg,Food level,All persons,NA
National Aboriginal & Torres Strait Islander Nutrition & Physical Activity Survey,inp13bfd,MAGMG,Magnesium mg,Food level,All persons,NA
National Aboriginal & Torres Strait Islander Nutrition & Physical Activity Survey,inp13bfd,PHOSMG,Phosphorous mg,Food level,All persons,NA
National Aboriginal & Torres Strait Islander Nutrition & Physical Activity Survey,inp13bfd,POTASMG,Potassium mg,Food level,All persons,NA
National Aboriginal & Torres Strait Islander Nutrition & Physical Activity Survey,inp13bfd,SELUG,Selenium ug,Food level,All persons,NA
National Aboriginal & Torres Strait Islander Nutrition & Physical Activity Survey,inp13bfd,SODMG,Sodium mg,Food level,All persons,NA
National Aboriginal & Torres Strait Islander Nutrition & Physical Activity Survey,inp13bfd,ZINCMG,Zinc mg,Food level,All persons,NA
National Aboriginal & Torres Strait Islander Nutrition & Physical Activity Survey,inp13bfd,CAFFMG,Caffeine mg,Food level,All persons,NA
National Aboriginal & Torres Strait Islander Nutrition & Physical Activity Survey,inp13bfd,CHOLMG,Cholesterol mg,Food level,All persons,NA
National Aboriginal & Torres Strait Islander Nutrition & Physical Activity Survey,inp13bfd,SFAG,Saturated fat g,Food level,All persons,NA
National Aboriginal & Torres Strait Islander Nutrition & Physical Activity Survey,inp13bfd,MUFAG,Monounsaturated fat g,Food level,All persons,NA
National Aboriginal & Torres Strait Islander Nutrition & Physical Activity Survey,inp13bfd,PUFAG,Polyunsaturated fat g,Food level,All persons,NA
National Aboriginal & Torres Strait Islander Nutrition & Physical Activity Survey,inp13bfd,LAG,Linoleic acid g,Food level,All persons,NA
National Aboriginal & Torres Strait Islander Nutrition & Physical Activity Survey,inp13bfd,ALAG,Alpha-linolenic acid g,Food level,All persons,NA
National Aboriginal & Torres Strait Islander Nutrition & Physical Activity Survey,inp13bfd,LCN3MG,Total long chain omega 3 fatty acids mg,Food level,All persons,NA
National Aboriginal & Torres Strait Islander Nutrition & Physical Activity Survey,inp13bfd,TRANSMG,Trans fatty acids mg,Food level,All persons,NA
National Aboriginal & Torres Strait Islander Nutrition & Physical Activity Survey,inp13bfd,TOTFOL,Total folates ug,Food level,All persons,NA
National Aboriginal & Torres Strait Islander Nutrition & Physical Activity Survey,inp13bfd,DISCFLG,Flag for discretionary food,Food level,All persons,NA
National Aboriginal & Torres Strait Islander Nutrition & Physical Activity Survey,inp13bfd,DAYNUM,Day Number for Intake,Food level,All persons,NA
National Aboriginal & Torres Strait Islander Nutrition & Physical Activity Survey,inp13bfd,COMBCODE,Food combination type,Food level,All persons,NA
National Aboriginal & Torres Strait Islander Nutrition & Physical Activity Survey,inp13bfd,GRAMWGT,Gram weight of food,Food level,All persons,NA
National Aboriginal & Torres Strait Islander Nutrition & Physical Activity Survey,inp13bfd,EATOCC,Eating Occasion,Food level,All persons,NA
National Aboriginal & Torres Strait Islander Nutrition & Physical Activity Survey,inp13bfd,EATTIMEC,Time began to eat/drink food,Food level,All persons,NA
National Aboriginal & Torres Strait Islander Nutrition & Physical Activity Survey,inp13bfd,LEVEL11,Food level,Administrative items,Food,NA
National Aboriginal & Torres Strait Islander Nutrition & Physical Activity Survey,inp13bfd,THRDIG,Sub-major food groups,Food level,All persons,X
National Aboriginal & Torres Strait Islander Nutrition & Physical Activity Survey,inp13bfd,TWDIG,Major food groups,Food level,All persons,X
National Aboriginal & Torres Strait Islander Nutrition & Physical Activity Survey,inp13bfd,GRNSRV,Grains and cereals (serves),Food level,All persons,X
National Aboriginal & Torres Strait Islander Nutrition & Physical Activity Survey,inp13bfd,WGSRV,Wholegrain or high fibre cereal/grains (serves),Food level,All persons,X
National Aboriginal & Torres Strait Islander Nutrition & Physical Activity Survey,inp13bfd,WGBRSRV,Wholegrain or high fibre breads (serves),Food level,All persons,X
National Aboriginal & Torres Strait Islander Nutrition & Physical Activity Survey,inp13bfd,WGGNSRV,Wholegrain or high fibre grains (excluding oats) (serves),Food level,All persons,X
National Aboriginal & Torres Strait Islander Nutrition & Physical Activity Survey,inp13bfd,WGOASRV,Wholegrain or high fibre oats (serves),Food level,All persons,X
National Aboriginal & Torres Strait Islander Nutrition & Physical Activity Survey,inp13bfd,WGBFSRV,Wholegrain or high fibre breakfast cereal flakes (serves),Food level,All persons,X
National Aboriginal & Torres Strait Islander Nutrition & Physical Activity Survey,inp13bfd,WGSVSRV,Wholegrain or high fibre savoury crackers/cripsbreads (serves),Food level,All persons,X
National Aboriginal & Torres Strait Islander Nutrition & Physical Activity Survey,inp13bfd,WGCRSRV,Wholegrain or high fibre crumpets (serves),Food level,All persons,X
National Aboriginal & Torres Strait Islander Nutrition & Physical Activity Survey,inp13bfd,WGMFSRV,Wholegrain or high fibre English muffins and scones (serves),Food level,All persons,X
National Aboriginal & Torres Strait Islander Nutrition & Physical Activity Survey,inp13bfd,WGFLSRV,Wholegrain or high fibre flour (serves),Food level,All persons,X
National Aboriginal & Torres Strait Islander Nutrition & Physical Activity Survey,inp13bfd,RFGRSRV,Refined or lower fibre cereals/grains (serves),Food level,All persons,X
National Aboriginal & Torres Strait Islander Nutrition & Physical Activity Survey,inp13bfd,RFBRSRV,Refined or lower fibre grain breads (serves),Food level,All persons,X
National Aboriginal & Torres Strait Islander Nutrition & Physical Activity Survey,inp13bfd,RFGNSRV,Refined or lower fibre grains (excluding oats) (serves),Food level,All persons,X
National Aboriginal & Torres Strait Islander Nutrition & Physical Activity Survey,inp13bfd,RFOASRV,Refined or lower fibre oats (serves),Food level,All persons,X
National Aboriginal & Torres Strait Islander Nutrition & Physical Activity Survey,inp13bfd,RFBFSRV,Refined or lower fibre breakfast cereal flakes (serves),Food level,All persons,X
National Aboriginal & Torres Strait Islander Nutrition & Physical Activity Survey,inp13bfd,RFSVSRV,Refined or lower fibre savoury crackers/cripsbreads (serves),Food level,All persons,X
National Aboriginal & Torres Strait Islander Nutrition & Physical Activity Survey,inp13bfd,RFCRSRV,Refined or lower fibre crumpets (serves),Food level,All persons,X
National Aboriginal & Torres Strait Islander Nutrition & Physical Activity Survey,inp13bfd,RFMFSRV,Refined or lower fibre English muffins and scones (serves),Food level,All persons,X
National Aboriginal & Torres Strait Islander Nutrition & Physical Activity Survey,inp13bfd,RFFLSRV,Refined or lower fibre flour (serves),Food level,All persons,X
National Aboriginal & Torres Strait Islander Nutrition & Physical Activity Survey,inp13bfd,VEGSRV,Vegetables and legumes/beans (serves),Food level,All persons,X
National Aboriginal & Torres Strait Islander Nutrition & Physical Activity Survey,inp13bfd,VGGRSRV,Green and brassica vegetables (serves),Food level,All persons,X
National Aboriginal & Torres Strait Islander Nutrition & Physical Activity Survey,inp13bfd,VGORSRV,Orange vegetables (serves),Food level,All persons,X
National Aboriginal & Torres Strait Islander Nutrition & Physical Activity Survey,inp13bfd,STARSRV,Starchy vegetables (serves),Food level,All persons,X
National Aboriginal & Torres Strait Islander Nutrition & Physical Activity Survey,inp13bfd,LEGVGSRV,Legumes as a vegetable (serves),Food level,All persons,X
National Aboriginal & Torres Strait Islander Nutrition & Physical Activity Survey,inp13bfd,OTHVGSRV,Other vegetables (serves),Food level,All persons,X
National Aboriginal & Torres Strait Islander Nutrition & Physical Activity Survey,inp13bfd,OWHLVSRV,Whole vegetables (serves),Food level,All persons,X
National Aboriginal & Torres Strait Islander Nutrition & Physical Activity Survey,inp13bfd,OVGJSRV,Vegetable Juice (serves),Food level,All persons,X
National Aboriginal & Torres Strait Islander Nutrition & Physical Activity Survey,inp13bfd,FRUITSRV,Fruit (serves),Food level,All persons,X
National Aboriginal & Torres Strait Islander Nutrition & Physical Activity Survey,inp13bfd,FRSHFSRV,Fresh/canned fruit (serves),Food level,All persons,X
National Aboriginal & Torres Strait Islander Nutrition & Physical Activity Survey,inp13bfd,DRFRSRV,Dried fruit (serves),Food level,All persons,X
National Aboriginal & Torres Strait Islander Nutrition & Physical Activity Survey,inp13bfd,FRJCSRV,Fruit juice (serves),Food level,All persons,X
National Aboriginal & Torres Strait Islander Nutrition & Physical Activity Survey,inp13bfd,DAIRYSRV,"Milk, yoghurt, cheese and/or alternatives (serves)",Food level,All persons,X
National Aboriginal & Torres Strait Islander Nutrition & Physical Activity Survey,inp13bfd,HFDASRV,Higher fat dairy foods (>10 pc. fat) (serves),Food level,All persons,X
National Aboriginal & Torres Strait Islander Nutrition & Physical Activity Survey,inp13bfd,HFCHSSRV,Higher fat cheese (serves),Food level,All persons,X
National Aboriginal & Torres Strait Islander Nutrition & Physical Activity Survey,inp13bfd,HFPOWSRV,Higher fat milk powder only (serves),Food level,All persons,X
National Aboriginal & Torres Strait Islander Nutrition & Physical Activity Survey,inp13bfd,MFDASRV,Medium fat dairy foods (4-10 pc. fat) (serves),Food level,All persons,X
National Aboriginal & Torres Strait Islander Nutrition & Physical Activity Survey,inp13bfd,MFMLKSRV,Medium fat milk (serves),Food level,All persons,X
National Aboriginal & Torres Strait Islander Nutrition & Physical Activity Survey,inp13bfd,MFEVPSRV,Medium fat evaporated milk (serves),Food level,All persons,X
National Aboriginal & Torres Strait Islander Nutrition & Physical Activity Survey,inp13bfd,MFCONSRV,Medium fat condensed milk (serves),Food level,All persons,X
National Aboriginal & Torres Strait Islander Nutrition & Physical Activity Survey,inp13bfd,MFCHHSRV,"Medium fat cheese, hard and soft (serves)",Food level,All persons,X
National Aboriginal & Torres Strait Islander Nutrition & Physical Activity Survey,inp13bfd,MFCHSSRV,"Medium fat cheese, fresh (serves)",Food level,All persons,X
National Aboriginal & Torres Strait Islander Nutrition & Physical Activity Survey,inp13bfd,MFYOGSRV,"Medium fat yoghurt, dairy based (serves)",Food level,All persons,X
National Aboriginal & Torres Strait Islander Nutrition & Physical Activity Survey,inp13bfd,MFALTSRV,"Medium fat milk alternative beverage, calcium enriched (serves)",Food level,All persons,X
National Aboriginal & Torres Strait Islander Nutrition & Physical Activity Survey,inp13bfd,MFSNASRV,Medium fat dairy-based snack foods (serves),Food level,All persons,X
National Aboriginal & Torres Strait Islander Nutrition & Physical Activity Survey,inp13bfd,LFDASRV,Lower fat dairy foods (<4 pc. fat) (serves),Food level,All persons,X
National Aboriginal & Torres Strait Islander Nutrition & Physical Activity Survey,inp13bfd,LFMLKSRV,Lower fat milk (serves),Food level,All persons,X
National Aboriginal & Torres Strait Islander Nutrition & Physical Activity Survey,inp13bfd,LFEVPSRV,Lower fat evaporated milk (serves),Food level,All persons,X
National Aboriginal & Torres Strait Islander Nutrition & Physical Activity Survey,inp13bfd,LFCONSRV,Lower fat condensed milk (serves),Food level,All persons,X
National Aboriginal & Torres Strait Islander Nutrition & Physical Activity Survey,inp13bfd,LFCHHSRV,"Lower fat cheese, hard and soft (serves)",Food level,All persons,X
National Aboriginal & Torres Strait Islander Nutrition & Physical Activity Survey,inp13bfd,LFCHSSRV,"Lower fat cheese, fresh (serves)",Food level,All persons,X
National Aboriginal & Torres Strait Islander Nutrition & Physical Activity Survey,inp13bfd,LFYOGSRV,"Lower fat yoghurt, dairy based (serves)",Food level,All persons,X
National Aboriginal & Torres Strait Islander Nutrition & Physical Activity Survey,inp13bfd,LFALTSRV,"Lower fat milk alternative beverage, calcium enriched (serves)",Food level,All persons,X
National Aboriginal & Torres Strait Islander Nutrition & Physical Activity Survey,inp13bfd,LFSNASRV,Lower fat dairy-based snack foods (serves),Food level,All persons,X
National Aboriginal & Torres Strait Islander Nutrition & Physical Activity Survey,inp13bfd,LFPOWSRV,Lower fat milk powder only (serves),Food level,All persons,X
National Aboriginal & Torres Strait Islander Nutrition & Physical Activity Survey,inp13bfd,MEATSRV,"Meats, poultry, fish, eggs, tofu, nuts and seeds and legumes/beans (serves)",Food level,All persons,X
National Aboriginal & Torres Strait Islander Nutrition & Physical Activity Survey,inp13bfd,RMTLSRV,"Red meat, lean (<10 pc. fat) (serves)",Food level,All persons,X
National Aboriginal & Torres Strait Islander Nutrition & Physical Activity Survey,inp13bfd,RMTLUSRV,Red meat unprocessed (<10 pc. fat) (serves),Food level,All persons,X
National Aboriginal & Torres Strait Islander Nutrition & Physical Activity Survey,inp13bfd,RMTLPSRV,Red meat processed (<10 pc fat) (serves),Food level,All persons,X
National Aboriginal & Torres Strait Islander Nutrition & Physical Activity Survey,inp13bfd,RMTNSRV,"Red meat, non-lean (>=10 pc. fat) (serves)",Food level,All persons,X
National Aboriginal & Torres Strait Islander Nutrition & Physical Activity Survey,inp13bfd,RMTNUSRV,Red meat unprocessed (>=10 pc. fat) (serves),Food level,All persons,X
National Aboriginal & Torres Strait Islander Nutrition & Physical Activity Survey,inp13bfd,RMTNPSRV,Red meat processed (>=10 pc. fat) (serves),Food level,All persons,X
National Aboriginal & Torres Strait Islander Nutrition & Physical Activity Survey,inp13bfd,PLYLSRV,"Poultry, lean(<10 pc. fat) (serves)",Food level,All persons,X
National Aboriginal & Torres Strait Islander Nutrition & Physical Activity Survey,inp13bfd,PLYLUSRV,Poultry unprocessed (<10 pc. fat) (serves),Food level,All persons,X
National Aboriginal & Torres Strait Islander Nutrition & Physical Activity Survey,inp13bfd,PLYLPSRV,Poultry processed (<10 pc. fat) (serves),Food level,All persons,X
National Aboriginal & Torres Strait Islander Nutrition & Physical Activity Survey,inp13bfd,PLYNSRV,"Poultry, non-lean (>=10 pc. fat) (serves)",Food level,All persons,X
National Aboriginal & Torres Strait Islander Nutrition & Physical Activity Survey,inp13bfd,PLYNUSRV,Poultry unprocessed (>=10 pc. fat) (serves),Food level,All persons,X
National Aboriginal & Torres Strait Islander Nutrition & Physical Activity Survey,inp13bfd,PLYNPSRV,Poultry processed (>=10 pc. fat) (serves),Food level,All persons,X
National Aboriginal & Torres Strait Islander Nutrition & Physical Activity Survey,inp13bfd,FISHSRV,Fish and seafood (serves),Food level,All persons,X
National Aboriginal & Torres Strait Islander Nutrition & Physical Activity Survey,inp13bfd,EGGSSRV,Eggs (serves),Food level,All persons,X
National Aboriginal & Torres Strait Islander Nutrition & Physical Activity Survey,inp13bfd,LEGMTSRV,Legumes as meat alternative (serves),Food level,All persons,X
National Aboriginal & Torres Strait Islander Nutrition & Physical Activity Survey,inp13bfd,LEGBSRV,Legumes/beans (serves),Food level,All persons,X
National Aboriginal & Torres Strait Islander Nutrition & Physical Activity Survey,inp13bfd,TOFUSRV,Tofu (serves),Food level,All persons,X
National Aboriginal & Torres Strait Islander Nutrition & Physical Activity Survey,inp13bfd,NUTSSRV,Nuts and seeds (serves),Food level,All persons,X
National Aboriginal & Torres Strait Islander Nutrition & Physical Activity Survey,inp13bfd,WATRSRV,Water (serves),Food level,All persons,X
National Aboriginal & Torres Strait Islander Nutrition & Physical Activity Survey,inp13bfd,UNSTSRV,Unsaturated spreads and oils (serves),Food level,All persons,X
National Aboriginal & Torres Strait Islander Nutrition & Physical Activity Survey,inp13bfd,UNSTSSRV,Unsaturated spreads (serves),Food level,All persons,X
National Aboriginal & Torres Strait Islander Nutrition & Physical Activity Survey,inp13bfd,UNSTOSRV,Unsaturated oils (serves),Food level,All persons,X
National Aboriginal & Torres Strait Islander Nutrition & Physical Activity Survey,inp13bfd,NUTFTSRV,Nuts (serves),Food level,All persons,X
National Aboriginal & Torres Strait Islander Nutrition & Physical Activity Survey,inp13bfd,GRNGM,Grains and cereals (g),Food level,All persons,X
National Aboriginal & Torres Strait Islander Nutrition & Physical Activity Survey,inp13bfd,WGGM,Wholegrain or high fibre cereal/grains (g),Food level,All persons,X
National Aboriginal & Torres Strait Islander Nutrition & Physical Activity Survey,inp13bfd,WGBRGM,Wholegrain or high fibre breads (g),Food level,All persons,X
National Aboriginal & Torres Strait Islander Nutrition & Physical Activity Survey,inp13bfd,WGGNGM,Wholegrain or high fibre grains (excluding oats) (g),Food level,All persons,X
National Aboriginal & Torres Strait Islander Nutrition & Physical Activity Survey,inp13bfd,WGOAGM,Wholegrain or high fibre oats (g),Food level,All persons,X
National Aboriginal & Torres Strait Islander Nutrition & Physical Activity Survey,inp13bfd,WGBFGM,Wholegrain or high fibre breakfast cereal flakes (g),Food level,All persons,X
National Aboriginal & Torres Strait Islander Nutrition & Physical Activity Survey,inp13bfd,WGSVGM,Wholegrain or high fibre savoury crackers/cripsbreads (g),Food level,All persons,X
National Aboriginal & Torres Strait Islander Nutrition & Physical Activity Survey,inp13bfd,WGCRGM,Wholegrain or high fibre crumpets (g),Food level,All persons,X
National Aboriginal & Torres Strait Islander Nutrition & Physical Activity Survey,inp13bfd,WGMFGM,Wholegrain or high fibre English muffins and scones (g),Food level,All persons,X
National Aboriginal & Torres Strait Islander Nutrition & Physical Activity Survey,inp13bfd,WGFLGM,Wholegrain or high fibre flour (g),Food level,All persons,X
National Aboriginal & Torres Strait Islander Nutrition & Physical Activity Survey,inp13bfd,RFGRGM,Refined or lower fibre cereals/grains (g),Food level,All persons,X
National Aboriginal & Torres Strait Islander Nutrition & Physical Activity Survey,inp13bfd,RFBRGM,Refined or lower fibre grain breads (g),Food level,All persons,X
National Aboriginal & Torres Strait Islander Nutrition & Physical Activity Survey,inp13bfd,RFGNGM,Refined or lower fibre grains (excluding oats) (g),Food level,All persons,X
National Aboriginal & Torres Strait Islander Nutrition & Physical Activity Survey,inp13bfd,RFOAGM,Refined or lower fibre oats (g),Food level,All persons,X
National Aboriginal & Torres Strait Islander Nutrition & Physical Activity Survey,inp13bfd,RFBFGM,Refined or lower fibre breakfast cereal flakes (g),Food level,All persons,X
National Aboriginal & Torres Strait Islander Nutrition & Physical Activity Survey,inp13bfd,RFSVGM,Refined or lower fibre savoury crackers/cripsbreads (g),Food level,All persons,X
National Aboriginal & Torres Strait Islander Nutrition & Physical Activity Survey,inp13bfd,RFCRGM,Refined or lower fibre crumpets (g),Food level,All persons,X
National Aboriginal & Torres Strait Islander Nutrition & Physical Activity Survey,inp13bfd,RFMFGM,Refined or lower fibre English muffins and scones (g),Food level,All persons,X
National Aboriginal & Torres Strait Islander Nutrition & Physical Activity Survey,inp13bfd,RFFLGM,Refined or lower fibre flour (g),Food level,All persons,X
National Aboriginal & Torres Strait Islander Nutrition & Physical Activity Survey,inp13bfd,VEGGM,Vegetables and legumes/beans (g),Food level,All persons,X
National Aboriginal & Torres Strait Islander Nutrition & Physical Activity Survey,inp13bfd,VGGRGM,Green and brassica vegetables (g),Food level,All persons,X
National Aboriginal & Torres Strait Islander Nutrition & Physical Activity Survey,inp13bfd,VGORGM,Orange vegetables (g),Food level,All persons,X
National Aboriginal & Torres Strait Islander Nutrition & Physical Activity Survey,inp13bfd,STARGM,Starchy vegetables (g),Food level,All persons,X
National Aboriginal & Torres Strait Islander Nutrition & Physical Activity Survey,inp13bfd,LEGVGGM,Legumes as a vegetable (g),Food level,All persons,X
National Aboriginal & Torres Strait Islander Nutrition & Physical Activity Survey,inp13bfd,OTHVGGM,Other vegetables (g),Food level,All persons,X
National Aboriginal & Torres Strait Islander Nutrition & Physical Activity Survey,inp13bfd,OWHLVGM,Whole vegetables (g),Food level,All persons,X
National Aboriginal & Torres Strait Islander Nutrition & Physical Activity Survey,inp13bfd,OVGJGM,Vegetable Juice (g),Food level,All persons,X
National Aboriginal & Torres Strait Islander Nutrition & Physical Activity Survey,inp13bfd,FRUITGM,Fruit (g),Food level,All persons,X
National Aboriginal & Torres Strait Islander Nutrition & Physical Activity Survey,inp13bfd,FRSHFGM,Fresh/canned fruit (g),Food level,All persons,X
National Aboriginal & Torres Strait Islander Nutrition & Physical Activity Survey,inp13bfd,DRFRGM,Dried fruit (g),Food level,All persons,X
National Aboriginal & Torres Strait Islander Nutrition & Physical Activity Survey,inp13bfd,FRJCGM,Fruit juice (g),Food level,All persons,X
National Aboriginal & Torres Strait Islander Nutrition & Physical Activity Survey,inp13bfd,DAIRYGM,"Milk, yoghurt, cheese and/or alternatives (g)",Food level,All persons,X
National Aboriginal & Torres Strait Islander Nutrition & Physical Activity Survey,inp13bfd,HFDAGM,Higher fat dairy foods (>10 pc. fat) (g),Food level,All persons,X
National Aboriginal & Torres Strait Islander Nutrition & Physical Activity Survey,inp13bfd,HFCHSGM,Higher fat cheese (g),Food level,All persons,X
National Aboriginal & Torres Strait Islander Nutrition & Physical Activity Survey,inp13bfd,HFPOWGM,Higher fat milk powder only (g),Food level,All persons,X
National Aboriginal & Torres Strait Islander Nutrition & Physical Activity Survey,inp13bfd,MFDAGM,Medium fat dairy foods (4-10 pc. fat) (g),Food level,All persons,X
National Aboriginal & Torres Strait Islander Nutrition & Physical Activity Survey,inp13bfd,MFMLKGM,Medium fat milk (g),Food level,All persons,X
National Aboriginal & Torres Strait Islander Nutrition & Physical Activity Survey,inp13bfd,MFEVPGM,Medium fat evaporated milk (g),Food level,All persons,X
National Aboriginal & Torres Strait Islander Nutrition & Physical Activity Survey,inp13bfd,MFCONGM,Medium fat condensed milk (g),Food level,All persons,X
National Aboriginal & Torres Strait Islander Nutrition & Physical Activity Survey,inp13bfd,MFCHHGM,"Medium fat cheese, hard and soft (g)",Food level,All persons,X
National Aboriginal & Torres Strait Islander Nutrition & Physical Activity Survey,inp13bfd,MFCHSGM,"Medium fat cheese, fresh (g)",Food level,All persons,X
National Aboriginal & Torres Strait Islander Nutrition & Physical Activity Survey,inp13bfd,MFYOGGM,"Medium fat yoghurt, dairy based (g)",Food level,All persons,X
National Aboriginal & Torres Strait Islander Nutrition & Physical Activity Survey,inp13bfd,MFALTGM,"Medium fat milk alternative beverage, calcium enriched (g)",Food level,All persons,X
National Aboriginal & Torres Strait Islander Nutrition & Physical Activity Survey,inp13bfd,MFSNAGM,Medium fat dairy-based snack foods (g),Food level,All persons,X
National Aboriginal & Torres Strait Islander Nutrition & Physical Activity Survey,inp13bfd,LFDAGM,Lower fat dairy foods (<4 pc. fat) (g),Food level,All persons,X
National Aboriginal & Torres Strait Islander Nutrition & Physical Activity Survey,inp13bfd,LFMLKGM,Lower fat milk (g),Food level,All persons,X
National Aboriginal & Torres Strait Islander Nutrition & Physical Activity Survey,inp13bfd,LFEVPGM,Lower fat evaporated milk (g),Food level,All persons,X
National Aboriginal & Torres Strait Islander Nutrition & Physical Activity Survey,inp13bfd,LFCONGM,Lower fat condensed milk (g),Food level,All persons,X
National Aboriginal & Torres Strait Islander Nutrition & Physical Activity Survey,inp13bfd,LFCHHGM,"Lower fat cheese, hard and soft (g)",Food level,All persons,X
National Aboriginal & Torres Strait Islander Nutrition & Physical Activity Survey,inp13bfd,LFCHSGM,"Lower fat cheese, fresh (g)",Food level,All persons,X
National Aboriginal & Torres Strait Islander Nutrition & Physical Activity Survey,inp13bfd,LFYOGGM,"Lower fat yoghurt, dairy based (g)",Food level,All persons,X
National Aboriginal & Torres Strait Islander Nutrition & Physical Activity Survey,inp13bfd,LFALTGM,"Lower fat milk alternative beverage, calcium enriched (g)",Food level,All persons,X
National Aboriginal & Torres Strait Islander Nutrition & Physical Activity Survey,inp13bfd,LFSNAGM,Lower fat dairy-based snack foods (g),Food level,All persons,X
National Aboriginal & Torres Strait Islander Nutrition & Physical Activity Survey,inp13bfd,LFPOWGM,Lower fat milk powder only (g),Food level,All persons,X
National Aboriginal & Torres Strait Islander Nutrition & Physical Activity Survey,inp13bfd,MEATGM,"Meats, poultry, fish, eggs, tofu, nuts and seeds and legumes/beans (g)",Food level,All persons,X
National Aboriginal & Torres Strait Islander Nutrition & Physical Activity Survey,inp13bfd,RMTLGM,"Red meat, lean (<10 pc. fat) (g)",Food level,All persons,X
National Aboriginal & Torres Strait Islander Nutrition & Physical Activity Survey,inp13bfd,RMTLUGM,Red meat unprocessed (<10 pc. fat) (g),Food level,All persons,X
National Aboriginal & Torres Strait Islander Nutrition & Physical Activity Survey,inp13bfd,RMTLPGM,Red meat processed (<10 pc fat) (g),Food level,All persons,X
National Aboriginal & Torres Strait Islander Nutrition & Physical Activity Survey,inp13bfd,RMTNGM,"Red meat, non-lean (>=10 pc. fat) (g)",Food level,All persons,X
National Aboriginal & Torres Strait Islander Nutrition & Physical Activity Survey,inp13bfd,RMTNUGM,Red meat unprocessed (>=10 pc. fat) (g),Food level,All persons,X
National Aboriginal & Torres Strait Islander Nutrition & Physical Activity Survey,inp13bfd,RMTNPGM,Red meat processed (>=10 pc. fat) (g),Food level,All persons,X
National Aboriginal & Torres Strait Islander Nutrition & Physical Activity Survey,inp13bfd,PLYLGM,"Poultry, lean (<10 pc. fat) (g)",Food level,All persons,X
National Aboriginal & Torres Strait Islander Nutrition & Physical Activity Survey,inp13bfd,PLYLUGM,Poultry unprocessed (<10 pc. fat) (g),Food level,All persons,X
National Aboriginal & Torres Strait Islander Nutrition & Physical Activity Survey,inp13bfd,PLYLPGM,Poultry processed (<10 pc. fat) (g),Food level,All persons,X
National Aboriginal & Torres Strait Islander Nutrition & Physical Activity Survey,inp13bfd,PLYNGM,"Poultry, non-lean (>=10 pc. fat) (g)",Food level,All persons,X
National Aboriginal & Torres Strait Islander Nutrition & Physical Activity Survey,inp13bfd,PLYNUGM,Poultry unprocessed (>=10 pc. fat) (g),Food level,All persons,X
National Aboriginal & Torres Strait Islander Nutrition & Physical Activity Survey,inp13bfd,PLYNPGM,Poultry processed (>=10 pc. fat) (g),Food level,All persons,X
National Aboriginal & Torres Strait Islander Nutrition & Physical Activity Survey,inp13bfd,FISHGM,Fish and seafood (g),Food level,All persons,X
National Aboriginal & Torres Strait Islander Nutrition & Physical Activity Survey,inp13bfd,EGGSGM,Eggs (g),Food level,All persons,X
National Aboriginal & Torres Strait Islander Nutrition & Physical Activity Survey,inp13bfd,LEGMTGM,Legumes as meat alternative (g),Food level,All persons,X
National Aboriginal & Torres Strait Islander Nutrition & Physical Activity Survey,inp13bfd,LEGBGM,Legumes/beans (g),Food level,All persons,X
National Aboriginal & Torres Strait Islander Nutrition & Physical Activity Survey,inp13bfd,TOFUGM,Tofu (g),Food level,All persons,X
National Aboriginal & Torres Strait Islander Nutrition & Physical Activity Survey,inp13bfd,NUTSGM,Nuts and seeds (g),Food level,All persons,X
National Aboriginal & Torres Strait Islander Nutrition & Physical Activity Survey,inp13bfd,WATRGM,Water (g),Food level,All persons,X
National Aboriginal & Torres Strait Islander Nutrition & Physical Activity Survey,inp13bfd,UNSTGM,Unsaturated spreads and oils (g),Food level,All persons,X
National Aboriginal & Torres Strait Islander Nutrition & Physical Activity Survey,inp13bfd,UNSTSGM,Unsaturated spreads (g),Food level,All persons,X
National Aboriginal & Torres Strait Islander Nutrition & Physical Activity Survey,inp13bfd,UNSTOGM,Unsaturated oils (g),Food level,All persons,X
National Aboriginal & Torres Strait Islander Nutrition & Physical Activity Survey,inp13bfd,NUTFTGM,Nuts (g),Food level,All persons,X
National Aboriginal & Torres Strait Islander Nutrition & Physical Activity Survey,inp13bfd,ADDSGGRM,Added sugars (Food Standards) (g),Food level,All persons,NA
National Aboriginal & Torres Strait Islander Nutrition & Physical Activity Survey,inp13bfd,FRESGGRM,Added sugars (WHO) (g),Food level,All persons,NA
National Aboriginal & Torres Strait Islander Nutrition & Physical Activity Survey,inp13bfd,MTTLSRV,"Meats, poultry and alternatives, ADG criteria (serves)",Food level,All persons,X
National Aboriginal & Torres Strait Islander Nutrition & Physical Activity Survey,inp13bfd,MTTNSRV,"Meats, poultry and alternatives, non-ADG criteria (serves)",Food level,All persons,X
National Aboriginal & Torres Strait Islander Nutrition & Physical Activity Survey,inp13bfd,RMTTSRV,"Red meat, total (serves)",Food level,All persons,X
National Aboriginal & Torres Strait Islander Nutrition & Physical Activity Survey,inp13bfd,RMTTUSRV,"Red meat unprocessed, total (serves)",Food level,All persons,X
National Aboriginal & Torres Strait Islander Nutrition & Physical Activity Survey,inp13bfd,PLYTSRV,"Poultry, total (serves)",Food level,All persons,X
National Aboriginal & Torres Strait Islander Nutrition & Physical Activity Survey,inp13bfd,PLYTUSRV,"Poultry unprocessed, total (serves)",Food level,All persons,X
National Aboriginal & Torres Strait Islander Nutrition & Physical Activity Survey,inp13bfd,MTTLGM,"Meats, poultry and alternatives, ADG criteria (g)",Food level,All persons,X
National Aboriginal & Torres Strait Islander Nutrition & Physical Activity Survey,inp13bfd,MTTNGM,"Meats, poultry and alternatives, non-ADG criteria (discretionary) (g)",Food level,All persons,X
National Aboriginal & Torres Strait Islander Nutrition & Physical Activity Survey,inp13bfd,RMTTGM,"Red meat, total (g)",Food level,All persons,X
National Aboriginal & Torres Strait Islander Nutrition & Physical Activity Survey,inp13bfd,RMTTUGM,"Red meat unprocessed, total (g)",Food level,All persons,X
National Aboriginal & Torres Strait Islander Nutrition & Physical Activity Survey,inp13bfd,PLYTGM,"Poultry, total (g)",Food level,All persons,X
National Aboriginal & Torres Strait Islander Nutrition & Physical Activity Survey,inp13bfd,PLYTUGM,"Poultry unprocessed, total (g)",Food level,All persons,X
National Aboriginal & Torres Strait Islander Nutrition & Physical Activity Survey,inp13bfd,ABSHID,Household identifier,Administrative items,All levels,NA
National Aboriginal & Torres Strait Islander Nutrition & Physical Activity Survey,inp13bfd,ABSLFID,Record identifier for the ADGSUM level,Administrative items,All levels,NA
National Aboriginal & Torres Strait Islander Nutrition & Physical Activity Survey,inp13bsp,AGEDIABB,Age first told had diabetes or high sugar levels,Health,All persons told they have diabetes/HSL (excl. Diabetes Insipidus),X
National Aboriginal & Torres Strait Islander Nutrition & Physical Activity Survey,inp13bsp,ABSGID,Person number,Administrative,NA,NA
National Aboriginal & Torres Strait Islander Nutrition & Physical Activity Survey,inp13bsp,ABSCID,Record identifier for the conditions level (CURF),Administrative,NA,NA
National Aboriginal & Torres Strait Islander Nutrition & Physical Activity Survey,inp13bsp,ABSUID,Record identifier for the adult PA level (CURF),Administrative,NA,NA
National Aboriginal & Torres Strait Islander Nutrition & Physical Activity Survey,inp13bsp,ABSBID,Record identifier for the biomedical level (CURF),Administrative,NA,NA
National Aboriginal & Torres Strait Islander Nutrition & Physical Activity Survey,inp13bsp,ABSSID,Supplement record identifier,Administrative items,All levels,NA
National Aboriginal & Torres Strait Islander Nutrition & Physical Activity Survey,inp13bsp,ABSFID,Food record identifier,Administrative items,All levels,NA
National Aboriginal & Torres Strait Islander Nutrition & Physical Activity Survey,inp13bsp,ABSTID,Record identifier for the child 2 to 4 years level (CURF),Administrative,NA,NA
National Aboriginal & Torres Strait Islander Nutrition & Physical Activity Survey,inp13bsp,ABSKID,Record identifier for the child 5 to 17 years level (CURF),Administrative,NA,NA
National Aboriginal & Torres Strait Islander Nutrition & Physical Activity Survey,inp13bsp,ABSEID,Record identifier for the pedometer level (CURF),Administrative,NA,NA
National Aboriginal & Torres Strait Islander Nutrition & Physical Activity Survey,inp13bsp,ABSDID,Record identifier for the child 5 to 17 years detailed level (CURF),Administrative,NA,NA
National Aboriginal & Torres Strait Islander Nutrition & Physical Activity Survey,inp13bsp,AGEEC,Age of person,DemographicsLanguage,All persons,X
National Aboriginal & Torres Strait Islander Nutrition & Physical Activity Survey,inp13bsp,MAINLANE,Main language spoken at home,DemographicsLanguage,All persons,X
National Aboriginal & Torres Strait Islander Nutrition & Physical Activity Survey,inp13bsp,PROFENGE,Proficiency in spoken English,DemographicsLanguage,All persons,X
National Aboriginal & Torres Strait Islander Nutrition & Physical Activity Survey,inp13bsp,HYSCHCBC,Highest year of school completed,Education,All persons aged 15 years and over,NA
National Aboriginal & Torres Strait Islander Nutrition & Physical Activity Survey,inp13bsp,HLVNSEDC,Level of highest non-school qualification,Education,All persons aged 15 years and over,NA
National Aboriginal & Torres Strait Islander Nutrition & Physical Activity Survey,inp13bsp,HEDATTC,Highest level of educational attainment,Education,All persons aged 15 years and over,X
National Aboriginal & Torres Strait Islander Nutrition & Physical Activity Survey,inp13bsp,USHRWKE,Hours usually worked each week (all jobs),Employment,All employed persons aged 15 years and over,X
National Aboriginal & Torres Strait Islander Nutrition & Physical Activity Survey,inp13bsp,LFSBC,"Labour force, full-time/part-time status",Employment,All persons aged 15 years and over,NA
National Aboriginal & Torres Strait Islander Nutrition & Physical Activity Survey,inp13bsp,ANZSICC,Industry ANZSIC 2006 Code,Employment,All employed persons aged 15 years and over,X
National Aboriginal & Torres Strait Islander Nutrition & Physical Activity Survey,inp13bsp,OCCUPEC,Occupation code 6 digit,Employment,All employed persons aged 15 years and over,X
National Aboriginal & Torres Strait Islander Nutrition & Physical Activity Survey,inp13bsp,CDEPLFEC,Labour force status - CDEP defined as not employed,Employment,All persons aged 15 years and over,X
National Aboriginal & Torres Strait Islander Nutrition & Physical Activity Survey,inp13bsp,UNEMDUEC,Duration of unemployment (weeks),Employment,All unemployed persons aged 15 years and over,X
National Aboriginal & Torres Strait Islander Nutrition & Physical Activity Survey,inp13bsp,SMOKQ2AE,Number of cigarettes usually smokes daily,Risk factor - Smoking,All persons aged 15 years and over,X
National Aboriginal & Torres Strait Islander Nutrition & Physical Activity Survey,inp13bsp,NUEXTRAR,Number of times walked for 10 minutes or more for transport in the last week,Risk factor - Physical Activity,All persons aged 15 years and over,NA
National Aboriginal & Torres Strait Islander Nutrition & Physical Activity Survey,inp13bsp,EXTRMINR,Total minutes spent walking for transport in last week,Risk factor - Physical Activity,All persons aged 15 years and over,NA
National Aboriginal & Torres Strait Islander Nutrition & Physical Activity Survey,inp13bsp,EXLWKFNR,"Number of times walked for 10 minutes or more for fitness, recreation or sport in last week",Risk factor - Physical Activity,All persons aged 15 years and over,NA
National Aboriginal & Torres Strait Islander Nutrition & Physical Activity Survey,inp13bsp,EXFSRMNE,"Total minutes walked for fitness, recreation or sport in last week",Risk factor - Physical Activity,All persons aged 15 years and over,NA
National Aboriginal & Torres Strait Islander Nutrition & Physical Activity Survey,inp13bsp,EXVGRNOC,Number of times undertaken vigorous gardening or heavy work in last week,Risk factor - Physical Activity,All persons in non-remote areas aged 18 years and over,NA
National Aboriginal & Torres Strait Islander Nutrition & Physical Activity Survey,inp13bsp,EXVGRMNC,Total minutes did vigorous gardening or heavy work around the yard in last week,Risk factor - Physical Activity,All persons in non-remote areas aged 18 years and over,NA
National Aboriginal & Torres Strait Islander Nutrition & Physical Activity Survey,inp13bsp,EXLVIGNR,Number of times undertaken vigorous physical activity in last week,Risk factor - Physical Activity,All persons aged 15 years and over,NA
National Aboriginal & Torres Strait Islander Nutrition & Physical Activity Survey,inp13bsp,EXLWVBC,Total minutes undertaken vigorous physical activity in last week,Risk factor - Physical Activity,All persons aged 15 years and over,NA
National Aboriginal & Torres Strait Islander Nutrition & Physical Activity Survey,inp13bsp,EXLMONOR,Number of times undertaken moderate physical activity in last week,Risk factor - Physical Activity,All persons aged 15 years and over,NA
National Aboriginal & Torres Strait Islander Nutrition & Physical Activity Survey,inp13bsp,EXLWMBC,Total minutes undertaken moderate physical activity last week,Risk factor - Physical Activity,All persons aged 15 years and over,NA
National Aboriginal & Torres Strait Islander Nutrition & Physical Activity Survey,inp13bsp,EXLWNOR,Number of times did physical activity or walked for transport in last week,Risk factor - Physical Activity,All persons aged 15 years and over,NA
National Aboriginal & Torres Strait Islander Nutrition & Physical Activity Survey,inp13bsp,EXLWTIMC,"Total minutes undertaken physical activity for fitness, recreation, sport or transport in last week",Risk factor - Physical Activity,All persons in non-remote areas aged 18 years and over,NA
National Aboriginal & Torres Strait Islander Nutrition & Physical Activity Survey,inp13bsp,STRMINC,Total minutes did strength or toning activities in last week,Risk factor - Physical Activity,All persons in non-remote areas aged 18 years and over,NA
National Aboriginal & Torres Strait Islander Nutrition & Physical Activity Survey,inp13bsp,STRTONOC,Number of times did strength or toning activities in last week,Risk factor - Physical Activity,All persons in non-remote areas aged 18 years and over,NA
National Aboriginal & Torres Strait Islander Nutrition & Physical Activity Survey,inp13bsp,TRANQ1CA,Mode(s) of transport used in the last week,NA,NA,NA
National Aboriginal & Torres Strait Islander Nutrition & Physical Activity Survey,inp13bsp,TRANQ1CB,Mode(s) of transport used in the last week,NA,NA,NA
National Aboriginal & Torres Strait Islander Nutrition & Physical Activity Survey,inp13bsp,TRANQ1CC,Mode(s) of transport used in the last week,NA,NA,NA
National Aboriginal & Torres Strait Islander Nutrition & Physical Activity Survey,inp13bsp,TRANQ1CD,Mode(s) of transport used in the last week,NA,NA,NA
National Aboriginal & Torres Strait Islander Nutrition & Physical Activity Survey,inp13bsp,TRANQ1CE,Mode(s) of transport used in the last week,NA,NA,NA
National Aboriginal & Torres Strait Islander Nutrition & Physical Activity Survey,inp13bsp,TRANQ1CF,Mode(s) of transport used in the last week,NA,NA,NA
National Aboriginal & Torres Strait Islander Nutrition & Physical Activity Survey,inp13bsp,TRANQ1CG,Mode(s) of transport used in the last week,NA,NA,NA
National Aboriginal & Torres Strait Islander Nutrition & Physical Activity Survey,inp13bsp,TRANQ1CH,Mode(s) of transport used in the last week,NA,NA,NA
National Aboriginal & Torres Strait Islander Nutrition & Physical Activity Survey,inp13bsp,TRANQ1CI,Mode(s) of transport used in the last week,NA,NA,NA
National Aboriginal & Torres Strait Islander Nutrition & Physical Activity Survey,inp13bsp,TRANQ1CJ,Mode(s) of transport used in the last week,NA,NA,NA
National Aboriginal & Torres Strait Islander Nutrition & Physical Activity Survey,inp13bsp,TRANQ1CK,Mode(s) of transport used in the last week,NA,NA,NA
National Aboriginal & Torres Strait Islander Nutrition & Physical Activity Survey,inp13bsp,ADTOTSEL,Total minutes spent sitting or lying down for leisure activities in the last week,Risk factor - Physical Activity,All persons in non-remote areas aged 18 years and over,NA
National Aboriginal & Torres Strait Islander Nutrition & Physical Activity Survey,inp13bsp,ADTOTSE,"Total mins spent sitting or lying down for work, transport and leisure activities in the last week",Physical activity,All persons aged 18 years and over,NA
National Aboriginal & Torres Strait Islander Nutrition & Physical Activity Survey,inp13bsp,BMISC,Body mass index (BMI) - score measured,Physical measurements&Body Mass,All persons aged 2 years and over,NA
National Aboriginal & Torres Strait Islander Nutrition & Physical Activity Survey,inp13bsp,BMICATHY,"Body mass index - measured - categories (Half year scale for children, 18+ for adults)",Physical measurements&Body Mass,All persons aged 2 years and over,NA
National Aboriginal & Torres Strait Islander Nutrition & Physical Activity Survey,inp13bsp,BMIMCATW,Body mass index - measured - categories (whole years scale for all ages),Physical measurements&Body Mass,All persons aged 2 years and over,NA
National Aboriginal & Torres Strait Islander Nutrition & Physical Activity Survey,inp13bsp,PHDCMWBC,Measured waist circumference (cm),Physical measurements&Body Mass,All persons aged 2 years and over,NA
National Aboriginal & Torres Strait Islander Nutrition & Physical Activity Survey,inp13bsp,PHDWCATM,Measured waist circumference - categories (male adults),Physical measurements&Body Mass,All males aged 18 years and over,NA
National Aboriginal & Torres Strait Islander Nutrition & Physical Activity Survey,inp13bsp,PHDWCATF,Measured waist circumference - categories (female adults),Physical measurements&Body Mass,All females aged 18 years and over,NA
National Aboriginal & Torres Strait Islander Nutrition & Physical Activity Survey,inp13bsp,PHDHIP,Measured hip circumference (cm),Physical Measurements&Body Mass,All persons,X
National Aboriginal & Torres Strait Islander Nutrition & Physical Activity Survey,inp13bsp,BMR,Basal metabolic rate,Risk factors - Nutrition,All persons,NA
National Aboriginal & Torres Strait Islander Nutrition & Physical Activity Survey,inp13bsp,EIBMR1,Energy intake to basal metabolic rate ratio (Day1),Risk factors - Nutrition,All persons,NA
National Aboriginal & Torres Strait Islander Nutrition & Physical Activity Survey,inp13bsp,EIBMR2,Energy intake to basal metabolic rate ratio (Day2),Risk factors - Nutrition,All persons who completed second (CATI) nutrition interview,NA
National Aboriginal & Torres Strait Islander Nutrition & Physical Activity Survey,inp13bsp,WPM1001,"Replicate Weights, ISS",NA,NA,NA
National Aboriginal & Torres Strait Islander Nutrition & Physical Activity Survey,inp13bsp,WPM1002,"Replicate Weights, ISS",NA,NA,NA
National Aboriginal & Torres Strait Islander Nutrition & Physical Activity Survey,inp13bsp,WPM1003,"Replicate Weights, ISS",NA,NA,NA
National Aboriginal & Torres Strait Islander Nutrition & Physical Activity Survey,inp13bsp,WPM1004,"Replicate Weights, ISS",NA,NA,NA
National Aboriginal & Torres Strait Islander Nutrition & Physical Activity Survey,inp13bsp,WPM1005,"Replicate Weights, ISS",NA,NA,NA
National Aboriginal & Torres Strait Islander Nutrition & Physical Activity Survey,inp13bsp,WPM1006,"Replicate Weights, ISS",NA,NA,NA
National Aboriginal & Torres Strait Islander Nutrition & Physical Activity Survey,inp13bsp,WPM1007,"Replicate Weights, ISS",NA,NA,NA
National Aboriginal & Torres Strait Islander Nutrition & Physical Activity Survey,inp13bsp,WPM1008,"Replicate Weights, ISS",NA,NA,NA
National Aboriginal & Torres Strait Islander Nutrition & Physical Activity Survey,inp13bsp,WPM1009,"Replicate Weights, ISS",NA,NA,NA
National Aboriginal & Torres Strait Islander Nutrition & Physical Activity Survey,inp13bsp,WPM1010,"Replicate Weights, ISS",NA,NA,NA
National Aboriginal & Torres Strait Islander Nutrition & Physical Activity Survey,inp13bsp,WPM1011,"Replicate Weights, ISS",NA,NA,NA
National Aboriginal & Torres Strait Islander Nutrition & Physical Activity Survey,inp13bsp,WPM1012,"Replicate Weights, ISS",NA,NA,NA
National Aboriginal & Torres Strait Islander Nutrition & Physical Activity Survey,inp13bsp,WPM1013,"Replicate Weights, ISS",NA,NA,NA
National Aboriginal & Torres Strait Islander Nutrition & Physical Activity Survey,inp13bsp,WPM1014,"Replicate Weights, ISS",NA,NA,NA
National Aboriginal & Torres Strait Islander Nutrition & Physical Activity Survey,inp13bsp,WPM1015,"Replicate Weights, ISS",NA,NA,NA
National Aboriginal & Torres Strait Islander Nutrition & Physical Activity Survey,inp13bsp,WPM1016,"Replicate Weights, ISS",NA,NA,NA
National Aboriginal & Torres Strait Islander Nutrition & Physical Activity Survey,inp13bsp,WPM1017,"Replicate Weights, ISS",NA,NA,NA
National Aboriginal & Torres Strait Islander Nutrition & Physical Activity Survey,inp13bsp,WPM1018,"Replicate Weights, ISS",NA,NA,NA
National Aboriginal & Torres Strait Islander Nutrition & Physical Activity Survey,inp13bsp,WPM1019,"Replicate Weights, ISS",NA,NA,NA
National Aboriginal & Torres Strait Islander Nutrition & Physical Activity Survey,inp13bsp,WPM1020,"Replicate Weights, ISS",NA,NA,NA
National Aboriginal & Torres Strait Islander Nutrition & Physical Activity Survey,inp13bsp,WPM1021,"Replicate Weights, ISS",NA,NA,NA
National Aboriginal & Torres Strait Islander Nutrition & Physical Activity Survey,inp13bsp,WPM1022,"Replicate Weights, ISS",NA,NA,NA
National Aboriginal & Torres Strait Islander Nutrition & Physical Activity Survey,inp13bsp,WPM1023,"Replicate Weights, ISS",NA,NA,NA
National Aboriginal & Torres Strait Islander Nutrition & Physical Activity Survey,inp13bsp,WPM1024,"Replicate Weights, ISS",NA,NA,NA
National Aboriginal & Torres Strait Islander Nutrition & Physical Activity Survey,inp13bsp,WPM1025,"Replicate Weights, ISS",NA,NA,NA
National Aboriginal & Torres Strait Islander Nutrition & Physical Activity Survey,inp13bsp,WPM1026,"Replicate Weights, ISS",NA,NA,NA
National Aboriginal & Torres Strait Islander Nutrition & Physical Activity Survey,inp13bsp,WPM1027,"Replicate Weights, ISS",NA,NA,NA
National Aboriginal & Torres Strait Islander Nutrition & Physical Activity Survey,inp13bsp,WPM1028,"Replicate Weights, ISS",NA,NA,NA
National Aboriginal & Torres Strait Islander Nutrition & Physical Activity Survey,inp13bsp,WPM1029,"Replicate Weights, ISS",NA,NA,NA
National Aboriginal & Torres Strait Islander Nutrition & Physical Activity Survey,inp13bsp,WPM1030,"Replicate Weights, ISS",NA,NA,NA
National Aboriginal & Torres Strait Islander Nutrition & Physical Activity Survey,inp13bsp,WPM1031,"Replicate Weights, ISS",NA,NA,NA
National Aboriginal & Torres Strait Islander Nutrition & Physical Activity Survey,inp13bsp,WPM1032,"Replicate Weights, ISS",NA,NA,NA
National Aboriginal & Torres Strait Islander Nutrition & Physical Activity Survey,inp13bsp,WPM1033,"Replicate Weights, ISS",NA,NA,NA
National Aboriginal & Torres Strait Islander Nutrition & Physical Activity Survey,inp13bsp,WPM1034,"Replicate Weights, ISS",NA,NA,NA
National Aboriginal & Torres Strait Islander Nutrition & Physical Activity Survey,inp13bsp,WPM1035,"Replicate Weights, ISS",NA,NA,NA
National Aboriginal & Torres Strait Islander Nutrition & Physical Activity Survey,inp13bsp,WPM1036,"Replicate Weights, ISS",NA,NA,NA
National Aboriginal & Torres Strait Islander Nutrition & Physical Activity Survey,inp13bsp,WPM1037,"Replicate Weights, ISS",NA,NA,NA
National Aboriginal & Torres Strait Islander Nutrition & Physical Activity Survey,inp13bsp,WPM1038,"Replicate Weights, ISS",NA,NA,NA
National Aboriginal & Torres Strait Islander Nutrition & Physical Activity Survey,inp13bsp,WPM1039,"Replicate Weights, ISS",NA,NA,NA
National Aboriginal & Torres Strait Islander Nutrition & Physical Activity Survey,inp13bsp,WPM1040,"Replicate Weights, ISS",NA,NA,NA
National Aboriginal & Torres Strait Islander Nutrition & Physical Activity Survey,inp13bsp,WPM1041,"Replicate Weights, ISS",NA,NA,NA
National Aboriginal & Torres Strait Islander Nutrition & Physical Activity Survey,inp13bsp,WPM1042,"Replicate Weights, ISS",NA,NA,NA
National Aboriginal & Torres Strait Islander Nutrition & Physical Activity Survey,inp13bsp,WPM1043,"Replicate Weights, ISS",NA,NA,NA
National Aboriginal & Torres Strait Islander Nutrition & Physical Activity Survey,inp13bsp,WPM1044,"Replicate Weights, ISS",NA,NA,NA
National Aboriginal & Torres Strait Islander Nutrition & Physical Activity Survey,inp13bsp,WPM1045,"Replicate Weights, ISS",NA,NA,NA
National Aboriginal & Torres Strait Islander Nutrition & Physical Activity Survey,inp13bsp,WPM1046,"Replicate Weights, ISS",NA,NA,NA
National Aboriginal & Torres Strait Islander Nutrition & Physical Activity Survey,inp13bsp,WPM1047,"Replicate Weights, ISS",NA,NA,NA
National Aboriginal & Torres Strait Islander Nutrition & Physical Activity Survey,inp13bsp,WPM1048,"Replicate Weights, ISS",NA,NA,NA
National Aboriginal & Torres Strait Islander Nutrition & Physical Activity Survey,inp13bsp,WPM1049,"Replicate Weights, ISS",NA,NA,NA
National Aboriginal & Torres Strait Islander Nutrition & Physical Activity Survey,inp13bsp,WPM1050,"Replicate Weights, ISS",NA,NA,NA
National Aboriginal & Torres Strait Islander Nutrition & Physical Activity Survey,inp13bsp,WPM1051,"Replicate Weights, ISS",NA,NA,NA
National Aboriginal & Torres Strait Islander Nutrition & Physical Activity Survey,inp13bsp,WPM1052,"Replicate Weights, ISS",NA,NA,NA
National Aboriginal & Torres Strait Islander Nutrition & Physical Activity Survey,inp13bsp,WPM1053,"Replicate Weights, ISS",NA,NA,NA
National Aboriginal & Torres Strait Islander Nutrition & Physical Activity Survey,inp13bsp,WPM1054,"Replicate Weights, ISS",NA,NA,NA
National Aboriginal & Torres Strait Islander Nutrition & Physical Activity Survey,inp13bsp,WPM1055,"Replicate Weights, ISS",NA,NA,NA
National Aboriginal & Torres Strait Islander Nutrition & Physical Activity Survey,inp13bsp,WPM1056,"Replicate Weights, ISS",NA,NA,NA
National Aboriginal & Torres Strait Islander Nutrition & Physical Activity Survey,inp13bsp,WPM1057,"Replicate Weights, ISS",NA,NA,NA
National Aboriginal & Torres Strait Islander Nutrition & Physical Activity Survey,inp13bsp,WPM1058,"Replicate Weights, ISS",NA,NA,NA
National Aboriginal & Torres Strait Islander Nutrition & Physical Activity Survey,inp13bsp,WPM1059,"Replicate Weights, ISS",NA,NA,NA
National Aboriginal & Torres Strait Islander Nutrition & Physical Activity Survey,inp13bsp,WPM1060,"Replicate Weights, ISS",NA,NA,NA
National Aboriginal & Torres Strait Islander Nutrition & Physical Activity Survey,inp13bsp,WPM1061,"Replicate Weights, ISS",NA,NA,NA
National Aboriginal & Torres Strait Islander Nutrition & Physical Activity Survey,inp13bsp,WPM1062,"Replicate Weights, ISS",NA,NA,NA
National Aboriginal & Torres Strait Islander Nutrition & Physical Activity Survey,inp13bsp,WPM1063,"Replicate Weights, ISS",NA,NA,NA
National Aboriginal & Torres Strait Islander Nutrition & Physical Activity Survey,inp13bsp,WPM1064,"Replicate Weights, ISS",NA,NA,NA
National Aboriginal & Torres Strait Islander Nutrition & Physical Activity Survey,inp13bsp,WPM1065,"Replicate Weights, ISS",NA,NA,NA
National Aboriginal & Torres Strait Islander Nutrition & Physical Activity Survey,inp13bsp,WPM1066,"Replicate Weights, ISS",NA,NA,NA
National Aboriginal & Torres Strait Islander Nutrition & Physical Activity Survey,inp13bsp,WPM1067,"Replicate Weights, ISS",NA,NA,NA
National Aboriginal & Torres Strait Islander Nutrition & Physical Activity Survey,inp13bsp,WPM1068,"Replicate Weights, ISS",NA,NA,NA
National Aboriginal & Torres Strait Islander Nutrition & Physical Activity Survey,inp13bsp,WPM1069,"Replicate Weights, ISS",NA,NA,NA
National Aboriginal & Torres Strait Islander Nutrition & Physical Activity Survey,inp13bsp,WPM1070,"Replicate Weights, ISS",NA,NA,NA
National Aboriginal & Torres Strait Islander Nutrition & Physical Activity Survey,inp13bsp,WPM1071,"Replicate Weights, ISS",NA,NA,NA
National Aboriginal & Torres Strait Islander Nutrition & Physical Activity Survey,inp13bsp,WPM1072,"Replicate Weights, ISS",NA,NA,NA
National Aboriginal & Torres Strait Islander Nutrition & Physical Activity Survey,inp13bsp,WPM1073,"Replicate Weights, ISS",NA,NA,NA
National Aboriginal & Torres Strait Islander Nutrition & Physical Activity Survey,inp13bsp,WPM1074,"Replicate Weights, ISS",NA,NA,NA
National Aboriginal & Torres Strait Islander Nutrition & Physical Activity Survey,inp13bsp,WPM1075,"Replicate Weights, ISS",NA,NA,NA
National Aboriginal & Torres Strait Islander Nutrition & Physical Activity Survey,inp13bsp,WPM1076,"Replicate Weights, ISS",NA,NA,NA
National Aboriginal & Torres Strait Islander Nutrition & Physical Activity Survey,inp13bsp,WPM1077,"Replicate Weights, ISS",NA,NA,NA
National Aboriginal & Torres Strait Islander Nutrition & Physical Activity Survey,inp13bsp,WPM1078,"Replicate Weights, ISS",NA,NA,NA
National Aboriginal & Torres Strait Islander Nutrition & Physical Activity Survey,inp13bsp,WPM1079,"Replicate Weights, ISS",NA,NA,NA
National Aboriginal & Torres Strait Islander Nutrition & Physical Activity Survey,inp13bsp,WPM1080,"Replicate Weights, ISS",NA,NA,NA
National Aboriginal & Torres Strait Islander Nutrition & Physical Activity Survey,inp13bsp,WPM1081,"Replicate Weights, ISS",NA,NA,NA
National Aboriginal & Torres Strait Islander Nutrition & Physical Activity Survey,inp13bsp,WPM1082,"Replicate Weights, ISS",NA,NA,NA
National Aboriginal & Torres Strait Islander Nutrition & Physical Activity Survey,inp13bsp,WPM1083,"Replicate Weights, ISS",NA,NA,NA
National Aboriginal & Torres Strait Islander Nutrition & Physical Activity Survey,inp13bsp,WPM1084,"Replicate Weights, ISS",NA,NA,NA
National Aboriginal & Torres Strait Islander Nutrition & Physical Activity Survey,inp13bsp,WPM1085,"Replicate Weights, ISS",NA,NA,NA
National Aboriginal & Torres Strait Islander Nutrition & Physical Activity Survey,inp13bsp,WPM1086,"Replicate Weights, ISS",NA,NA,NA
National Aboriginal & Torres Strait Islander Nutrition & Physical Activity Survey,inp13bsp,WPM1087,"Replicate Weights, ISS",NA,NA,NA
National Aboriginal & Torres Strait Islander Nutrition & Physical Activity Survey,inp13bsp,WPM1088,"Replicate Weights, ISS",NA,NA,NA
National Aboriginal & Torres Strait Islander Nutrition & Physical Activity Survey,inp13bsp,WPM1089,"Replicate Weights, ISS",NA,NA,NA
National Aboriginal & Torres Strait Islander Nutrition & Physical Activity Survey,inp13bsp,WPM1090,"Replicate Weights, ISS",NA,NA,NA
National Aboriginal & Torres Strait Islander Nutrition & Physical Activity Survey,inp13bsp,WPM1091,"Replicate Weights, ISS",NA,NA,NA
National Aboriginal & Torres Strait Islander Nutrition & Physical Activity Survey,inp13bsp,WPM1092,"Replicate Weights, ISS",NA,NA,NA
National Aboriginal & Torres Strait Islander Nutrition & Physical Activity Survey,inp13bsp,WPM1093,"Replicate Weights, ISS",NA,NA,NA
National Aboriginal & Torres Strait Islander Nutrition & Physical Activity Survey,inp13bsp,WPM1094,"Replicate Weights, ISS",NA,NA,NA
National Aboriginal & Torres Strait Islander Nutrition & Physical Activity Survey,inp13bsp,WPM1095,"Replicate Weights, ISS",NA,NA,NA
National Aboriginal & Torres Strait Islander Nutrition & Physical Activity Survey,inp13bsp,WPM1096,"Replicate Weights, ISS",NA,NA,NA
National Aboriginal & Torres Strait Islander Nutrition & Physical Activity Survey,inp13bsp,WPM1097,"Replicate Weights, ISS",NA,NA,NA
National Aboriginal & Torres Strait Islander Nutrition & Physical Activity Survey,inp13bsp,WPM1098,"Replicate Weights, ISS",NA,NA,NA
National Aboriginal & Torres Strait Islander Nutrition & Physical Activity Survey,inp13bsp,WPM1099,"Replicate Weights, ISS",NA,NA,NA
National Aboriginal & Torres Strait Islander Nutrition & Physical Activity Survey,inp13bsp,WPM1100,"Replicate Weights, ISS",NA,NA,NA
National Aboriginal & Torres Strait Islander Nutrition & Physical Activity Survey,inp13bsp,WPM1101,"Replicate Weights, ISS",NA,NA,NA
National Aboriginal & Torres Strait Islander Nutrition & Physical Activity Survey,inp13bsp,WPM1102,"Replicate Weights, ISS",NA,NA,NA
National Aboriginal & Torres Strait Islander Nutrition & Physical Activity Survey,inp13bsp,WPM1103,"Replicate Weights, ISS",NA,NA,NA
National Aboriginal & Torres Strait Islander Nutrition & Physical Activity Survey,inp13bsp,WPM1104,"Replicate Weights, ISS",NA,NA,NA
National Aboriginal & Torres Strait Islander Nutrition & Physical Activity Survey,inp13bsp,WPM1105,"Replicate Weights, ISS",NA,NA,NA
National Aboriginal & Torres Strait Islander Nutrition & Physical Activity Survey,inp13bsp,WPM1106,"Replicate Weights, ISS",NA,NA,NA
National Aboriginal & Torres Strait Islander Nutrition & Physical Activity Survey,inp13bsp,WPM1107,"Replicate Weights, ISS",NA,NA,NA
National Aboriginal & Torres Strait Islander Nutrition & Physical Activity Survey,inp13bsp,WPM1108,"Replicate Weights, ISS",NA,NA,NA
National Aboriginal & Torres Strait Islander Nutrition & Physical Activity Survey,inp13bsp,WPM1109,"Replicate Weights, ISS",NA,NA,NA
National Aboriginal & Torres Strait Islander Nutrition & Physical Activity Survey,inp13bsp,WPM1110,"Replicate Weights, ISS",NA,NA,NA
National Aboriginal & Torres Strait Islander Nutrition & Physical Activity Survey,inp13bsp,WPM1111,"Replicate Weights, ISS",NA,NA,NA
National Aboriginal & Torres Strait Islander Nutrition & Physical Activity Survey,inp13bsp,WPM1112,"Replicate Weights, ISS",NA,NA,NA
National Aboriginal & Torres Strait Islander Nutrition & Physical Activity Survey,inp13bsp,WPM1113,"Replicate Weights, ISS",NA,NA,NA
National Aboriginal & Torres Strait Islander Nutrition & Physical Activity Survey,inp13bsp,WPM1114,"Replicate Weights, ISS",NA,NA,NA
National Aboriginal & Torres Strait Islander Nutrition & Physical Activity Survey,inp13bsp,WPM1115,"Replicate Weights, ISS",NA,NA,NA
National Aboriginal & Torres Strait Islander Nutrition & Physical Activity Survey,inp13bsp,WPM1116,"Replicate Weights, ISS",NA,NA,NA
National Aboriginal & Torres Strait Islander Nutrition & Physical Activity Survey,inp13bsp,WPM1117,"Replicate Weights, ISS",NA,NA,NA
National Aboriginal & Torres Strait Islander Nutrition & Physical Activity Survey,inp13bsp,WPM1118,"Replicate Weights, ISS",NA,NA,NA
National Aboriginal & Torres Strait Islander Nutrition & Physical Activity Survey,inp13bsp,WPM1119,"Replicate Weights, ISS",NA,NA,NA
National Aboriginal & Torres Strait Islander Nutrition & Physical Activity Survey,inp13bsp,WPM1120,"Replicate Weights, ISS",NA,NA,NA
National Aboriginal & Torres Strait Islander Nutrition & Physical Activity Survey,inp13bsp,WPM1121,"Replicate Weights, ISS",NA,NA,NA
National Aboriginal & Torres Strait Islander Nutrition & Physical Activity Survey,inp13bsp,WPM1122,"Replicate Weights, ISS",NA,NA,NA
National Aboriginal & Torres Strait Islander Nutrition & Physical Activity Survey,inp13bsp,WPM1123,"Replicate Weights, ISS",NA,NA,NA
National Aboriginal & Torres Strait Islander Nutrition & Physical Activity Survey,inp13bsp,WPM1124,"Replicate Weights, ISS",NA,NA,NA
National Aboriginal & Torres Strait Islander Nutrition & Physical Activity Survey,inp13bsp,WPM1125,"Replicate Weights, ISS",NA,NA,NA
National Aboriginal & Torres Strait Islander Nutrition & Physical Activity Survey,inp13bsp,WPM1126,"Replicate Weights, ISS",NA,NA,NA
National Aboriginal & Torres Strait Islander Nutrition & Physical Activity Survey,inp13bsp,WPM1127,"Replicate Weights, ISS",NA,NA,NA
National Aboriginal & Torres Strait Islander Nutrition & Physical Activity Survey,inp13bsp,WPM1128,"Replicate Weights, ISS",NA,NA,NA
National Aboriginal & Torres Strait Islander Nutrition & Physical Activity Survey,inp13bsp,WPM1129,"Replicate Weights, ISS",NA,NA,NA
National Aboriginal & Torres Strait Islander Nutrition & Physical Activity Survey,inp13bsp,WPM1130,"Replicate Weights, ISS",NA,NA,NA
National Aboriginal & Torres Strait Islander Nutrition & Physical Activity Survey,inp13bsp,WPM1131,"Replicate Weights, ISS",NA,NA,NA
National Aboriginal & Torres Strait Islander Nutrition & Physical Activity Survey,inp13bsp,WPM1132,"Replicate Weights, ISS",NA,NA,NA
National Aboriginal & Torres Strait Islander Nutrition & Physical Activity Survey,inp13bsp,WPM1133,"Replicate Weights, ISS",NA,NA,NA
National Aboriginal & Torres Strait Islander Nutrition & Physical Activity Survey,inp13bsp,WPM1134,"Replicate Weights, ISS",NA,NA,NA
National Aboriginal & Torres Strait Islander Nutrition & Physical Activity Survey,inp13bsp,WPM1135,"Replicate Weights, ISS",NA,NA,NA
National Aboriginal & Torres Strait Islander Nutrition & Physical Activity Survey,inp13bsp,WPM1136,"Replicate Weights, ISS",NA,NA,NA
National Aboriginal & Torres Strait Islander Nutrition & Physical Activity Survey,inp13bsp,WPM1137,"Replicate Weights, ISS",NA,NA,NA
National Aboriginal & Torres Strait Islander Nutrition & Physical Activity Survey,inp13bsp,WPM1138,"Replicate Weights, ISS",NA,NA,NA
National Aboriginal & Torres Strait Islander Nutrition & Physical Activity Survey,inp13bsp,WPM1139,"Replicate Weights, ISS",NA,NA,NA
National Aboriginal & Torres Strait Islander Nutrition & Physical Activity Survey,inp13bsp,WPM1140,"Replicate Weights, ISS",NA,NA,NA
National Aboriginal & Torres Strait Islander Nutrition & Physical Activity Survey,inp13bsp,WPM1141,"Replicate Weights, ISS",NA,NA,NA
National Aboriginal & Torres Strait Islander Nutrition & Physical Activity Survey,inp13bsp,WPM1142,"Replicate Weights, ISS",NA,NA,NA
National Aboriginal & Torres Strait Islander Nutrition & Physical Activity Survey,inp13bsp,WPM1143,"Replicate Weights, ISS",NA,NA,NA
National Aboriginal & Torres Strait Islander Nutrition & Physical Activity Survey,inp13bsp,WPM1144,"Replicate Weights, ISS",NA,NA,NA
National Aboriginal & Torres Strait Islander Nutrition & Physical Activity Survey,inp13bsp,WPM1145,"Replicate Weights, ISS",NA,NA,NA
National Aboriginal & Torres Strait Islander Nutrition & Physical Activity Survey,inp13bsp,WPM1146,"Replicate Weights, ISS",NA,NA,NA
National Aboriginal & Torres Strait Islander Nutrition & Physical Activity Survey,inp13bsp,WPM1147,"Replicate Weights, ISS",NA,NA,NA
National Aboriginal & Torres Strait Islander Nutrition & Physical Activity Survey,inp13bsp,WPM1148,"Replicate Weights, ISS",NA,NA,NA
National Aboriginal & Torres Strait Islander Nutrition & Physical Activity Survey,inp13bsp,WPM1149,"Replicate Weights, ISS",NA,NA,NA
National Aboriginal & Torres Strait Islander Nutrition & Physical Activity Survey,inp13bsp,WPM1150,"Replicate Weights, ISS",NA,NA,NA
National Aboriginal & Torres Strait Islander Nutrition & Physical Activity Survey,inp13bsp,WPM1151,"Replicate Weights, ISS",NA,NA,NA
National Aboriginal & Torres Strait Islander Nutrition & Physical Activity Survey,inp13bsp,WPM1152,"Replicate Weights, ISS",NA,NA,NA
National Aboriginal & Torres Strait Islander Nutrition & Physical Activity Survey,inp13bsp,WPM1153,"Replicate Weights, ISS",NA,NA,NA
National Aboriginal & Torres Strait Islander Nutrition & Physical Activity Survey,inp13bsp,WPM1154,"Replicate Weights, ISS",NA,NA,NA
National Aboriginal & Torres Strait Islander Nutrition & Physical Activity Survey,inp13bsp,WPM1155,"Replicate Weights, ISS",NA,NA,NA
National Aboriginal & Torres Strait Islander Nutrition & Physical Activity Survey,inp13bsp,WPM1156,"Replicate Weights, ISS",NA,NA,NA
National Aboriginal & Torres Strait Islander Nutrition & Physical Activity Survey,inp13bsp,WPM1157,"Replicate Weights, ISS",NA,NA,NA
National Aboriginal & Torres Strait Islander Nutrition & Physical Activity Survey,inp13bsp,WPM1158,"Replicate Weights, ISS",NA,NA,NA
National Aboriginal & Torres Strait Islander Nutrition & Physical Activity Survey,inp13bsp,WPM1159,"Replicate Weights, ISS",NA,NA,NA
National Aboriginal & Torres Strait Islander Nutrition & Physical Activity Survey,inp13bsp,WPM1160,"Replicate Weights, ISS",NA,NA,NA
National Aboriginal & Torres Strait Islander Nutrition & Physical Activity Survey,inp13bsp,WPM1161,"Replicate Weights, ISS",NA,NA,NA
National Aboriginal & Torres Strait Islander Nutrition & Physical Activity Survey,inp13bsp,WPM1162,"Replicate Weights, ISS",NA,NA,NA
National Aboriginal & Torres Strait Islander Nutrition & Physical Activity Survey,inp13bsp,WPM1163,"Replicate Weights, ISS",NA,NA,NA
National Aboriginal & Torres Strait Islander Nutrition & Physical Activity Survey,inp13bsp,WPM1164,"Replicate Weights, ISS",NA,NA,NA
National Aboriginal & Torres Strait Islander Nutrition & Physical Activity Survey,inp13bsp,WPM1165,"Replicate Weights, ISS",NA,NA,NA
National Aboriginal & Torres Strait Islander Nutrition & Physical Activity Survey,inp13bsp,WPM1166,"Replicate Weights, ISS",NA,NA,NA
National Aboriginal & Torres Strait Islander Nutrition & Physical Activity Survey,inp13bsp,WPM1167,"Replicate Weights, ISS",NA,NA,NA
National Aboriginal & Torres Strait Islander Nutrition & Physical Activity Survey,inp13bsp,WPM1168,"Replicate Weights, ISS",NA,NA,NA
National Aboriginal & Torres Strait Islander Nutrition & Physical Activity Survey,inp13bsp,WPM1169,"Replicate Weights, ISS",NA,NA,NA
National Aboriginal & Torres Strait Islander Nutrition & Physical Activity Survey,inp13bsp,WPM1170,"Replicate Weights, ISS",NA,NA,NA
National Aboriginal & Torres Strait Islander Nutrition & Physical Activity Survey,inp13bsp,WPM1171,"Replicate Weights, ISS",NA,NA,NA
National Aboriginal & Torres Strait Islander Nutrition & Physical Activity Survey,inp13bsp,WPM1172,"Replicate Weights, ISS",NA,NA,NA
National Aboriginal & Torres Strait Islander Nutrition & Physical Activity Survey,inp13bsp,WPM1173,"Replicate Weights, ISS",NA,NA,NA
National Aboriginal & Torres Strait Islander Nutrition & Physical Activity Survey,inp13bsp,WPM1174,"Replicate Weights, ISS",NA,NA,NA
National Aboriginal & Torres Strait Islander Nutrition & Physical Activity Survey,inp13bsp,WPM1175,"Replicate Weights, ISS",NA,NA,NA
National Aboriginal & Torres Strait Islander Nutrition & Physical Activity Survey,inp13bsp,WPM1176,"Replicate Weights, ISS",NA,NA,NA
National Aboriginal & Torres Strait Islander Nutrition & Physical Activity Survey,inp13bsp,WPM1177,"Replicate Weights, ISS",NA,NA,NA
National Aboriginal & Torres Strait Islander Nutrition & Physical Activity Survey,inp13bsp,WPM1178,"Replicate Weights, ISS",NA,NA,NA
National Aboriginal & Torres Strait Islander Nutrition & Physical Activity Survey,inp13bsp,WPM1179,"Replicate Weights, ISS",NA,NA,NA
National Aboriginal & Torres Strait Islander Nutrition & Physical Activity Survey,inp13bsp,WPM1180,"Replicate Weights, ISS",NA,NA,NA
National Aboriginal & Torres Strait Islander Nutrition & Physical Activity Survey,inp13bsp,WPM1181,"Replicate Weights, ISS",NA,NA,NA
National Aboriginal & Torres Strait Islander Nutrition & Physical Activity Survey,inp13bsp,WPM1182,"Replicate Weights, ISS",NA,NA,NA
National Aboriginal & Torres Strait Islander Nutrition & Physical Activity Survey,inp13bsp,WPM1183,"Replicate Weights, ISS",NA,NA,NA
National Aboriginal & Torres Strait Islander Nutrition & Physical Activity Survey,inp13bsp,WPM1184,"Replicate Weights, ISS",NA,NA,NA
National Aboriginal & Torres Strait Islander Nutrition & Physical Activity Survey,inp13bsp,WPM1185,"Replicate Weights, ISS",NA,NA,NA
National Aboriginal & Torres Strait Islander Nutrition & Physical Activity Survey,inp13bsp,WPM1186,"Replicate Weights, ISS",NA,NA,NA
National Aboriginal & Torres Strait Islander Nutrition & Physical Activity Survey,inp13bsp,WPM1187,"Replicate Weights, ISS",NA,NA,NA
National Aboriginal & Torres Strait Islander Nutrition & Physical Activity Survey,inp13bsp,WPM1188,"Replicate Weights, ISS",NA,NA,NA
National Aboriginal & Torres Strait Islander Nutrition & Physical Activity Survey,inp13bsp,WPM1189,"Replicate Weights, ISS",NA,NA,NA
National Aboriginal & Torres Strait Islander Nutrition & Physical Activity Survey,inp13bsp,WPM1190,"Replicate Weights, ISS",NA,NA,NA
National Aboriginal & Torres Strait Islander Nutrition & Physical Activity Survey,inp13bsp,WPM1191,"Replicate Weights, ISS",NA,NA,NA
National Aboriginal & Torres Strait Islander Nutrition & Physical Activity Survey,inp13bsp,WPM1192,"Replicate Weights, ISS",NA,NA,NA
National Aboriginal & Torres Strait Islander Nutrition & Physical Activity Survey,inp13bsp,WPM1193,"Replicate Weights, ISS",NA,NA,NA
National Aboriginal & Torres Strait Islander Nutrition & Physical Activity Survey,inp13bsp,WPM1194,"Replicate Weights, ISS",NA,NA,NA
National Aboriginal & Torres Strait Islander Nutrition & Physical Activity Survey,inp13bsp,WPM1195,"Replicate Weights, ISS",NA,NA,NA
National Aboriginal & Torres Strait Islander Nutrition & Physical Activity Survey,inp13bsp,WPM1196,"Replicate Weights, ISS",NA,NA,NA
National Aboriginal & Torres Strait Islander Nutrition & Physical Activity Survey,inp13bsp,WPM1197,"Replicate Weights, ISS",NA,NA,NA
National Aboriginal & Torres Strait Islander Nutrition & Physical Activity Survey,inp13bsp,WPM1198,"Replicate Weights, ISS",NA,NA,NA
National Aboriginal & Torres Strait Islander Nutrition & Physical Activity Survey,inp13bsp,WPM1199,"Replicate Weights, ISS",NA,NA,NA
National Aboriginal & Torres Strait Islander Nutrition & Physical Activity Survey,inp13bsp,WPM1200,"Replicate Weights, ISS",NA,NA,NA
National Aboriginal & Torres Strait Islander Nutrition & Physical Activity Survey,inp13bsp,WPM1201,"Replicate Weights, ISS",NA,NA,NA
National Aboriginal & Torres Strait Islander Nutrition & Physical Activity Survey,inp13bsp,WPM1202,"Replicate Weights, ISS",NA,NA,NA
National Aboriginal & Torres Strait Islander Nutrition & Physical Activity Survey,inp13bsp,WPM1203,"Replicate Weights, ISS",NA,NA,NA
National Aboriginal & Torres Strait Islander Nutrition & Physical Activity Survey,inp13bsp,WPM1204,"Replicate Weights, ISS",NA,NA,NA
National Aboriginal & Torres Strait Islander Nutrition & Physical Activity Survey,inp13bsp,WPM1205,"Replicate Weights, ISS",NA,NA,NA
National Aboriginal & Torres Strait Islander Nutrition & Physical Activity Survey,inp13bsp,WPM1206,"Replicate Weights, ISS",NA,NA,NA
National Aboriginal & Torres Strait Islander Nutrition & Physical Activity Survey,inp13bsp,WPM1207,"Replicate Weights, ISS",NA,NA,NA
National Aboriginal & Torres Strait Islander Nutrition & Physical Activity Survey,inp13bsp,WPM1208,"Replicate Weights, ISS",NA,NA,NA
National Aboriginal & Torres Strait Islander Nutrition & Physical Activity Survey,inp13bsp,WPM1209,"Replicate Weights, ISS",NA,NA,NA
National Aboriginal & Torres Strait Islander Nutrition & Physical Activity Survey,inp13bsp,WPM1210,"Replicate Weights, ISS",NA,NA,NA
National Aboriginal & Torres Strait Islander Nutrition & Physical Activity Survey,inp13bsp,WPM1211,"Replicate Weights, ISS",NA,NA,NA
National Aboriginal & Torres Strait Islander Nutrition & Physical Activity Survey,inp13bsp,WPM1212,"Replicate Weights, ISS",NA,NA,NA
National Aboriginal & Torres Strait Islander Nutrition & Physical Activity Survey,inp13bsp,WPM1213,"Replicate Weights, ISS",NA,NA,NA
National Aboriginal & Torres Strait Islander Nutrition & Physical Activity Survey,inp13bsp,WPM1214,"Replicate Weights, ISS",NA,NA,NA
National Aboriginal & Torres Strait Islander Nutrition & Physical Activity Survey,inp13bsp,WPM1215,"Replicate Weights, ISS",NA,NA,NA
National Aboriginal & Torres Strait Islander Nutrition & Physical Activity Survey,inp13bsp,WPM1216,"Replicate Weights, ISS",NA,NA,NA
National Aboriginal & Torres Strait Islander Nutrition & Physical Activity Survey,inp13bsp,WPM1217,"Replicate Weights, ISS",NA,NA,NA
National Aboriginal & Torres Strait Islander Nutrition & Physical Activity Survey,inp13bsp,WPM1218,"Replicate Weights, ISS",NA,NA,NA
National Aboriginal & Torres Strait Islander Nutrition & Physical Activity Survey,inp13bsp,WPM1219,"Replicate Weights, ISS",NA,NA,NA
National Aboriginal & Torres Strait Islander Nutrition & Physical Activity Survey,inp13bsp,WPM1220,"Replicate Weights, ISS",NA,NA,NA
National Aboriginal & Torres Strait Islander Nutrition & Physical Activity Survey,inp13bsp,WPM1221,"Replicate Weights, ISS",NA,NA,NA
National Aboriginal & Torres Strait Islander Nutrition & Physical Activity Survey,inp13bsp,WPM1222,"Replicate Weights, ISS",NA,NA,NA
National Aboriginal & Torres Strait Islander Nutrition & Physical Activity Survey,inp13bsp,WPM1223,"Replicate Weights, ISS",NA,NA,NA
National Aboriginal & Torres Strait Islander Nutrition & Physical Activity Survey,inp13bsp,WPM1224,"Replicate Weights, ISS",NA,NA,NA
National Aboriginal & Torres Strait Islander Nutrition & Physical Activity Survey,inp13bsp,WPM1225,"Replicate Weights, ISS",NA,NA,NA
National Aboriginal & Torres Strait Islander Nutrition & Physical Activity Survey,inp13bsp,WPM1226,"Replicate Weights, ISS",NA,NA,NA
National Aboriginal & Torres Strait Islander Nutrition & Physical Activity Survey,inp13bsp,WPM1227,"Replicate Weights, ISS",NA,NA,NA
National Aboriginal & Torres Strait Islander Nutrition & Physical Activity Survey,inp13bsp,WPM1228,"Replicate Weights, ISS",NA,NA,NA
National Aboriginal & Torres Strait Islander Nutrition & Physical Activity Survey,inp13bsp,WPM1229,"Replicate Weights, ISS",NA,NA,NA
National Aboriginal & Torres Strait Islander Nutrition & Physical Activity Survey,inp13bsp,WPM1230,"Replicate Weights, ISS",NA,NA,NA
National Aboriginal & Torres Strait Islander Nutrition & Physical Activity Survey,inp13bsp,WPM1231,"Replicate Weights, ISS",NA,NA,NA
National Aboriginal & Torres Strait Islander Nutrition & Physical Activity Survey,inp13bsp,WPM1232,"Replicate Weights, ISS",NA,NA,NA
National Aboriginal & Torres Strait Islander Nutrition & Physical Activity Survey,inp13bsp,WPM1233,"Replicate Weights, ISS",NA,NA,NA
National Aboriginal & Torres Strait Islander Nutrition & Physical Activity Survey,inp13bsp,WPM1234,"Replicate Weights, ISS",NA,NA,NA
National Aboriginal & Torres Strait Islander Nutrition & Physical Activity Survey,inp13bsp,WPM1235,"Replicate Weights, ISS",NA,NA,NA
National Aboriginal & Torres Strait Islander Nutrition & Physical Activity Survey,inp13bsp,WPM1236,"Replicate Weights, ISS",NA,NA,NA
National Aboriginal & Torres Strait Islander Nutrition & Physical Activity Survey,inp13bsp,WPM1237,"Replicate Weights, ISS",NA,NA,NA
National Aboriginal & Torres Strait Islander Nutrition & Physical Activity Survey,inp13bsp,WPM1238,"Replicate Weights, ISS",NA,NA,NA
National Aboriginal & Torres Strait Islander Nutrition & Physical Activity Survey,inp13bsp,WPM1239,"Replicate Weights, ISS",NA,NA,NA
National Aboriginal & Torres Strait Islander Nutrition & Physical Activity Survey,inp13bsp,WPM1240,"Replicate Weights, ISS",NA,NA,NA
National Aboriginal & Torres Strait Islander Nutrition & Physical Activity Survey,inp13bsp,WPM1241,"Replicate Weights, ISS",NA,NA,NA
National Aboriginal & Torres Strait Islander Nutrition & Physical Activity Survey,inp13bsp,WPM1242,"Replicate Weights, ISS",NA,NA,NA
National Aboriginal & Torres Strait Islander Nutrition & Physical Activity Survey,inp13bsp,WPM1243,"Replicate Weights, ISS",NA,NA,NA
National Aboriginal & Torres Strait Islander Nutrition & Physical Activity Survey,inp13bsp,WPM1244,"Replicate Weights, ISS",NA,NA,NA
National Aboriginal & Torres Strait Islander Nutrition & Physical Activity Survey,inp13bsp,WPM1245,"Replicate Weights, ISS",NA,NA,NA
National Aboriginal & Torres Strait Islander Nutrition & Physical Activity Survey,inp13bsp,WPM1246,"Replicate Weights, ISS",NA,NA,NA
National Aboriginal & Torres Strait Islander Nutrition & Physical Activity Survey,inp13bsp,WPM1247,"Replicate Weights, ISS",NA,NA,NA
National Aboriginal & Torres Strait Islander Nutrition & Physical Activity Survey,inp13bsp,WPM1248,"Replicate Weights, ISS",NA,NA,NA
National Aboriginal & Torres Strait Islander Nutrition & Physical Activity Survey,inp13bsp,WPM1249,"Replicate Weights, ISS",NA,NA,NA
National Aboriginal & Torres Strait Islander Nutrition & Physical Activity Survey,inp13bsp,WPM1250,"Replicate Weights, ISS",NA,NA,NA
National Aboriginal & Torres Strait Islander Nutrition & Physical Activity Survey,inp13bsp,IPAFINWT,Person weight PAA,Administrative,Selected persons (Person level),X
National Aboriginal & Torres Strait Islander Nutrition & Physical Activity Survey,inp13bsp,SEASONC,Season of 2nd (CATI) interview,Interview details,All persons who completed second (CATI) interview,NA
National Aboriginal & Torres Strait Islander Nutrition & Physical Activity Survey,inp13bsp,SMKDAILY,Daily smoker status,Risk factors,All persons aged 15 years and over,NA
National Aboriginal & Torres Strait Islander Nutrition & Physical Activity Survey,inp13bsp,SMKSTAT,Smoker status,Risk factors,All persons aged 15 years and over,NA
National Aboriginal & Torres Strait Islander Nutrition & Physical Activity Survey,inp13bsp,TOBUSE,Tobacco use,Risk factor - Smoking,All persons aged 15 years and over,X
National Aboriginal & Torres Strait Islander Nutrition & Physical Activity Survey,inp13bsp,NUMVAL,Number of days reported pedometer steps (continuous),Risk factor - Physical Activity,All persons in non-remote areas aged 5 years and over,NA
National Aboriginal & Torres Strait Islander Nutrition & Physical Activity Survey,inp13bsp,NDYSWKPC,Number of weekdays reported pedometer steps (continuous),Risk factor - Physical Activity,All persons in non-remote areas aged 5 years and over,NA
National Aboriginal & Torres Strait Islander Nutrition & Physical Activity Survey,inp13bsp,NDYSWEPC,Number of weekend days reported pedometer steps (continuous),Risk factor - Physical Activity,All persons in non-remote areas aged 5 years and over,NA
National Aboriginal & Torres Strait Islander Nutrition & Physical Activity Survey,inp13bsp,PEDPOP,Pedometer day threshold requirement,Risk factor - Physical Activity,All persons in non-remote areas aged 5 years and over,NA
National Aboriginal & Torres Strait Islander Nutrition & Physical Activity Survey,inp13bsp,PEDAGEDY,Average pedometer step ranges for all reported days for age group,Risk factor - Physical Activity,All persons in non-remote areas aged 5 years and over,NA
National Aboriginal & Torres Strait Islander Nutrition & Physical Activity Survey,inp13bsp,PEDAGEWK,Average pedometer step ranges for weekdays for age group,Risk factor - Physical Activity,All persons in non-remote areas aged 5 years and over,NA
National Aboriginal & Torres Strait Islander Nutrition & Physical Activity Survey,inp13bsp,PEDAGEWE,Average pedometer step ranges for weekend days for age group,Risk factor - Physical Activity,All persons in non-remote areas aged 5 years and over,NA
National Aboriginal & Torres Strait Islander Nutrition & Physical Activity Survey,inp13bsp,MET10KV7,Whether average number of steps per reported day met recommended 10000 step threshold,Risk factor - Physical Activity,All persons in non-remote areas aged 18 years and over,NA
National Aboriginal & Torres Strait Islander Nutrition & Physical Activity Survey,inp13bsp,MET10KV5,Whether average number of steps per reported wkday met recommended 10000 step threshold,Risk factor - Physical Activity,All persons in non-remote areas aged 18 years and over,NA
National Aboriginal & Torres Strait Islander Nutrition & Physical Activity Survey,inp13bsp,MET10KV2,Whether average number of steps per reported wkend day met recommended 10000 step threshold,Risk factor - Physical Activity,All persons in non-remote areas aged 18 years and over,NA
National Aboriginal & Torres Strait Islander Nutrition & Physical Activity Survey,inp13bsp,METT1AV7,Whether average number of steps per reported day met recommended threshold one step count,Risk factor - Physical Activity,All persons in non-remote areas aged 5-17 years,NA
National Aboriginal & Torres Strait Islander Nutrition & Physical Activity Survey,inp13bsp,METT1AV5,Whether average number of steps per reported weekday met recommended threshold one step count,Risk factor - Physical Activity,All persons in non-remote areas aged 5-17 years,NA
National Aboriginal & Torres Strait Islander Nutrition & Physical Activity Survey,inp13bsp,METT1AV2,Whether average number of steps per reported weekend day met recommended threshold one step count,Risk factor - Physical Activity,All persons in non-remote areas aged 5-17 years,NA
National Aboriginal & Torres Strait Islander Nutrition & Physical Activity Survey,inp13bsp,SEX,Sex of person,Demographics,All persons,NA
National Aboriginal & Torres Strait Islander Nutrition & Physical Activity Survey,inp13bsp,ATEMLSCT,"Whether the amount eaten yesterday was more, less or about the same as usual (CATI)",Risk factors - Nutrition,All persons,NA
National Aboriginal & Torres Strait Islander Nutrition & Physical Activity Survey,inp13bsp,SALTACI,Whether salt used in cooking or preparing food is iodised,Risk factor - Nutrition,All persons aged 2 years and over,NA
National Aboriginal & Torres Strait Islander Nutrition & Physical Activity Survey,inp13bsp,SALTATI,Whether salt added to meal at table is iodised,Risk factor - Nutrition,All persons aged 2 years and over,NA
National Aboriginal & Torres Strait Islander Nutrition & Physical Activity Survey,inp13bsp,TAPWTR,Source of tap water,Risk factors - Nutrition,All persons,NA
National Aboriginal & Torres Strait Islander Nutrition & Physical Activity Survey,inp13bsp,DIETQ12,How often salt is used in household for cooking or preparing food (AHS comparison),Risk factor - Nutrition,All persons aged 2 years and over,NA
National Aboriginal & Torres Strait Islander Nutrition & Physical Activity Survey,inp13bsp,DIETQ14,How often salt is added to food at table (AHS comparison),Risk factor - Nutrition,All persons aged 2 years and over,NA
National Aboriginal & Torres Strait Islander Nutrition & Physical Activity Survey,inp13bsp,ADTOTTV,Total minutes spent sitting or lying down to watch television or videos in the last week,Risk factor - Physical Activity,All persons in non-remote areas aged 18 years and over,NA
National Aboriginal & Torres Strait Islander Nutrition & Physical Activity Survey,inp13bsp,ADTOTEG,Total minutes spent sitting or lying down to play electronic games in the last week,Risk factor - Physical Activity,All persons in non-remote areas aged 18 years and over,NA
National Aboriginal & Torres Strait Islander Nutrition & Physical Activity Survey,inp13bsp,ADTOTCOM,Total minutes spent sitting or lying down to use a computer or the Internet in the last week,Risk factor - Physical Activity,All persons in non-remote areas aged 18 years and over,NA
National Aboriginal & Torres Strait Islander Nutrition & Physical Activity Survey,inp13bsp,ADTOTSC,Total minutes spent sitting or lying down to do screen-based activities in the last week,Risk factor - Physical Activity,All persons in non-remote areas aged 18 years and over,NA
National Aboriginal & Torres Strait Islander Nutrition & Physical Activity Survey,inp13bsp,ADTOTPH,Total minutes spent sitting or lying down to use a phone in the last week,Risk factor - Physical Activity,All persons in non-remote areas aged 18 years and over,NA
National Aboriginal & Torres Strait Islander Nutrition & Physical Activity Survey,inp13bsp,ADTOTLE,Total minutes spent sitting or lying down to do other leisure activities in the last week,Risk factor - Physical Activity,All persons in non-remote areas aged 18 years and over,NA
National Aboriginal & Torres Strait Islander Nutrition & Physical Activity Survey,inp13bsp,ADORGWK,Whether did organised moderate/vigorous physical activity in last week,Risk factor - Physical Activity,All persons in non-remote areas aged 18 years and over,NA
National Aboriginal & Torres Strait Islander Nutrition & Physical Activity Survey,inp13bsp,DAYGUI3,Number of days met physical and screen-based activity recs in 3 days prior to interview (2-4),Risk factor - Physical Activity,All persons in non-remote areas aged 2-4 years,NA
National Aboriginal & Torres Strait Islander Nutrition & Physical Activity Survey,inp13bsp,DAY1803,Number of days did physical activity for at least 180 mins in the 3 days prior to interview (2-4),Risk factor - Physical Activity,All persons in non-remote areas aged 2-4 years,NA
National Aboriginal & Torres Strait Islander Nutrition & Physical Activity Survey,inp13bsp,DAYSCHR3,Number of days did screen-based activity no more than 60 mins in 3 days prior to interview (2-4),Risk factor - Physical Activity,All persons in non-remote areas aged 2-4 years,NA
National Aboriginal & Torres Strait Islander Nutrition & Physical Activity Survey,inp13bsp,NDBTHR3,Number of days met physical and screen-based activity recs in 3 days prior to interview (5-17),Risk factor - Physical Activity,All persons in non-remote areas aged 5-17 years,NA
National Aboriginal & Torres Strait Islander Nutrition & Physical Activity Survey,inp13bsp,NDPA1H3,Number of days did physical activity for at least 60 mins in 3 days prior to interview (5-17),Risk factor - Physical Activity,All persons in non-remote areas aged 5-17 years,NA
National Aboriginal & Torres Strait Islander Nutrition & Physical Activity Survey,inp13bsp,SDSAGE3,Number of days did screen-based activity no more than 120 mins in 3 days prior to interview (5-17),Risk factor - Physical Activity,All persons in non-remote areas aged 5-17 years,NA
National Aboriginal & Torres Strait Islander Nutrition & Physical Activity Survey,inp13bsp,PEDISSUE,Whether pedometer was issued and worn,Risk factor - Physical Activity,All persons in non-remote areas aged 5 years and over,NA
National Aboriginal & Torres Strait Islander Nutrition & Physical Activity Survey,inp13bsp,DYS10STP,Number of days met the 10000 step recommendation for adults in first seven days reported,Risk factor - Physical Activity,All persons in non-remote areas aged 18 years and over,NA
National Aboriginal & Torres Strait Islander Nutrition & Physical Activity Survey,inp13bsp,DYSTHRE1,Number of days met step threshold one for ages 5-17 years in first seven days reported,Risk factor - Physical Activity,All persons in non-remote areas aged 5-17 years,NA
National Aboriginal & Torres Strait Islander Nutrition & Physical Activity Survey,inp13bsp,SMS,Social marital status,DemographicsLanguage,All persons aged 15 years and over,X
National Aboriginal & Torres Strait Islander Nutrition & Physical Activity Survey,inp13bsp,SEASON2,Season of interview,Interview details,All persons,NA
National Aboriginal & Torres Strait Islander Nutrition & Physical Activity Survey,inp13bsp,PROXYAD,Adult interview conducted by proxy,Administrative,All selected persons aged 18 years and over,NA
National Aboriginal & Torres Strait Islander Nutrition & Physical Activity Survey,inp13bsp,PROXYCH,Proxy status for children,Administrative,All selected persons aged 2–17 years,NA
National Aboriginal & Torres Strait Islander Nutrition & Physical Activity Survey,inp13bsp,EDATTQ2,Whether has a non-school qualification,Education,All persons aged 15 years and over,NA
National Aboriginal & Torres Strait Islander Nutrition & Physical Activity Survey,inp13bsp,STDYFTPT,Whether currently studying full-time or part-time,Education,All persons aged 15 years and over,NA
National Aboriginal & Torres Strait Islander Nutrition & Physical Activity Survey,inp13bsp,SMKPAROX,Presence of parent during smoking questions,Administrative,All selected persons 15–17 years,NA
National Aboriginal & Torres Strait Islander Nutrition & Physical Activity Survey,inp13bsp,RDIVEG,Whether daily vegetable intake meets NHMRC 2013 guidelines,Risk factor - Nutrition,All persons,X
National Aboriginal & Torres Strait Islander Nutrition & Physical Activity Survey,inp13bsp,RDIFRUIT,Whether daily fruit intake meets NHMRC 2013 guidelines,Risk factor - Nutrition,All persons,X
National Aboriginal & Torres Strait Islander Nutrition & Physical Activity Survey,inp13bsp,RDIBOTH,Whether daily fruit and vegetable intake meets NHMRC 2013 guidelines,Risk factor - Nutrition,All persons,X
National Aboriginal & Torres Strait Islander Nutrition & Physical Activity Survey,inp13bsp,DIETRDI,Whether daily fruit and vegetable intake meets NHMRC 2003 guidelines,Risk factor - Nutrition,All persons aged 4 years and over,NA
National Aboriginal & Torres Strait Islander Nutrition & Physical Activity Survey,inp13bsp,DIETFRU,Whether daily fruit intake meets NHMRC 2003 guidelines,Risk factor - Nutrition,All persons aged 4 years and over,X
National Aboriginal & Torres Strait Islander Nutrition & Physical Activity Survey,inp13bsp,DIETVEG,Whether daily vegetable intake meets NHMRC 2003 guidelines,Risk factor - Nutrition,All persons aged 4 years and over,X
National Aboriginal & Torres Strait Islander Nutrition & Physical Activity Survey,inp13bsp,HBSCQ01,Number of days did physical activity for at least 60 mins in 7 days prior to interview (HBSCQ1),Risk factor - Physical Activity,All persons in non-remote areas aged 5-17 years,NA
National Aboriginal & Torres Strait Islander Nutrition & Physical Activity Survey,inp13bsp,SCRNBEDA,Screen-based items located in bedroom,NA,NA,NA
National Aboriginal & Torres Strait Islander Nutrition & Physical Activity Survey,inp13bsp,SCRNBEDB,Screen-based items located in bedroom,NA,NA,NA
National Aboriginal & Torres Strait Islander Nutrition & Physical Activity Survey,inp13bsp,SCRNBEDC,Screen-based items located in bedroom,NA,NA,NA
National Aboriginal & Torres Strait Islander Nutrition & Physical Activity Survey,inp13bsp,SCRNBEDD,Screen-based items located in bedroom,NA,NA,NA
National Aboriginal & Torres Strait Islander Nutrition & Physical Activity Survey,inp13bsp,SCRNBEDE,Screen-based items located in bedroom,NA,NA,NA
National Aboriginal & Torres Strait Islander Nutrition & Physical Activity Survey,inp13bsp,SCRNBEDF,Screen-based items located in bedroom,NA,NA,NA
National Aboriginal & Torres Strait Islander Nutrition & Physical Activity Survey,inp13bsp,HWKB4TV,Frequency of homework being done prior to watching TV or using console,Risk factor - Physical Activity,All persons in non-remote areas aged 5-17 years,NA
National Aboriginal & Torres Strait Islander Nutrition & Physical Activity Survey,inp13bsp,TVOFF,Frequency TV is off during meals,Risk factor - Physical Activity,All persons in non-remote areas aged 2-17 years,NA
National Aboriginal & Torres Strait Islander Nutrition & Physical Activity Survey,inp13bsp,SUPERTV,Frequency child is supervised while watching TV,Risk factor - Physical Activity,All persons in non-remote areas aged 2-17 years,NA
National Aboriginal & Torres Strait Islander Nutrition & Physical Activity Survey,inp13bsp,SUPGAME,Frequency child is supervised while on the Internet or playing electronic games,Risk factor - Physical Activity,All persons in non-remote areas aged 2-17 years,NA
National Aboriginal & Torres Strait Islander Nutrition & Physical Activity Survey,inp13bsp,COMREST,Frequency TV viewing or using computer is restricted,Risk factor - Physical Activity,All persons in non-remote areas aged 2-17 years,NA
National Aboriginal & Torres Strait Islander Nutrition & Physical Activity Survey,inp13bsp,EXTYPELW,Type of physical activity undertaken for fitness recreation or sport in last week (time-series),Risk factor - Physical Activity,All persons aged 15 years and over,NA
National Aboriginal & Torres Strait Islander Nutrition & Physical Activity Survey,inp13bsp,EXLEVELN,"Level of physical activity for fitness, recreation, sport or walking for transport in last week",Risk factor - Physical Activity,All persons aged 15 years and over,NA
National Aboriginal & Torres Strait Islander Nutrition & Physical Activity Survey,inp13bsp,EXREGUID,Whether physical activity last week met 150 minutes and 5 sessions recommended guidelines,Risk factor - Physical Activity,All persons aged 18 years and over,NA
National Aboriginal & Torres Strait Islander Nutrition & Physical Activity Survey,inp13bsp,EXREGUIC,Whether physical activity last week met 150 minutes recommended guidelines,Risk factor - Physical Activity,All persons aged 18 years and over,NA
National Aboriginal & Torres Strait Islander Nutrition & Physical Activity Survey,inp13bsp,DURSACSF,Whether participated in sufficient activity in last week (duration and session),Risk factor - Physical Activity,All persons aged 18 years and over,NA
National Aboriginal & Torres Strait Islander Nutrition & Physical Activity Survey,inp13bsp,DURACSF,Whether participated in sufficient activity in last week (duration),Risk factor - Physical Activity,All persons aged 18 years and over,NA
National Aboriginal & Torres Strait Islander Nutrition & Physical Activity Survey,inp13bsp,ACINACTR,Whether used active or inactive transport in last week,Risk factor - Physical Activity,All persons in non-remote areas aged 18 years and over,NA
National Aboriginal & Torres Strait Islander Nutrition & Physical Activity Survey,inp13bsp,TOTWKMIN,Total minutes at work in last week,Physical activity,All employed persons aged 18 years and over,NA
National Aboriginal & Torres Strait Islander Nutrition & Physical Activity Survey,inp13bsp,WKSATMIN,Total minutes spent sitting at work in last week,Physical activity,All employed persons aged 18 years and over who worked in the last week,NA
National Aboriginal & Torres Strait Islander Nutrition & Physical Activity Survey,inp13bsp,TRSATMIN,Total minutes spent sitting for travel to or from places in last week,Risk factor - Physical Activity,All persons in non-remote areas aged 18 years and over,NA
National Aboriginal & Torres Strait Islander Nutrition & Physical Activity Survey,inp13bsp,SEDTYPEA,Type of sedentary behaviour in the last week,NA,NA,NA
National Aboriginal & Torres Strait Islander Nutrition & Physical Activity Survey,inp13bsp,SEDTYPEB,Type of sedentary behaviour in the last week,NA,NA,NA
National Aboriginal & Torres Strait Islander Nutrition & Physical Activity Survey,inp13bsp,SEDTYPEC,Type of sedentary behaviour in the last week,NA,NA,NA
National Aboriginal & Torres Strait Islander Nutrition & Physical Activity Survey,inp13bsp,SEDTYPED,Type of sedentary behaviour in the last week,NA,NA,NA
National Aboriginal & Torres Strait Islander Nutrition & Physical Activity Survey,inp13bsp,SEDTYPEE,Type of sedentary behaviour in the last week,NA,NA,NA
National Aboriginal & Torres Strait Islander Nutrition & Physical Activity Survey,inp13bsp,SEDTYPEF,Type of sedentary behaviour in the last week,NA,NA,NA
National Aboriginal & Torres Strait Islander Nutrition & Physical Activity Survey,inp13bsp,SEDTYPEG,Type of sedentary behaviour in the last week,NA,NA,NA
National Aboriginal & Torres Strait Islander Nutrition & Physical Activity Survey,inp13bsp,SLPTIME,Sleep duration in minutes on day prior to interview,Physical activity,All persons aged 5 years and over,NA
National Aboriginal & Torres Strait Islander Nutrition & Physical Activity Survey,inp13bsp,TYPNIGHT,Whether typical nights sleep on day prior to interview,Physical activity,All persons aged 5 years and over,NA
National Aboriginal & Torres Strait Islander Nutrition & Physical Activity Survey,inp13bsp,RPADAYR,Day of week did physical activity and sedentary behaviour (day prior to interview),Risk factor - Physical Activity,All persons in remote areas aged 5 years and over,X
National Aboriginal & Torres Strait Islander Nutrition & Physical Activity Survey,inp13bsp,RPATYPEA,Type of physical activity did or whether walked to places yesterday,NA,NA,NA
National Aboriginal & Torres Strait Islander Nutrition & Physical Activity Survey,inp13bsp,RPATYPEB,Type of physical activity did or whether walked to places yesterday,NA,NA,NA
National Aboriginal & Torres Strait Islander Nutrition & Physical Activity Survey,inp13bsp,RPATYPEC,Type of physical activity did or whether walked to places yesterday,NA,NA,NA
National Aboriginal & Torres Strait Islander Nutrition & Physical Activity Survey,inp13bsp,RPATYPED,Type of physical activity did or whether walked to places yesterday,NA,NA,NA
National Aboriginal & Torres Strait Islander Nutrition & Physical Activity Survey,inp13bsp,RPATYPEE,Type of physical activity did or whether walked to places yesterday,NA,NA,NA
National Aboriginal & Torres Strait Islander Nutrition & Physical Activity Survey,inp13bsp,RPATYPEF,Type of physical activity did or whether walked to places yesterday,NA,NA,NA
National Aboriginal & Torres Strait Islander Nutrition & Physical Activity Survey,inp13bsp,RPATYPEG,Type of physical activity did or whether walked to places yesterday,NA,NA,NA
National Aboriginal & Torres Strait Islander Nutrition & Physical Activity Survey,inp13bsp,RPATYPEH,Type of physical activity did or whether walked to places yesterday,NA,NA,NA
National Aboriginal & Torres Strait Islander Nutrition & Physical Activity Survey,inp13bsp,RPATYPEI,Type of physical activity did or whether walked to places yesterday,NA,NA,NA
National Aboriginal & Torres Strait Islander Nutrition & Physical Activity Survey,inp13bsp,RPATYPEJ,Type of physical activity did or whether walked to places yesterday,NA,NA,NA
National Aboriginal & Torres Strait Islander Nutrition & Physical Activity Survey,inp13bsp,RPATIMEA,Whether physical activity or walking to places (excl.housework etc) was more than 30 mins yesterday,Risk factor - Physical Activity,All persons in remote areas aged 18 years and over,X
National Aboriginal & Torres Strait Islander Nutrition & Physical Activity Survey,inp13bsp,RPATIMEC,Whether physical activity or walking to places was more than 60 mins yesterday (5-17),Risk factor - Physical Activity,All persons in remote areas aged 5-17 years,X
National Aboriginal & Torres Strait Islander Nutrition & Physical Activity Survey,inp13bsp,RPAEXAMA,Whether physical activity or walking to places (excl.housework etc) yesterday was same as most days,Risk factor - Physical Activity,All persons in remote areas aged 18 years and over,X
National Aboriginal & Torres Strait Islander Nutrition & Physical Activity Survey,inp13bsp,RPAEXAMC,Whether physical activity or walking to places yesterday was same as most days (5-17),Risk factor - Physical Activity,All persons in remote areas aged 5-17 years,X
National Aboriginal & Torres Strait Islander Nutrition & Physical Activity Survey,inp13bsp,SABDYMS,Self-perceived body mass,Physical measurements&Body Mass,All persons aged 15 years and over,NA
National Aboriginal & Torres Strait Islander Nutrition & Physical Activity Survey,inp13bsp,TYPDIETA,Type of diet currently on,Risk factors - Nutrition,NA,NA
National Aboriginal & Torres Strait Islander Nutrition & Physical Activity Survey,inp13bsp,TYPDIETB,Type of diet currently on,Risk factors - Nutrition,NA,NA
National Aboriginal & Torres Strait Islander Nutrition & Physical Activity Survey,inp13bsp,TYPDIETC,Type of diet currently on,Risk factors - Nutrition,NA,NA
National Aboriginal & Torres Strait Islander Nutrition & Physical Activity Survey,inp13bsp,TYPDIETD,Type of diet currently on,Risk factors - Nutrition,NA,NA
National Aboriginal & Torres Strait Islander Nutrition & Physical Activity Survey,inp13bsp,TYPDIETE,Type of diet currently on,Risk factors - Nutrition,NA,NA
National Aboriginal & Torres Strait Islander Nutrition & Physical Activity Survey,inp13bsp,TYPDIETF,Type of diet currently on,Risk factors - Nutrition,NA,NA
National Aboriginal & Torres Strait Islander Nutrition & Physical Activity Survey,inp13bsp,TYPDIETG,Type of diet currently on,Risk factors - Nutrition,NA,NA
National Aboriginal & Torres Strait Islander Nutrition & Physical Activity Survey,inp13bsp,TYPDIETH,Type of diet currently on,Risk factors - Nutrition,NA,NA
National Aboriginal & Torres Strait Islander Nutrition & Physical Activity Survey,inp13bsp,TYPDIETI,Type of diet currently on,Risk factors - Nutrition,NA,NA
National Aboriginal & Torres Strait Islander Nutrition & Physical Activity Survey,inp13bsp,TYPDIETJ,Type of diet currently on,Risk factors - Nutrition,NA,NA
National Aboriginal & Torres Strait Islander Nutrition & Physical Activity Survey,inp13bsp,TYPDIETK,Type of diet currently on,Risk factors - Nutrition,NA,NA
National Aboriginal & Torres Strait Islander Nutrition & Physical Activity Survey,inp13bsp,SATWEIG,Satisfaction with current weight,Physical measures & body mass,All persons aged 15 years and over,NA
National Aboriginal & Torres Strait Islander Nutrition & Physical Activity Survey,inp13bsp,SYSTOL,Systolic blood pressure (mmHg),Physical measurements&Body Mass,All persons aged 5 years and over,NA
National Aboriginal & Torres Strait Islander Nutrition & Physical Activity Survey,inp13bsp,DIASTOL,Diastolic blood pressure (mmHg),Physical measurements&Body Mass,All persons aged 5 years and over,NA
National Aboriginal & Torres Strait Islander Nutrition & Physical Activity Survey,inp13bsp,BPCAT,Blood pressure categories (18 yrs +),Physical measurements&Body Mass,All persons aged 18 years and over,NA
National Aboriginal & Torres Strait Islander Nutrition & Physical Activity Survey,inp13bsp,PHDKGW2,Measured weight (kg),Physical measurements&Body Mass,All persons aged 2 years and over,NA
National Aboriginal & Torres Strait Islander Nutrition & Physical Activity Survey,inp13bsp,PHDCMH2,Measured height (cm),Physical measurements&Body Mass,All persons aged 2 years and over,NA
National Aboriginal & Torres Strait Islander Nutrition & Physical Activity Survey,inp13bsp,WHRCAT,Waist-to-hip ratio - measured - categories,Physical Measurements&Body Mass,All persons aged 18 years and over,X
National Aboriginal & Torres Strait Islander Nutrition & Physical Activity Survey,inp13bsp,CDEPQ1R,Whether on CDEP (or equivalent) (R only),Employment,All employed persons in remote areas aged 15 years and over,X
National Aboriginal & Torres Strait Islander Nutrition & Physical Activity Survey,inp13bsp,SF12Q2,Self-assessed health,Health,All persons aged 15 years and over,NA
National Aboriginal & Torres Strait Islander Nutrition & Physical Activity Survey,inp13bsp,DIETQ5,Usual daily serves of vegetables,Risk factor - Nutrition,All persons aged 2 years and over,NA
National Aboriginal & Torres Strait Islander Nutrition & Physical Activity Survey,inp13bsp,DIETQ8,Usual daily serves of fruit,Risk factor - Nutrition,All persons aged 2 years and over,NA
National Aboriginal & Torres Strait Islander Nutrition & Physical Activity Survey,inp13bsp,DIABQ01A,Family history of Diabetes,Health,All persons,NA
National Aboriginal & Torres Strait Islander Nutrition & Physical Activity Survey,inp13bsp,CPAQ70,Child physical/screen-based activity response status (5-17 years),Administrative,All selected persons aged 5 to 17 years,NA
National Aboriginal & Torres Strait Islander Nutrition & Physical Activity Survey,inp13bsp,RPAQ05A,Places walked to yesterday,NA,NA,NA
National Aboriginal & Torres Strait Islander Nutrition & Physical Activity Survey,inp13bsp,RPAQ05B,Places walked to yesterday,NA,NA,NA
National Aboriginal & Torres Strait Islander Nutrition & Physical Activity Survey,inp13bsp,RPAQ05C,Places walked to yesterday,NA,NA,NA
National Aboriginal & Torres Strait Islander Nutrition & Physical Activity Survey,inp13bsp,RPAQ05D,Places walked to yesterday,NA,NA,NA
National Aboriginal & Torres Strait Islander Nutrition & Physical Activity Survey,inp13bsp,RPAQ05E,Places walked to yesterday,NA,NA,NA
National Aboriginal & Torres Strait Islander Nutrition & Physical Activity Survey,inp13bsp,RPAQ05F,Places walked to yesterday,NA,NA,NA
National Aboriginal & Torres Strait Islander Nutrition & Physical Activity Survey,inp13bsp,RPAQ05G,Places walked to yesterday,NA,NA,NA
National Aboriginal & Torres Strait Islander Nutrition & Physical Activity Survey,inp13bsp,RPAQ05H,Places walked to yesterday,NA,NA,NA
National Aboriginal & Torres Strait Islander Nutrition & Physical Activity Survey,inp13bsp,RPAQ05I,Places walked to yesterday,NA,NA,NA
National Aboriginal & Torres Strait Islander Nutrition & Physical Activity Survey,inp13bsp,RPAQ11A,Type(s) of sedentary activity did yesterday,NA,NA,NA
National Aboriginal & Torres Strait Islander Nutrition & Physical Activity Survey,inp13bsp,RPAQ11B,Type(s) of sedentary activity did yesterday,NA,NA,NA
National Aboriginal & Torres Strait Islander Nutrition & Physical Activity Survey,inp13bsp,RPAQ11C,Type(s) of sedentary activity did yesterday,NA,NA,NA
National Aboriginal & Torres Strait Islander Nutrition & Physical Activity Survey,inp13bsp,RPAQ11D,Type(s) of sedentary activity did yesterday,NA,NA,NA
National Aboriginal & Torres Strait Islander Nutrition & Physical Activity Survey,inp13bsp,RPAQ11E,Type(s) of sedentary activity did yesterday,NA,NA,NA
National Aboriginal & Torres Strait Islander Nutrition & Physical Activity Survey,inp13bsp,RPAQ11F,Type(s) of sedentary activity did yesterday,NA,NA,NA
National Aboriginal & Torres Strait Islander Nutrition & Physical Activity Survey,inp13bsp,RPAQ11G,Type(s) of sedentary activity did yesterday,NA,NA,NA
National Aboriginal & Torres Strait Islander Nutrition & Physical Activity Survey,inp13bsp,RPAQ11H,Type(s) of sedentary activity did yesterday,NA,NA,NA
National Aboriginal & Torres Strait Islander Nutrition & Physical Activity Survey,inp13bsp,RPAQ11I,Type(s) of sedentary activity did yesterday,NA,NA,NA
National Aboriginal & Torres Strait Islander Nutrition & Physical Activity Survey,inp13bsp,RPAQ11J,Type(s) of sedentary activity did yesterday,NA,NA,NA
National Aboriginal & Torres Strait Islander Nutrition & Physical Activity Survey,inp13bsp,RPAQ11K,Type(s) of sedentary activity did yesterday,NA,NA,NA
National Aboriginal & Torres Strait Islander Nutrition & Physical Activity Survey,inp13bsp,RPAQ11L,Type(s) of sedentary activity did yesterday,NA,NA,NA
National Aboriginal & Torres Strait Islander Nutrition & Physical Activity Survey,inp13bsp,RPAQ11M,Type(s) of sedentary activity did yesterday,NA,NA,NA
National Aboriginal & Torres Strait Islander Nutrition & Physical Activity Survey,inp13bsp,RPAQ11N,Type(s) of sedentary activity did yesterday,NA,NA,NA
National Aboriginal & Torres Strait Islander Nutrition & Physical Activity Survey,inp13bsp,RPAQ11O,Type(s) of sedentary activity did yesterday,NA,NA,NA
National Aboriginal & Torres Strait Islander Nutrition & Physical Activity Survey,inp13bsp,RPAQ11P,Type(s) of sedentary activity did yesterday,NA,NA,NA
National Aboriginal & Torres Strait Islander Nutrition & Physical Activity Survey,inp13bsp,RPAQ13,Whether mostly sitting/standing/walking/running/heavy labour or physically demanding work yesterday,Risk factor - Physical Activity,All persons in remote areas aged 5 years and over,X
National Aboriginal & Torres Strait Islander Nutrition & Physical Activity Survey,inp13bsp,BDYMSQ04,Whether currently on a diet to lose weight or for other health reasons,Risk factors - Nutrition,All persons aged 15 years and over,NA
National Aboriginal & Torres Strait Islander Nutrition & Physical Activity Survey,inp13bsp,NHMRCAGE,NHMRC reference age,Risk factor - Nutrition,All persons,X
National Aboriginal & Torres Strait Islander Nutrition & Physical Activity Survey,inp13bsp,NUTDAY1,Day of week of day 1 consumption,Interview details,All persons,NA
National Aboriginal & Torres Strait Islander Nutrition & Physical Activity Survey,inp13bsp,ENERGYT1,Energy with dietary fibre (total) Day 1 kJ,Risk factors - Nutrition,All persons,NA
National Aboriginal & Torres Strait Islander Nutrition & Physical Activity Survey,inp13bsp,ENRGYT1,Energy without dietary fibre (total) Day 1 kJ,Risk factors - Nutrition,All persons,NA
National Aboriginal & Torres Strait Islander Nutrition & Physical Activity Survey,inp13bsp,MOISTT1,Moisture (total) Day 1 g,Risk factors - Nutrition,All persons,NA
National Aboriginal & Torres Strait Islander Nutrition & Physical Activity Survey,inp13bsp,PROTT1,Protein (total) Day 1 g,Risk factors - Nutrition,All persons,NA
National Aboriginal & Torres Strait Islander Nutrition & Physical Activity Survey,inp13bsp,FATT1,Total fat (total) Day 1 g,Risk factors - Nutrition,All persons,NA
National Aboriginal & Torres Strait Islander Nutrition & Physical Activity Survey,inp13bsp,CHOWSAT1,Carbohydrate with Sugar Alcohols (total) Day 1 g,Risk factors - Nutrition,All persons,NA
National Aboriginal & Torres Strait Islander Nutrition & Physical Activity Survey,inp13bsp,CHOWOAT1,Carbohydrate without Sugar Alcohols (total) Day 1 g,Risk factors - Nutrition,All persons,NA
National Aboriginal & Torres Strait Islander Nutrition & Physical Activity Survey,inp13bsp,STARCHT1,Starch (total) Day 1 g,Risk factors - Nutrition,All persons,NA
National Aboriginal & Torres Strait Islander Nutrition & Physical Activity Survey,inp13bsp,SUGART1,Sugars (total) Day 1 g,Risk factors - Nutrition,All persons,NA
National Aboriginal & Torres Strait Islander Nutrition & Physical Activity Survey,inp13bsp,FIBRET1,Dietary fibre (total) Day 1 g,Risk factors - Nutrition,All persons,NA
National Aboriginal & Torres Strait Islander Nutrition & Physical Activity Survey,inp13bsp,ALCT1,Alcohol (total) Day 1 g,Risk factors - Nutrition,All persons,NA
National Aboriginal & Torres Strait Islander Nutrition & Physical Activity Survey,inp13bsp,PREVAT1,Preformed Vitamin A (total) Day 1 ¬µg,Risk factors - Nutrition,All persons,NA
National Aboriginal & Torres Strait Islander Nutrition & Physical Activity Survey,inp13bsp,PROVAT1,Provitamin A (total) Day 1 ¬µg,Risk factors - Nutrition,All persons,NA
National Aboriginal & Torres Strait Islander Nutrition & Physical Activity Survey,inp13bsp,RETEQT1,Retinol Equivalents (total) Day 1 ¬µg,Risk factors - Nutrition,All persons,NA
National Aboriginal & Torres Strait Islander Nutrition & Physical Activity Survey,inp13bsp,B1T1,Thiamin (B1) (total) Day 1 mg,Risk factors - Nutrition,All persons,NA
National Aboriginal & Torres Strait Islander Nutrition & Physical Activity Survey,inp13bsp,B2T1,Riboflavin (B2) (total) Day 1 mg,Risk factors - Nutrition,All persons,NA
National Aboriginal & Torres Strait Islander Nutrition & Physical Activity Survey,inp13bsp,B3T1,Niacin (B3) (total) Day 1 mg,Risk factors - Nutrition,All persons,NA
National Aboriginal & Torres Strait Islander Nutrition & Physical Activity Survey,inp13bsp,NIACINT1,Niacin Equivalents (total) Day 1 mg,Risk factors - Nutrition,All persons,NA
National Aboriginal & Torres Strait Islander Nutrition & Physical Activity Survey,inp13bsp,FOLATT1,Folate natural (total) Day 1 ¬µg,Risk factors - Nutrition,All persons,NA
National Aboriginal & Torres Strait Islander Nutrition & Physical Activity Survey,inp13bsp,FOLICT1,Folic Acid (total) Day 1 ¬µg,Risk factors - Nutrition,All persons,NA
National Aboriginal & Torres Strait Islander Nutrition & Physical Activity Survey,inp13bsp,TOTFOLT1,Total folates (total) Day 1 ¬µg,Risk factors - Nutrition,All persons,NA
National Aboriginal & Torres Strait Islander Nutrition & Physical Activity Survey,inp13bsp,FOLEQT1,Dietary folate equivalents (total) Day 1 ¬µg,Risk factors - Nutrition,All persons,NA
National Aboriginal & Torres Strait Islander Nutrition & Physical Activity Survey,inp13bsp,B6T1,B6 (total) Day 1 mg,Risk factors - Nutrition,All persons,NA
National Aboriginal & Torres Strait Islander Nutrition & Physical Activity Survey,inp13bsp,B12T1,B12 (total) Day 1 ¬µg,Risk factors - Nutrition,All persons,NA
National Aboriginal & Torres Strait Islander Nutrition & Physical Activity Survey,inp13bsp,VITCT1,Vitamin C (total) Day 1 mg,Risk factors - Nutrition,All persons,NA
National Aboriginal & Torres Strait Islander Nutrition & Physical Activity Survey,inp13bsp,VITET1,Vitamin E (total) Day 1 mg,Risk factors - Nutrition,All persons,NA
National Aboriginal & Torres Strait Islander Nutrition & Physical Activity Survey,inp13bsp,CALCT1,Calcium (total) Day 1 mg,Risk factors - Nutrition,All persons,NA
National Aboriginal & Torres Strait Islander Nutrition & Physical Activity Survey,inp13bsp,IODINET1,Iodine (total) Day 1 ¬µg,Risk factors - Nutrition,All persons,NA
National Aboriginal & Torres Strait Islander Nutrition & Physical Activity Survey,inp13bsp,IRONT1,Iron (total) Day 1 mg,Risk factors - Nutrition,All persons,NA
National Aboriginal & Torres Strait Islander Nutrition & Physical Activity Survey,inp13bsp,MAGT1,Magnesium (total) Day 1 mg,Risk factors - Nutrition,All persons,NA
National Aboriginal & Torres Strait Islander Nutrition & Physical Activity Survey,inp13bsp,PHOST1,Phosphorus (total) Day 1 mg,Risk factors - Nutrition,All persons,NA
National Aboriginal & Torres Strait Islander Nutrition & Physical Activity Survey,inp13bsp,POTAST1,Potassium (total) Day 1 mg,Risk factors - Nutrition,All persons,NA
National Aboriginal & Torres Strait Islander Nutrition & Physical Activity Survey,inp13bsp,SELT1,Selenium (total) Day 1 ¬µg,Risk factors - Nutrition,All persons,NA
National Aboriginal & Torres Strait Islander Nutrition & Physical Activity Survey,inp13bsp,SODIUMT1,Sodium (total) Day 1 mg,Risk factors - Nutrition,All persons,NA
National Aboriginal & Torres Strait Islander Nutrition & Physical Activity Survey,inp13bsp,ZINCT1,Zinc (total) Day 1 mg,Risk factors - Nutrition,All persons,NA
National Aboriginal & Torres Strait Islander Nutrition & Physical Activity Survey,inp13bsp,CAFFT1,Caffeine (total) Day 1 mg,Risk factors - Nutrition,All persons,NA
National Aboriginal & Torres Strait Islander Nutrition & Physical Activity Survey,inp13bsp,CHOLT1,Cholesterol (total) Day 1 mg,Risk factors - Nutrition,All persons,NA
National Aboriginal & Torres Strait Islander Nutrition & Physical Activity Survey,inp13bsp,SATFATT1,Saturated Fat (total) Day 1 g,Risk factors - Nutrition,All persons,NA
National Aboriginal & Torres Strait Islander Nutrition & Physical Activity Survey,inp13bsp,MUFATT1,Monounsaturated Fat (total) Day 1 g,Risk factors - Nutrition,All persons,NA
National Aboriginal & Torres Strait Islander Nutrition & Physical Activity Survey,inp13bsp,PUFATT1,Polyunsaturated Fat (total) Day 1 g,Risk factors - Nutrition,All persons,NA
National Aboriginal & Torres Strait Islander Nutrition & Physical Activity Survey,inp13bsp,LAT1,Linoleic Acid (total) Day 1 g,Risk factors - Nutrition,All persons,NA
National Aboriginal & Torres Strait Islander Nutrition & Physical Activity Survey,inp13bsp,ALAT1,Alpha-linolenic Acid (total) Day 1 g,Risk factors - Nutrition,All persons,NA
National Aboriginal & Torres Strait Islander Nutrition & Physical Activity Survey,inp13bsp,LCN3T1,Omega 3 (total) Day 1 mg,Risk factors - Nutrition,All persons,NA
National Aboriginal & Torres Strait Islander Nutrition & Physical Activity Survey,inp13bsp,TRANST1,Trans Fatty Acids (total) Day 1 mg,Risk factors - Nutrition,All persons,NA
National Aboriginal & Torres Strait Islander Nutrition & Physical Activity Survey,inp13bsp,PROPER1,Percentage of energy from protein (Day1),Risk factors - Nutrition,All persons,NA
National Aboriginal & Torres Strait Islander Nutrition & Physical Activity Survey,inp13bsp,FATPER1,Percentage of energy from total fat (Day1),Risk factors - Nutrition,All persons,NA
National Aboriginal & Torres Strait Islander Nutrition & Physical Activity Survey,inp13bsp,LAPER1,Percentage of energy from linoleic acid (Day1),Risk factors - Nutrition,All persons,NA
National Aboriginal & Torres Strait Islander Nutrition & Physical Activity Survey,inp13bsp,ALAPER1,Percentage of energy from alpha linolenic acid (Day1),Risk factors - Nutrition,All persons,NA
National Aboriginal & Torres Strait Islander Nutrition & Physical Activity Survey,inp13bsp,CHOPER1,Percentage of energy from carbohydrate (Day1),Risk factors - Nutrition,All persons,NA
National Aboriginal & Torres Strait Islander Nutrition & Physical Activity Survey,inp13bsp,SUGPER1,Percentage of energy from total sugars (Day1),Risk factors - Nutrition,All persons,NA
National Aboriginal & Torres Strait Islander Nutrition & Physical Activity Survey,inp13bsp,STARPER1,Percentage of energy from starch (Day1),Risk factors - Nutrition,All persons,NA
National Aboriginal & Torres Strait Islander Nutrition & Physical Activity Survey,inp13bsp,ALCPER1,Percentage of energy from alcohol (Day1),Risk factors - Nutrition,All persons,NA
National Aboriginal & Torres Strait Islander Nutrition & Physical Activity Survey,inp13bsp,SATPER1,Percentage of energy from saturated fat + trans fatty acids (Day1),Risk factors - Nutrition,All persons,NA
National Aboriginal & Torres Strait Islander Nutrition & Physical Activity Survey,inp13bsp,TRANPER1,Percentage of energy from trans fatty acids (Day1),Risk factors - Nutrition,All persons,NA
National Aboriginal & Torres Strait Islander Nutrition & Physical Activity Survey,inp13bsp,FIBRPER1,Percentage of energy from fibre (Day1),Risk factors - Nutrition,All persons,NA
National Aboriginal & Torres Strait Islander Nutrition & Physical Activity Survey,inp13bsp,MONOPER1,Percentage of energy from monounsaturated fat (Day1),Risk factors - Nutrition,All persons,NA
National Aboriginal & Torres Strait Islander Nutrition & Physical Activity Survey,inp13bsp,POLYPER1,Percentage of energy from polyunsaturated fat (Day1),Risk factors - Nutrition,All persons,NA
National Aboriginal & Torres Strait Islander Nutrition & Physical Activity Survey,inp13bsp,COUNTSD1,Number of supplements Day1,Risk factors - Nutrition,All persons,NA
National Aboriginal & Torres Strait Islander Nutrition & Physical Activity Survey,inp13bsp,PROTS1,Protein (supplement) Day 1 g,Risk factors - Nutrition,All persons,NA
National Aboriginal & Torres Strait Islander Nutrition & Physical Activity Survey,inp13bsp,FATS1,Total fat (supplement) Day 1 g,Risk factors - Nutrition,All persons,NA
National Aboriginal & Torres Strait Islander Nutrition & Physical Activity Survey,inp13bsp,FIBRES1,Dietary fibre (supplement) Day 1 g,Risk factors - Nutrition,All persons,NA
National Aboriginal & Torres Strait Islander Nutrition & Physical Activity Survey,inp13bsp,PREVAS1,Preformed Vitamin A (supplement) Day 1 ¬µg,Risk factors - Nutrition,All persons,NA
National Aboriginal & Torres Strait Islander Nutrition & Physical Activity Survey,inp13bsp,PROVAS1,Provitamin A (supplement) Day 1 ¬µg,Risk factors - Nutrition,All persons,NA
National Aboriginal & Torres Strait Islander Nutrition & Physical Activity Survey,inp13bsp,RETEQS1,Retinol Equivalents (supplement) Day 1 ¬µg,Risk factors - Nutrition,All persons,NA
National Aboriginal & Torres Strait Islander Nutrition & Physical Activity Survey,inp13bsp,B1S1,Thiamin (B1) (supplement) Day 1 mg,Risk factors - Nutrition,All persons,NA
National Aboriginal & Torres Strait Islander Nutrition & Physical Activity Survey,inp13bsp,B2S1,Riboflavin (B2) (supplement) Day 1 mg,Risk factors - Nutrition,All persons,NA
National Aboriginal & Torres Strait Islander Nutrition & Physical Activity Survey,inp13bsp,B3S1,Niacin (B3) (supplement) Day 1 mg,Risk factors - Nutrition,All persons,NA
National Aboriginal & Torres Strait Islander Nutrition & Physical Activity Survey,inp13bsp,NIACINS1,Niacin Equivalents (supplement) Day 1 mg,Risk factors - Nutrition,All persons,NA
National Aboriginal & Torres Strait Islander Nutrition & Physical Activity Survey,inp13bsp,FOLICS1,Folic Acid (supplement) Day 1 ¬µg,Risk factors - Nutrition,All persons,NA
National Aboriginal & Torres Strait Islander Nutrition & Physical Activity Survey,inp13bsp,FOLEQS1,Dietary folate equivalents (supplement) Day 1 ¬µg,Risk factors - Nutrition,All persons,NA
National Aboriginal & Torres Strait Islander Nutrition & Physical Activity Survey,inp13bsp,B6S1,B6 (supplement) Day 1 mg,Risk factors - Nutrition,All persons,NA
National Aboriginal & Torres Strait Islander Nutrition & Physical Activity Survey,inp13bsp,B12S1,B12 (supplement) Day 1 ¬µg,Risk factors - Nutrition,All persons,NA
National Aboriginal & Torres Strait Islander Nutrition & Physical Activity Survey,inp13bsp,VITCS1,Vitamin C (supplement) Day 1 mg,Risk factors - Nutrition,All persons,NA
National Aboriginal & Torres Strait Islander Nutrition & Physical Activity Survey,inp13bsp,VITES1,Vitamin E (supplement) Day 1 mg,Risk factors - Nutrition,All persons,NA
National Aboriginal & Torres Strait Islander Nutrition & Physical Activity Survey,inp13bsp,CALCS1,Calcium (supplement) Day 1 mg,Risk factors - Nutrition,All persons,NA
National Aboriginal & Torres Strait Islander Nutrition & Physical Activity Survey,inp13bsp,IODINES1,Iodine (supplement) Day 1 ¬µg,Risk factors - Nutrition,All persons,NA
National Aboriginal & Torres Strait Islander Nutrition & Physical Activity Survey,inp13bsp,IRONS1,Iron (supplement) Day 1 mg,Risk factors - Nutrition,All persons,NA
National Aboriginal & Torres Strait Islander Nutrition & Physical Activity Survey,inp13bsp,MAGS1,Magnesium (supplement) Day 1 mg,Risk factors - Nutrition,All persons,NA
National Aboriginal & Torres Strait Islander Nutrition & Physical Activity Survey,inp13bsp,PHOSS1,Phosphorus (supplement) Day 1 mg,Risk factors - Nutrition,All persons,NA
National Aboriginal & Torres Strait Islander Nutrition & Physical Activity Survey,inp13bsp,POTASS1,Potassium (supplement) Day 1 mg,Risk factors - Nutrition,All persons,NA
National Aboriginal & Torres Strait Islander Nutrition & Physical Activity Survey,inp13bsp,SELS1,Selenium (supplement) Day 1 ¬µg,Risk factors - Nutrition,All persons,NA
National Aboriginal & Torres Strait Islander Nutrition & Physical Activity Survey,inp13bsp,SODIUMS1,Sodium (supplement) Day 1 mg,Risk factors - Nutrition,All persons,NA
National Aboriginal & Torres Strait Islander Nutrition & Physical Activity Survey,inp13bsp,ZINCS1,Zinc (supplement) Day 1 mg,Risk factors - Nutrition,All persons,NA
National Aboriginal & Torres Strait Islander Nutrition & Physical Activity Survey,inp13bsp,CAFFS1,Caffeine (supplement) Day 1 mg,Risk factors - Nutrition,All persons,NA
National Aboriginal & Torres Strait Islander Nutrition & Physical Activity Survey,inp13bsp,CHOLS1,Cholesterol (supplement) Day 1 mg,Risk factors - Nutrition,All persons,NA
National Aboriginal & Torres Strait Islander Nutrition & Physical Activity Survey,inp13bsp,SATFATS1,Saturated Fat (supplement) Day 1 g,Risk factors - Nutrition,All persons,NA
National Aboriginal & Torres Strait Islander Nutrition & Physical Activity Survey,inp13bsp,MUFATS1,Monounsaturated Fat (supplement) Day 1 g,Risk factors - Nutrition,All persons,NA
National Aboriginal & Torres Strait Islander Nutrition & Physical Activity Survey,inp13bsp,PUFATS1,Polyunsaturated Fat (supplement) Day 1 g,Risk factors - Nutrition,All persons,NA
National Aboriginal & Torres Strait Islander Nutrition & Physical Activity Survey,inp13bsp,LAS1,Linoleic Acid (supplement) Day 1 g,Risk factors - Nutrition,All persons,NA
National Aboriginal & Torres Strait Islander Nutrition & Physical Activity Survey,inp13bsp,ALAS1,Alpha-linolenic Acid (supplement) Day 1 g,Risk factors - Nutrition,All persons,NA
National Aboriginal & Torres Strait Islander Nutrition & Physical Activity Survey,inp13bsp,LCN3S1,Omega 3 (supplement) Day 1 mg,Risk factors - Nutrition,All persons,NA
National Aboriginal & Torres Strait Islander Nutrition & Physical Activity Survey,inp13bsp,TRANSS1,Trans Fatty Acids (supplement) Day 1 mg,Risk factors - Nutrition,All persons,NA
National Aboriginal & Torres Strait Islander Nutrition & Physical Activity Survey,inp13bsp,COUNTFD1,Number of foods Day1,Risk factors - Nutrition,All persons,NA
National Aboriginal & Torres Strait Islander Nutrition & Physical Activity Survey,inp13bsp,FLIMPNUT,Flag for imputed food records,Risk factors - Nutrition,All persons,NA
National Aboriginal & Torres Strait Islander Nutrition & Physical Activity Survey,inp13bsp,ENERGYF1,Energy with dietary fibre (food) Day 1 kJ,Risk factors - Nutrition,All persons,NA
National Aboriginal & Torres Strait Islander Nutrition & Physical Activity Survey,inp13bsp,ENRGYF1,Energy without dietary fibre (food) Day 1 kJ,Risk factors - Nutrition,All persons,NA
National Aboriginal & Torres Strait Islander Nutrition & Physical Activity Survey,inp13bsp,MOISTF1,Moisture (food) Day 1 g,Risk factors - Nutrition,All persons,NA
National Aboriginal & Torres Strait Islander Nutrition & Physical Activity Survey,inp13bsp,PROTF1,Protein (food) Day 1 g,Risk factors - Nutrition,All persons,NA
National Aboriginal & Torres Strait Islander Nutrition & Physical Activity Survey,inp13bsp,FATF1,Total fat (food) Day 1 g,Risk factors - Nutrition,All persons,NA
National Aboriginal & Torres Strait Islander Nutrition & Physical Activity Survey,inp13bsp,CHOWSAF1,Carbohydrate with Sugar Alcohols (food) Day 1 g,Risk factors - Nutrition,All persons,NA
National Aboriginal & Torres Strait Islander Nutrition & Physical Activity Survey,inp13bsp,CHOWOAF1,Carbohydrate without Sugar Alcohols (food) Day 1 g,Risk factors - Nutrition,All persons,NA
National Aboriginal & Torres Strait Islander Nutrition & Physical Activity Survey,inp13bsp,STARCHF1,Starch (food) Day 1 g,Risk factors - Nutrition,All persons,NA
National Aboriginal & Torres Strait Islander Nutrition & Physical Activity Survey,inp13bsp,SUGARF1,Sugars (food) Day 1 g,Risk factors - Nutrition,All persons,NA
National Aboriginal & Torres Strait Islander Nutrition & Physical Activity Survey,inp13bsp,FIBREF1,Dietary fibre (food) Day 1 g,Risk factors - Nutrition,All persons,NA
National Aboriginal & Torres Strait Islander Nutrition & Physical Activity Survey,inp13bsp,ALCF1,Alcohol (food) Day 1 g,Risk factors - Nutrition,All persons,NA
National Aboriginal & Torres Strait Islander Nutrition & Physical Activity Survey,inp13bsp,PREVAF1,Preformed Vitamin A (food) Day 1 ¬µg,Risk factors - Nutrition,All persons,NA
National Aboriginal & Torres Strait Islander Nutrition & Physical Activity Survey,inp13bsp,PROVAF1,Provitamin A (food) Day 1 ¬µg,Risk factors - Nutrition,All persons,NA
National Aboriginal & Torres Strait Islander Nutrition & Physical Activity Survey,inp13bsp,RETEQF1,Retinol Equivalents (food) Day 1 ¬µg,Risk factors - Nutrition,All persons,NA
National Aboriginal & Torres Strait Islander Nutrition & Physical Activity Survey,inp13bsp,B1F1,Thiamin (B1) (food) Day 1 mg,Risk factors - Nutrition,All persons,NA
National Aboriginal & Torres Strait Islander Nutrition & Physical Activity Survey,inp13bsp,B2F1,Riboflavin (B2) (food) Day 1 mg,Risk factors - Nutrition,All persons,NA
National Aboriginal & Torres Strait Islander Nutrition & Physical Activity Survey,inp13bsp,B3F1,Niacin (B3) (food) Day 1 mg,Risk factors - Nutrition,All persons,NA
National Aboriginal & Torres Strait Islander Nutrition & Physical Activity Survey,inp13bsp,NIACINF1,Niacin Equivalents (food) Day 1 mg,Risk factors - Nutrition,All persons,NA
National Aboriginal & Torres Strait Islander Nutrition & Physical Activity Survey,inp13bsp,FOLATF1,Folate natural (food) Day 1 ¬µg,Risk factors - Nutrition,All persons,NA
National Aboriginal & Torres Strait Islander Nutrition & Physical Activity Survey,inp13bsp,FOLICF1,Folic Acid (food) Day 1 ¬µg,Risk factors - Nutrition,All persons,NA
National Aboriginal & Torres Strait Islander Nutrition & Physical Activity Survey,inp13bsp,TOTFOLF1,Total folates (food) Day 1 ¬µg,Risk factors - Nutrition,All persons,NA
National Aboriginal & Torres Strait Islander Nutrition & Physical Activity Survey,inp13bsp,FOLEQF1,Dietary folate equivalents (food) Day 1 ¬µg,Risk factors - Nutrition,All persons,NA
National Aboriginal & Torres Strait Islander Nutrition & Physical Activity Survey,inp13bsp,B6F1,B6 (food) Day 1 mg,Risk factors - Nutrition,All persons,NA
National Aboriginal & Torres Strait Islander Nutrition & Physical Activity Survey,inp13bsp,B12F1,B12 (food) Day 1 ¬µg,Risk factors - Nutrition,All persons,NA
National Aboriginal & Torres Strait Islander Nutrition & Physical Activity Survey,inp13bsp,VITCF1,Vitamin C (food) Day 1 mg,Risk factors - Nutrition,All persons,NA
National Aboriginal & Torres Strait Islander Nutrition & Physical Activity Survey,inp13bsp,VITEF1,Vitamin E (food) Day 1 mg,Risk factors - Nutrition,All persons,NA
National Aboriginal & Torres Strait Islander Nutrition & Physical Activity Survey,inp13bsp,CALCF1,Calcium (food) Day 1 mg,Risk factors - Nutrition,All persons,NA
National Aboriginal & Torres Strait Islander Nutrition & Physical Activity Survey,inp13bsp,IODINEF1,Iodine (food) Day 1 ¬µg,Risk factors - Nutrition,All persons,NA
National Aboriginal & Torres Strait Islander Nutrition & Physical Activity Survey,inp13bsp,IRONF1,Iron (food) Day 1 mg,Risk factors - Nutrition,All persons,NA
National Aboriginal & Torres Strait Islander Nutrition & Physical Activity Survey,inp13bsp,MAGF1,Magnesium (food) Day 1 mg,Risk factors - Nutrition,All persons,NA
National Aboriginal & Torres Strait Islander Nutrition & Physical Activity Survey,inp13bsp,PHOSF1,Phosphorus (food) Day 1 mg,Risk factors - Nutrition,All persons,NA
National Aboriginal & Torres Strait Islander Nutrition & Physical Activity Survey,inp13bsp,POTASF1,Potassium (food) Day 1 mg,Risk factors - Nutrition,All persons,NA
National Aboriginal & Torres Strait Islander Nutrition & Physical Activity Survey,inp13bsp,SELF1,Selenium (food) Day 1 ¬µg,Risk factors - Nutrition,All persons,NA
National Aboriginal & Torres Strait Islander Nutrition & Physical Activity Survey,inp13bsp,SODIUMF1,Sodium (food) Day 1 mg,Risk factors - Nutrition,All persons,NA
National Aboriginal & Torres Strait Islander Nutrition & Physical Activity Survey,inp13bsp,ZINCF1,Zinc (food) Day 1 mg,Risk factors - Nutrition,All persons,NA
National Aboriginal & Torres Strait Islander Nutrition & Physical Activity Survey,inp13bsp,CAFFF1,Caffeine (food) Day 1 mg,Risk factors - Nutrition,All persons,NA
National Aboriginal & Torres Strait Islander Nutrition & Physical Activity Survey,inp13bsp,CHOLF1,Cholesterol (food) Day 1 mg,Risk factors - Nutrition,All persons,NA
National Aboriginal & Torres Strait Islander Nutrition & Physical Activity Survey,inp13bsp,SATFATF1,Saturated Fat (food) Day 1 g,Risk factors - Nutrition,All persons,NA
National Aboriginal & Torres Strait Islander Nutrition & Physical Activity Survey,inp13bsp,MUFATF1,Monounsaturated Fat (food) Day 1 g,Risk factors - Nutrition,All persons,NA
National Aboriginal & Torres Strait Islander Nutrition & Physical Activity Survey,inp13bsp,PUFATF1,Polyunsaturated Fat (food) Day 1 g,Risk factors - Nutrition,All persons,NA
National Aboriginal & Torres Strait Islander Nutrition & Physical Activity Survey,inp13bsp,LAF1,Linoleic Acid (food) Day 1 g,Risk factors - Nutrition,All persons,NA
National Aboriginal & Torres Strait Islander Nutrition & Physical Activity Survey,inp13bsp,ALAF1,Alpha-linolenic Acid (food) Day 1 g,Risk factors - Nutrition,All persons,NA
National Aboriginal & Torres Strait Islander Nutrition & Physical Activity Survey,inp13bsp,LCN3F1,Omega 3 (food) Day 1 mg,Risk factors - Nutrition,All persons,NA
National Aboriginal & Torres Strait Islander Nutrition & Physical Activity Survey,inp13bsp,TRANSF1,Trans Fatty Acids (food) Day 1 mg,Risk factors - Nutrition,All persons,NA
National Aboriginal & Torres Strait Islander Nutrition & Physical Activity Survey,inp13bsp,ATEMLS,"Whether the amount eaten yesterday was more, less or about the same as usual",Risk factors - Nutrition,All persons,NA
National Aboriginal & Torres Strait Islander Nutrition & Physical Activity Survey,inp13bsp,PRASDIET,Child Nutrition Response status (CAPI),Interview details,All persons aged 6 to 17 years,NA
National Aboriginal & Torres Strait Islander Nutrition & Physical Activity Survey,inp13bsp,NUTDAY2,Day of week of day 2 consumption,Interview details,All persons who completed second (CATI) interview,NA
National Aboriginal & Torres Strait Islander Nutrition & Physical Activity Survey,inp13bsp,PRXDIETC,Child Nutrition Response status (CATI),Interview details,All persons aged 6 to 17 years,NA
National Aboriginal & Torres Strait Islander Nutrition & Physical Activity Survey,inp13bsp,ENERGYT2,Energy with dietary fibre (total) Day 2 kJ,Risk factors - Nutrition,All persons who completed second (CATI) nutrition interview,NA
National Aboriginal & Torres Strait Islander Nutrition & Physical Activity Survey,inp13bsp,ENRGYT2,Energy without dietary fibre (total) Day 2 kJ,Risk factors - Nutrition,All persons who completed second (CATI) nutrition interview,NA
National Aboriginal & Torres Strait Islander Nutrition & Physical Activity Survey,inp13bsp,MOISTT2,Moisture (total) Day 2 g,Risk factors - Nutrition,All persons who completed second (CATI) nutrition interview,NA
National Aboriginal & Torres Strait Islander Nutrition & Physical Activity Survey,inp13bsp,PROTT2,Protein (total) Day 2 g,Risk factors - Nutrition,All persons who completed second (CATI) nutrition interview,NA
National Aboriginal & Torres Strait Islander Nutrition & Physical Activity Survey,inp13bsp,FATT2,Total fat (total) Day 2 g,Risk factors - Nutrition,All persons who completed second (CATI) nutrition interview,NA
National Aboriginal & Torres Strait Islander Nutrition & Physical Activity Survey,inp13bsp,CHOWSAT2,Carbohydrate with Sugar Alcohols (total) Day 2 g,Risk factors - Nutrition,All persons who completed second (CATI) nutrition interview,NA
National Aboriginal & Torres Strait Islander Nutrition & Physical Activity Survey,inp13bsp,CHOWOAT2,Carbohydrate without Sugar Alcohols (total) Day 2 g,Risk factors - Nutrition,All persons who completed second (CATI) nutrition interview,NA
National Aboriginal & Torres Strait Islander Nutrition & Physical Activity Survey,inp13bsp,STARCHT2,Starch (total) Day 2 g,Risk factors - Nutrition,All persons who completed second (CATI) nutrition interview,NA
National Aboriginal & Torres Strait Islander Nutrition & Physical Activity Survey,inp13bsp,SUGART2,Sugars (total) Day 2 g,Risk factors - Nutrition,All persons who completed second (CATI) nutrition interview,NA
National Aboriginal & Torres Strait Islander Nutrition & Physical Activity Survey,inp13bsp,FIBRET2,Dietary fibre (total) Day 2 g,Risk factors - Nutrition,All persons who completed second (CATI) nutrition interview,NA
National Aboriginal & Torres Strait Islander Nutrition & Physical Activity Survey,inp13bsp,ALCT2,Alcohol (total) Day 2 g,Risk factors - Nutrition,All persons who completed second (CATI) nutrition interview,NA
National Aboriginal & Torres Strait Islander Nutrition & Physical Activity Survey,inp13bsp,PREVAT2,Preformed Vitamin A (total) Day 2 ¬µg,Risk factors - Nutrition,All persons who completed second (CATI) nutrition interview,NA
National Aboriginal & Torres Strait Islander Nutrition & Physical Activity Survey,inp13bsp,PROVAT2,Provitamin A (total) Day 2 ¬µg,Risk factors - Nutrition,All persons who completed second (CATI) nutrition interview,NA
National Aboriginal & Torres Strait Islander Nutrition & Physical Activity Survey,inp13bsp,RETEQT2,Retinol Equivalents (total) Day 2 ¬µg,Risk factors - Nutrition,All persons who completed second (CATI) nutrition interview,NA
National Aboriginal & Torres Strait Islander Nutrition & Physical Activity Survey,inp13bsp,B1T2,Thiamin (B1) (total) Day 2 mg,Risk factors - Nutrition,All persons who completed second (CATI) nutrition interview,NA
National Aboriginal & Torres Strait Islander Nutrition & Physical Activity Survey,inp13bsp,B2T2,Riboflavin (B2) (total) Day 2 mg,Risk factors - Nutrition,All persons who completed second (CATI) nutrition interview,NA
National Aboriginal & Torres Strait Islander Nutrition & Physical Activity Survey,inp13bsp,B3T2,Niacin (B3) (total) Day 2 mg,Risk factors - Nutrition,All persons who completed second (CATI) nutrition interview,NA
National Aboriginal & Torres Strait Islander Nutrition & Physical Activity Survey,inp13bsp,NIACINT2,Niacin Equivalents (total) Day 2 mg,Risk factors - Nutrition,All persons who completed second (CATI) nutrition interview,NA
National Aboriginal & Torres Strait Islander Nutrition & Physical Activity Survey,inp13bsp,FOLATT2,Folate natural (total) Day 2 ¬µg,Risk factors - Nutrition,All persons who completed second (CATI) nutrition interview,NA
National Aboriginal & Torres Strait Islander Nutrition & Physical Activity Survey,inp13bsp,FOLICT2,Folic Acid (total) Day 2 ¬µg,Risk factors - Nutrition,All persons who completed second (CATI) nutrition interview,NA
National Aboriginal & Torres Strait Islander Nutrition & Physical Activity Survey,inp13bsp,TOTFOLT2,Total folates (total) Day 2 ¬µg,Risk factors - Nutrition,All persons who completed second (CATI) nutrition interview,NA
National Aboriginal & Torres Strait Islander Nutrition & Physical Activity Survey,inp13bsp,FOLEQT2,Dietary folate equivalents (total) Day 2 ¬µg,Risk factors - Nutrition,All persons who completed second (CATI) nutrition interview,NA
National Aboriginal & Torres Strait Islander Nutrition & Physical Activity Survey,inp13bsp,B6T2,B6 (total) Day 2 mg,Risk factors - Nutrition,All persons who completed second (CATI) nutrition interview,NA
National Aboriginal & Torres Strait Islander Nutrition & Physical Activity Survey,inp13bsp,B12T2,B12 (total) Day 2 ¬µg,Risk factors - Nutrition,All persons who completed second (CATI) nutrition interview,NA
National Aboriginal & Torres Strait Islander Nutrition & Physical Activity Survey,inp13bsp,VITCT2,Vitamin C (total) Day 2 mg,Risk factors - Nutrition,All persons who completed second (CATI) nutrition interview,NA
National Aboriginal & Torres Strait Islander Nutrition & Physical Activity Survey,inp13bsp,VITET2,Vitamin E (total) Day 2 mg,Risk factors - Nutrition,All persons who completed second (CATI) nutrition interview,NA
National Aboriginal & Torres Strait Islander Nutrition & Physical Activity Survey,inp13bsp,CALCT2,Calcium (total) Day 2 mg,Risk factors - Nutrition,All persons who completed second (CATI) nutrition interview,NA
National Aboriginal & Torres Strait Islander Nutrition & Physical Activity Survey,inp13bsp,IODINET2,Iodine (total) Day 2 ¬µg,Risk factors - Nutrition,All persons who completed second (CATI) nutrition interview,NA
National Aboriginal & Torres Strait Islander Nutrition & Physical Activity Survey,inp13bsp,IRONT2,Iron (total) Day 2 mg,Risk factors - Nutrition,All persons who completed second (CATI) nutrition interview,NA
National Aboriginal & Torres Strait Islander Nutrition & Physical Activity Survey,inp13bsp,MAGT2,Magnesium (total) Day 2 mg,Risk factors - Nutrition,All persons who completed second (CATI) nutrition interview,NA
National Aboriginal & Torres Strait Islander Nutrition & Physical Activity Survey,inp13bsp,PHOST2,Phosphorus (total) Day 2 mg,Risk factors - Nutrition,All persons who completed second (CATI) nutrition interview,NA
National Aboriginal & Torres Strait Islander Nutrition & Physical Activity Survey,inp13bsp,POTAST2,Potassium (total) Day 2 mg,Risk factors - Nutrition,All persons who completed second (CATI) nutrition interview,NA
National Aboriginal & Torres Strait Islander Nutrition & Physical Activity Survey,inp13bsp,SELT2,Selenium (total) Day 2 ¬µg,Risk factors - Nutrition,All persons who completed second (CATI) nutrition interview,NA
National Aboriginal & Torres Strait Islander Nutrition & Physical Activity Survey,inp13bsp,SODIUMT2,Sodium (total) Day 2 mg,Risk factors - Nutrition,All persons who completed second (CATI) nutrition interview,NA
National Aboriginal & Torres Strait Islander Nutrition & Physical Activity Survey,inp13bsp,ZINCT2,Zinc (total) Day 2 mg,Risk factors - Nutrition,All persons who completed second (CATI) nutrition interview,NA
National Aboriginal & Torres Strait Islander Nutrition & Physical Activity Survey,inp13bsp,CAFFT2,Caffeine (total) Day 2 mg,Risk factors - Nutrition,All persons who completed second (CATI) nutrition interview,NA
National Aboriginal & Torres Strait Islander Nutrition & Physical Activity Survey,inp13bsp,CHOLT2,Cholesterol (total) Day 2 mg,Risk factors - Nutrition,All persons who completed second (CATI) nutrition interview,NA
National Aboriginal & Torres Strait Islander Nutrition & Physical Activity Survey,inp13bsp,SATFATT2,Saturated Fat (total) Day 2 g,Risk factors - Nutrition,All persons who completed second (CATI) nutrition interview,NA
National Aboriginal & Torres Strait Islander Nutrition & Physical Activity Survey,inp13bsp,MUFATT2,Monounsaturated Fat (total) Day 2 g,Risk factors - Nutrition,All persons who completed second (CATI) nutrition interview,NA
National Aboriginal & Torres Strait Islander Nutrition & Physical Activity Survey,inp13bsp,PUFATT2,Polyunsaturated Fat (total) Day 2 g,Risk factors - Nutrition,All persons who completed second (CATI) nutrition interview,NA
National Aboriginal & Torres Strait Islander Nutrition & Physical Activity Survey,inp13bsp,LAT2,Linoleic Acid (total) Day 2 g,Risk factors - Nutrition,All persons who completed second (CATI) nutrition interview,NA
National Aboriginal & Torres Strait Islander Nutrition & Physical Activity Survey,inp13bsp,ALAT2,Alpha-linolenic Acid (total) Day 2 g,Risk factors - Nutrition,All persons who completed second (CATI) nutrition interview,NA
National Aboriginal & Torres Strait Islander Nutrition & Physical Activity Survey,inp13bsp,LCN3T2,Omega 3 (total) Day 2 mg,Risk factors - Nutrition,All persons who completed second (CATI) nutrition interview,NA
National Aboriginal & Torres Strait Islander Nutrition & Physical Activity Survey,inp13bsp,TRANST2,Trans Fatty Acids (total) Day 2 mg,Risk factors - Nutrition,All persons who completed second (CATI) nutrition interview,NA
National Aboriginal & Torres Strait Islander Nutrition & Physical Activity Survey,inp13bsp,PROPER2,Percentage of energy from protein (Day2),Risk factors - Nutrition,All persons who completed second (CATI) nutrition interview,NA
National Aboriginal & Torres Strait Islander Nutrition & Physical Activity Survey,inp13bsp,FATPER2,Percentage of energy from total fat (Day2),Risk factors - Nutrition,All persons who completed second (CATI) nutrition interview,NA
National Aboriginal & Torres Strait Islander Nutrition & Physical Activity Survey,inp13bsp,LAPER2,Percentage of energy from linoleic acid (Day2),Risk factors - Nutrition,All persons who completed second (CATI) nutrition interview,NA
National Aboriginal & Torres Strait Islander Nutrition & Physical Activity Survey,inp13bsp,ALAPER2,Percentage of energy from alpha linolenic acid (Day2),Risk factors - Nutrition,All persons who completed second (CATI) nutrition interview,NA
National Aboriginal & Torres Strait Islander Nutrition & Physical Activity Survey,inp13bsp,CHOPER2,Percentage of energy from carbohydrate (Day2),Risk factors - Nutrition,All persons who completed second (CATI) nutrition interview,NA
National Aboriginal & Torres Strait Islander Nutrition & Physical Activity Survey,inp13bsp,SUGPER2,Percentage of energy from total sugars (Day2),Risk factors - Nutrition,All persons who completed second (CATI) nutrition interview,NA
National Aboriginal & Torres Strait Islander Nutrition & Physical Activity Survey,inp13bsp,STARPER2,Percentage of energy from starch (Day2),Risk factors - Nutrition,All persons who completed second (CATI) nutrition interview,NA
National Aboriginal & Torres Strait Islander Nutrition & Physical Activity Survey,inp13bsp,ALCPER2,Percentage of energy from alcohol (Day2),Risk factors - Nutrition,All persons who completed second (CATI) nutrition interview,NA
National Aboriginal & Torres Strait Islander Nutrition & Physical Activity Survey,inp13bsp,SATPER2,Percentage of energy from saturated fat + trans fatty acids (Day2),Risk factors - Nutrition,All persons who completed second (CATI) nutrition interview,NA
National Aboriginal & Torres Strait Islander Nutrition & Physical Activity Survey,inp13bsp,TRANPER2,Percentage of energy from trans fatty acids (Day2),Risk factors - Nutrition,All persons who completed second (CATI) nutrition interview,NA
National Aboriginal & Torres Strait Islander Nutrition & Physical Activity Survey,inp13bsp,FIBRPER2,Percentage of energy from fibre (Day2),Risk factors - Nutrition,All persons who completed second (CATI) nutrition interview,NA
National Aboriginal & Torres Strait Islander Nutrition & Physical Activity Survey,inp13bsp,MONOPER2,Percentage of energy from monounsaturated fat (Day2),Risk factors - Nutrition,All persons who completed second (CATI) nutrition interview,NA
National Aboriginal & Torres Strait Islander Nutrition & Physical Activity Survey,inp13bsp,POLYPER2,Percentage of energy from polyunsaturated fat (Day2),Risk factors - Nutrition,All persons who completed second (CATI) nutrition interview,NA
National Aboriginal & Torres Strait Islander Nutrition & Physical Activity Survey,inp13bsp,COUNTSD2,Number of supplements Day2,Risk factors - Nutrition,All persons who completed second (CATI) nutrition interview,NA
National Aboriginal & Torres Strait Islander Nutrition & Physical Activity Survey,inp13bsp,PROTS2,Protein (supplement) Day 2 g,Risk factors - Nutrition,All persons who completed second (CATI) nutrition interview,NA
National Aboriginal & Torres Strait Islander Nutrition & Physical Activity Survey,inp13bsp,FATS2,Total fat (supplement) Day 2 g,Risk factors - Nutrition,All persons who completed second (CATI) nutrition interview,NA
National Aboriginal & Torres Strait Islander Nutrition & Physical Activity Survey,inp13bsp,FIBRES2,Dietary fibre (supplement) Day 2 g,Risk factors - Nutrition,All persons who completed second (CATI) nutrition interview,NA
National Aboriginal & Torres Strait Islander Nutrition & Physical Activity Survey,inp13bsp,PREVAS2,Preformed Vitamin A (supplement) Day 2 ¬µg,Risk factors - Nutrition,All persons who completed second (CATI) nutrition interview,NA
National Aboriginal & Torres Strait Islander Nutrition & Physical Activity Survey,inp13bsp,PROVAS2,Provitamin A (supplement) Day 2 ¬µg,Risk factors - Nutrition,All persons who completed second (CATI) nutrition interview,NA
National Aboriginal & Torres Strait Islander Nutrition & Physical Activity Survey,inp13bsp,RETEQS2,Retinol Equivalents (supplement) Day 2 ¬µg,Risk factors - Nutrition,All persons who completed second (CATI) nutrition interview,NA
National Aboriginal & Torres Strait Islander Nutrition & Physical Activity Survey,inp13bsp,B1S2,Thiamin (B1) (supplement) Day 2 mg,Risk factors - Nutrition,All persons who completed second (CATI) nutrition interview,NA
National Aboriginal & Torres Strait Islander Nutrition & Physical Activity Survey,inp13bsp,B2S2,Riboflavin (B2) (supplement) Day 2 mg,Risk factors - Nutrition,All persons who completed second (CATI) nutrition interview,NA
National Aboriginal & Torres Strait Islander Nutrition & Physical Activity Survey,inp13bsp,B3S2,Niacin (B3) (supplement) Day 2 mg,Risk factors - Nutrition,All persons who completed second (CATI) nutrition interview,NA
National Aboriginal & Torres Strait Islander Nutrition & Physical Activity Survey,inp13bsp,NIACINS2,Niacin Equivalents (supplement) Day 2 mg,Risk factors - Nutrition,All persons who completed second (CATI) nutrition interview,NA
National Aboriginal & Torres Strait Islander Nutrition & Physical Activity Survey,inp13bsp,FOLICS2,Folic Acid (supplement) Day 2 ¬µg,Risk factors - Nutrition,All persons who completed second (CATI) nutrition interview,NA
National Aboriginal & Torres Strait Islander Nutrition & Physical Activity Survey,inp13bsp,FOLEQS2,Dietary folate equivalents (supplement) Day 2 ¬µg,Risk factors - Nutrition,All persons who completed second (CATI) nutrition interview,NA
National Aboriginal & Torres Strait Islander Nutrition & Physical Activity Survey,inp13bsp,B6S2,B6 (supplement) Day 2 mg,Risk factors - Nutrition,All persons who completed second (CATI) nutrition interview,NA
National Aboriginal & Torres Strait Islander Nutrition & Physical Activity Survey,inp13bsp,B12S2,B12 (supplement) Day 2 ¬µg,Risk factors - Nutrition,All persons who completed second (CATI) nutrition interview,NA
National Aboriginal & Torres Strait Islander Nutrition & Physical Activity Survey,inp13bsp,VITCS2,Vitamin C (supplement) Day 2 mg,Risk factors - Nutrition,All persons who completed second (CATI) nutrition interview,NA
National Aboriginal & Torres Strait Islander Nutrition & Physical Activity Survey,inp13bsp,VITES2,Vitamin E (supplement) Day 2 mg,Risk factors - Nutrition,All persons who completed second (CATI) nutrition interview,NA
National Aboriginal & Torres Strait Islander Nutrition & Physical Activity Survey,inp13bsp,CALCS2,Calcium (supplement) Day 2 mg,Risk factors - Nutrition,All persons who completed second (CATI) nutrition interview,NA
National Aboriginal & Torres Strait Islander Nutrition & Physical Activity Survey,inp13bsp,IODINES2,Iodine (supplement) Day 2 ¬µg,Risk factors - Nutrition,All persons who completed second (CATI) nutrition interview,NA
National Aboriginal & Torres Strait Islander Nutrition & Physical Activity Survey,inp13bsp,IRONS2,Iron (supplement) Day 2 mg,Risk factors - Nutrition,All persons who completed second (CATI) nutrition interview,NA
National Aboriginal & Torres Strait Islander Nutrition & Physical Activity Survey,inp13bsp,MAGS2,Magnesium (supplement) Day 2 mg,Risk factors - Nutrition,All persons who completed second (CATI) nutrition interview,NA
National Aboriginal & Torres Strait Islander Nutrition & Physical Activity Survey,inp13bsp,PHOSS2,Phosphorus (supplement) Day 2 mg,Risk factors - Nutrition,All persons who completed second (CATI) nutrition interview,NA
National Aboriginal & Torres Strait Islander Nutrition & Physical Activity Survey,inp13bsp,POTASS2,Potassium (supplement) Day 2 mg,Risk factors - Nutrition,All persons who completed second (CATI) nutrition interview,NA
National Aboriginal & Torres Strait Islander Nutrition & Physical Activity Survey,inp13bsp,SELS2,Selenium (supplement) Day 2 ¬µg,Risk factors - Nutrition,All persons who completed second (CATI) nutrition interview,NA
National Aboriginal & Torres Strait Islander Nutrition & Physical Activity Survey,inp13bsp,SODIUMS2,Sodium (supplement) Day 2 mg,Risk factors - Nutrition,All persons who completed second (CATI) nutrition interview,NA
National Aboriginal & Torres Strait Islander Nutrition & Physical Activity Survey,inp13bsp,ZINCS2,Zinc (supplement) Day 2 mg,Risk factors - Nutrition,All persons who completed second (CATI) nutrition interview,NA
National Aboriginal & Torres Strait Islander Nutrition & Physical Activity Survey,inp13bsp,CAFFS2,Caffeine (supplement) Day 2 mg,Risk factors - Nutrition,All persons who completed second (CATI) nutrition interview,NA
National Aboriginal & Torres Strait Islander Nutrition & Physical Activity Survey,inp13bsp,CHOLS2,Cholesterol (supplement) Day 2 mg,Risk factors - Nutrition,All persons who completed second (CATI) nutrition interview,NA
National Aboriginal & Torres Strait Islander Nutrition & Physical Activity Survey,inp13bsp,SATFATS2,Saturated Fat (supplement) Day 2 g,Risk factors - Nutrition,All persons who completed second (CATI) nutrition interview,NA
National Aboriginal & Torres Strait Islander Nutrition & Physical Activity Survey,inp13bsp,MUFATS2,Monounsaturated Fat (supplement) Day 2 g,Risk factors - Nutrition,All persons who completed second (CATI) nutrition interview,NA
National Aboriginal & Torres Strait Islander Nutrition & Physical Activity Survey,inp13bsp,PUFATS2,Polyunsaturated Fat (supplement) Day 2 g,Risk factors - Nutrition,All persons who completed second (CATI) nutrition interview,NA
National Aboriginal & Torres Strait Islander Nutrition & Physical Activity Survey,inp13bsp,LAS2,Linoleic Acid (supplement) Day 2 g,Risk factors - Nutrition,All persons who completed second (CATI) nutrition interview,NA
National Aboriginal & Torres Strait Islander Nutrition & Physical Activity Survey,inp13bsp,ALAS2,Alpha-linolenic Acid (supplement) Day 2 g,Risk factors - Nutrition,All persons who completed second (CATI) nutrition interview,NA
National Aboriginal & Torres Strait Islander Nutrition & Physical Activity Survey,inp13bsp,LCN3S2,Omega 3 (supplement) Day 2 mg,Risk factors - Nutrition,All persons who completed second (CATI) nutrition interview,NA
National Aboriginal & Torres Strait Islander Nutrition & Physical Activity Survey,inp13bsp,TRANSS2,Trans Fatty Acids (supplement) Day 2 mg,Risk factors - Nutrition,All persons who completed second (CATI) nutrition interview,NA
National Aboriginal & Torres Strait Islander Nutrition & Physical Activity Survey,inp13bsp,NUMRECAL,Number of 24hr recall days,Risk factors - Nutrition,All persons,NA
National Aboriginal & Torres Strait Islander Nutrition & Physical Activity Survey,inp13bsp,COUNTFD2,Number of foods Day2,Risk factors - Nutrition,All persons who completed second (CATI) nutrition interview,NA
National Aboriginal & Torres Strait Islander Nutrition & Physical Activity Survey,inp13bsp,ENERGYF2,Energy with dietary fibre (food) Day 2 kJ,Risk factors - Nutrition,All persons who completed second (CATI) nutrition interview,NA
National Aboriginal & Torres Strait Islander Nutrition & Physical Activity Survey,inp13bsp,ENRGYF2,Energy without dietary fibre (food) Day 2 kJ,Risk factors - Nutrition,All persons who completed second (CATI) nutrition interview,NA
National Aboriginal & Torres Strait Islander Nutrition & Physical Activity Survey,inp13bsp,MOISTF2,Moisture (food) Day 2 g,Risk factors - Nutrition,All persons who completed second (CATI) nutrition interview,NA
National Aboriginal & Torres Strait Islander Nutrition & Physical Activity Survey,inp13bsp,PROTF2,Protein (food) Day 2 g,Risk factors - Nutrition,All persons who completed second (CATI) nutrition interview,NA
National Aboriginal & Torres Strait Islander Nutrition & Physical Activity Survey,inp13bsp,FATF2,Total fat (food) Day 2 g,Risk factors - Nutrition,All persons who completed second (CATI) nutrition interview,NA
National Aboriginal & Torres Strait Islander Nutrition & Physical Activity Survey,inp13bsp,CHOWSAF2,Carbohydrate with Sugar Alcohols (food) Day 2 g,Risk factors - Nutrition,All persons who completed second (CATI) nutrition interview,NA
National Aboriginal & Torres Strait Islander Nutrition & Physical Activity Survey,inp13bsp,CHOWOAF2,Carbohydrate without Sugar Alcohols (food) Day 2 g,Risk factors - Nutrition,All persons who completed second (CATI) nutrition interview,NA
National Aboriginal & Torres Strait Islander Nutrition & Physical Activity Survey,inp13bsp,STARCHF2,Starch (food) Day 2 g,Risk factors - Nutrition,All persons who completed second (CATI) nutrition interview,NA
National Aboriginal & Torres Strait Islander Nutrition & Physical Activity Survey,inp13bsp,SUGARF2,Sugars (food) Day 2 g,Risk factors - Nutrition,All persons who completed second (CATI) nutrition interview,NA
National Aboriginal & Torres Strait Islander Nutrition & Physical Activity Survey,inp13bsp,FIBREF2,Dietary fibre (food) Day 2 g,Risk factors - Nutrition,All persons who completed second (CATI) nutrition interview,NA
National Aboriginal & Torres Strait Islander Nutrition & Physical Activity Survey,inp13bsp,ALCF2,Alcohol (food) Day 2 g,Risk factors - Nutrition,All persons who completed second (CATI) nutrition interview,NA
National Aboriginal & Torres Strait Islander Nutrition & Physical Activity Survey,inp13bsp,PREVAF2,Preformed Vitamin A (food) Day 2 ¬µg,Risk factors - Nutrition,All persons who completed second (CATI) nutrition interview,NA
National Aboriginal & Torres Strait Islander Nutrition & Physical Activity Survey,inp13bsp,PROVAF2,Provitamin A (food) Day 2 ¬µg,Risk factors - Nutrition,All persons who completed second (CATI) nutrition interview,NA
National Aboriginal & Torres Strait Islander Nutrition & Physical Activity Survey,inp13bsp,RETEQF2,Retinol Equivalents (food) Day 2 ¬µg,Risk factors - Nutrition,All persons who completed second (CATI) nutrition interview,NA
National Aboriginal & Torres Strait Islander Nutrition & Physical Activity Survey,inp13bsp,B1F2,Thiamin (B1) (food) Day 2 mg,Risk factors - Nutrition,All persons who completed second (CATI) nutrition interview,NA
National Aboriginal & Torres Strait Islander Nutrition & Physical Activity Survey,inp13bsp,B2F2,Riboflavin (B2) (food) Day 2 mg,Risk factors - Nutrition,All persons who completed second (CATI) nutrition interview,NA
National Aboriginal & Torres Strait Islander Nutrition & Physical Activity Survey,inp13bsp,B3F2,Niacin (B3) (food) Day 2 mg,Risk factors - Nutrition,All persons who completed second (CATI) nutrition interview,NA
National Aboriginal & Torres Strait Islander Nutrition & Physical Activity Survey,inp13bsp,NIACINF2,Niacin Equivalents (food) Day 2 mg,Risk factors - Nutrition,All persons who completed second (CATI) nutrition interview,NA
National Aboriginal & Torres Strait Islander Nutrition & Physical Activity Survey,inp13bsp,FOLATF2,Folate natural (food) Day 2 ¬µg,Risk factors - Nutrition,All persons who completed second (CATI) nutrition interview,NA
National Aboriginal & Torres Strait Islander Nutrition & Physical Activity Survey,inp13bsp,FOLICF2,Folic Acid (food) Day 2 ¬µg,Risk factors - Nutrition,All persons who completed second (CATI) nutrition interview,NA
National Aboriginal & Torres Strait Islander Nutrition & Physical Activity Survey,inp13bsp,TOTFOLF2,Total folates (food) Day 2 ¬µg,Risk factors - Nutrition,All persons who completed second (CATI) nutrition interview,NA
National Aboriginal & Torres Strait Islander Nutrition & Physical Activity Survey,inp13bsp,FOLEQF2,Dietary folate equivalents (food) Day 2 ¬µg,Risk factors - Nutrition,All persons who completed second (CATI) nutrition interview,NA
National Aboriginal & Torres Strait Islander Nutrition & Physical Activity Survey,inp13bsp,B6F2,B6 (food) Day 2 mg,Risk factors - Nutrition,All persons who completed second (CATI) nutrition interview,NA
National Aboriginal & Torres Strait Islander Nutrition & Physical Activity Survey,inp13bsp,B12F2,B12 (food) Day 2 ¬µg,Risk factors - Nutrition,All persons who completed second (CATI) nutrition interview,NA
National Aboriginal & Torres Strait Islander Nutrition & Physical Activity Survey,inp13bsp,VITCF2,Vitamin C (food) Day 2 mg,Risk factors - Nutrition,All persons who completed second (CATI) nutrition interview,NA
National Aboriginal & Torres Strait Islander Nutrition & Physical Activity Survey,inp13bsp,VITEF2,Vitamin E (food) Day 2 mg,Risk factors - Nutrition,All persons who completed second (CATI) nutrition interview,NA
National Aboriginal & Torres Strait Islander Nutrition & Physical Activity Survey,inp13bsp,CALCF2,Calcium (food) Day 2 mg,Risk factors - Nutrition,All persons who completed second (CATI) nutrition interview,NA
National Aboriginal & Torres Strait Islander Nutrition & Physical Activity Survey,inp13bsp,IODINEF2,Iodine (food) Day 2 ¬µg,Risk factors - Nutrition,All persons who completed second (CATI) nutrition interview,NA
National Aboriginal & Torres Strait Islander Nutrition & Physical Activity Survey,inp13bsp,IRONF2,Iron (food) Day 2 mg,Risk factors - Nutrition,All persons who completed second (CATI) nutrition interview,NA
National Aboriginal & Torres Strait Islander Nutrition & Physical Activity Survey,inp13bsp,MAGF2,Magnesium (food) Day 2 mg,Risk factors - Nutrition,All persons who completed second (CATI) nutrition interview,NA
National Aboriginal & Torres Strait Islander Nutrition & Physical Activity Survey,inp13bsp,PHOSF2,Phosphorus (food) Day 2 mg,Risk factors - Nutrition,All persons who completed second (CATI) nutrition interview,NA
National Aboriginal & Torres Strait Islander Nutrition & Physical Activity Survey,inp13bsp,POTASF2,Potassium (food) Day 2 mg,Risk factors - Nutrition,All persons who completed second (CATI) nutrition interview,NA
National Aboriginal & Torres Strait Islander Nutrition & Physical Activity Survey,inp13bsp,SELF2,Selenium (food) Day 2 ¬µg,Risk factors - Nutrition,All persons who completed second (CATI) nutrition interview,NA
National Aboriginal & Torres Strait Islander Nutrition & Physical Activity Survey,inp13bsp,SODIUMF2,Sodium (food) Day 2 mg,Risk factors - Nutrition,All persons who completed second (CATI) nutrition interview,NA
National Aboriginal & Torres Strait Islander Nutrition & Physical Activity Survey,inp13bsp,ZINCF2,Zinc (food) Day 2 mg,Risk factors - Nutrition,All persons who completed second (CATI) nutrition interview,NA
National Aboriginal & Torres Strait Islander Nutrition & Physical Activity Survey,inp13bsp,CAFFF2,Caffeine (food) Day 2 mg,Risk factors - Nutrition,All persons who completed second (CATI) nutrition interview,NA
National Aboriginal & Torres Strait Islander Nutrition & Physical Activity Survey,inp13bsp,CHOLF2,Cholesterol (food) Day 2 mg,Risk factors - Nutrition,All persons who completed second (CATI) nutrition interview,NA
National Aboriginal & Torres Strait Islander Nutrition & Physical Activity Survey,inp13bsp,SATFATF2,Saturated Fat (food) Day 2 g,Risk factors - Nutrition,All persons who completed second (CATI) nutrition interview,NA
National Aboriginal & Torres Strait Islander Nutrition & Physical Activity Survey,inp13bsp,MUFATF2,Monounsaturated Fat (food) Day 2 g,Risk factors - Nutrition,All persons who completed second (CATI) nutrition interview,NA
National Aboriginal & Torres Strait Islander Nutrition & Physical Activity Survey,inp13bsp,PUFATF2,Polyunsaturated Fat (food) Day 2 g,Risk factors - Nutrition,All persons who completed second (CATI) nutrition interview,NA
National Aboriginal & Torres Strait Islander Nutrition & Physical Activity Survey,inp13bsp,LAF2,Linoleic Acid (food) Day 2 g,Risk factors - Nutrition,All persons who completed second (CATI) nutrition interview,NA
National Aboriginal & Torres Strait Islander Nutrition & Physical Activity Survey,inp13bsp,ALAF2,Alpha-linolenic Acid (food) Day 2 g,Risk factors - Nutrition,All persons who completed second (CATI) nutrition interview,NA
National Aboriginal & Torres Strait Islander Nutrition & Physical Activity Survey,inp13bsp,LCN3F2,Omega 3 (food) Day 2 mg,Risk factors - Nutrition,All persons who completed second (CATI) nutrition interview,NA
National Aboriginal & Torres Strait Islander Nutrition & Physical Activity Survey,inp13bsp,TRANSF2,Trans Fatty Acids (food) Day 2 mg,Risk factors - Nutrition,All persons who completed second (CATI) nutrition interview,NA
National Aboriginal & Torres Strait Islander Nutrition & Physical Activity Survey,inp13bsp,LEVEL3,Person level,Administrative,NA,NA
National Aboriginal & Torres Strait Islander Nutrition & Physical Activity Survey,inp13bsp,WHRSC,Waist-to-hip ratio (WHR) - score measured,Physical Measurements&Body Mass,All persons aged 18 years and over,X
National Aboriginal & Torres Strait Islander Nutrition & Physical Activity Survey,inp13bsp,GRAINS1N,"Grains and cereals (day 1, non-discretionary) (serves)",Risk factors - Nutrition,All persons,X
National Aboriginal & Torres Strait Islander Nutrition & Physical Activity Survey,inp13bsp,WHOLGR1N,"Wholegrain or high fibre cereal/grains (day 1, non-discretionary) (serves)",Risk factors - Nutrition,All persons,X
National Aboriginal & Torres Strait Islander Nutrition & Physical Activity Survey,inp13bsp,REFGRA1N,"Refined or lower fibre cereals/grains (day 1, non-discretionary) (serves)",Risk factors - Nutrition,All persons,X
National Aboriginal & Torres Strait Islander Nutrition & Physical Activity Survey,inp13bsp,VEGLEG1N,"Vegetables and legumes/beans (day 1, non-discretionary) (serves)",Risk factors - Nutrition,All persons,X
National Aboriginal & Torres Strait Islander Nutrition & Physical Activity Survey,inp13bsp,GREENS1N,"Green and brassica vegetables (day 1, non-discretionary) (serves)",Risk factors - Nutrition,All persons,X
National Aboriginal & Torres Strait Islander Nutrition & Physical Activity Survey,inp13bsp,VGORSV1N,"Orange vegetables (day 1, non-discretionary) (serves)",Risk factors - Nutrition,All persons,X
National Aboriginal & Torres Strait Islander Nutrition & Physical Activity Survey,inp13bsp,STARCH1N,"Starchy vegetables (day 1, non-discretionary) (serves)",Risk factors - Nutrition,All persons,X
National Aboriginal & Torres Strait Islander Nutrition & Physical Activity Survey,inp13bsp,LEGVEG1N,"Legumes as a vegetable (day 1, non-discretionary) (serves)",Risk factors - Nutrition,All persons,X
National Aboriginal & Torres Strait Islander Nutrition & Physical Activity Survey,inp13bsp,OTHVEG1N,"Other vegetables (day 1, non-discretionary) (serves)",Risk factors - Nutrition,All persons,X
National Aboriginal & Torres Strait Islander Nutrition & Physical Activity Survey,inp13bsp,FRUIT1N,"Fruit (day 1, non-discretionary) (serves)",Risk factors - Nutrition,All persons,X
National Aboriginal & Torres Strait Islander Nutrition & Physical Activity Survey,inp13bsp,FRSHF1N,"Fresh/canned fruit (day 1, non-discretionary) (serves)",Risk factors - Nutrition,All persons,X
National Aboriginal & Torres Strait Islander Nutrition & Physical Activity Survey,inp13bsp,DRFR1N,"Dried fruit (day 1, non-discretionary) (serves)",Risk factors - Nutrition,All persons,X
National Aboriginal & Torres Strait Islander Nutrition & Physical Activity Survey,inp13bsp,FRJUIC1N,"Fruit juice (day 1, non-discretionary) (serves)",Risk factors - Nutrition,All persons,X
National Aboriginal & Torres Strait Islander Nutrition & Physical Activity Survey,inp13bsp,DAIRY1N,"Milk, yoghurt, cheese and/or alternatives (day 1, non-discretionary) (serves)",Risk factors - Nutrition,All persons,X
National Aboriginal & Torres Strait Islander Nutrition & Physical Activity Survey,inp13bsp,DAIRHF1N,"Higher fat dairy foods (>10% fat) (day 1, non-discretionary) (serves)",Risk factors - Nutrition,All persons,X
National Aboriginal & Torres Strait Islander Nutrition & Physical Activity Survey,inp13bsp,DAIRMF1N,"Medium fat dairy foods (4-10 pc. fat) (day 1, non-discretionary) (serves)",Risk factors - Nutrition,All persons,X
National Aboriginal & Torres Strait Islander Nutrition & Physical Activity Survey,inp13bsp,DAIRLF1N,"Lower fat dairy foods (<4% fat) (day 1, non-discretionary) (serves)",Risk factors - Nutrition,All persons,X
National Aboriginal & Torres Strait Islander Nutrition & Physical Activity Survey,inp13bsp,MEAT1N,"Meat, poultry and alternatives (day 1, non-discretionary) (serves)",Risk factors - Nutrition,All persons,X
National Aboriginal & Torres Strait Islander Nutrition & Physical Activity Survey,inp13bsp,MEATL1N,"Meats, poultry and alternatives, ADG criteria (day 1, non-discretionary) (serves)",Risk factors - Nutrition,All persons,X
National Aboriginal & Torres Strait Islander Nutrition & Physical Activity Survey,inp13bsp,MEATLD1N,"Meats, poultry and alternatives, non-ADG criteria (day 1, non-disc food source) (serves)",Risk factors - Nutrition,All persons,X
National Aboriginal & Torres Strait Islander Nutrition & Physical Activity Survey,inp13bsp,RDMTL1N,"Red meat, lean (day 1, non-discretionary) (serves)",Risk factors - Nutrition,All persons,X
National Aboriginal & Torres Strait Islander Nutrition & Physical Activity Survey,inp13bsp,RDMTLU1N,"Red meat unprocessed (<10 pc. fat) (day 1, non-discretionary) (serves)",Risk factors - Nutrition,All persons,X
National Aboriginal & Torres Strait Islander Nutrition & Physical Activity Survey,inp13bsp,RDMTLP1N,"Red meat processed (<10 pc fat) (day 1, non-disc food source) (serves)",Risk factors - Nutrition,All persons,X
National Aboriginal & Torres Strait Islander Nutrition & Physical Activity Survey,inp13bsp,RDMTN1N,"Red meat, non-lean (>=10% fat) (day 1, non-disc food source) (serves)",Risk factors - Nutrition,All persons,X
National Aboriginal & Torres Strait Islander Nutrition & Physical Activity Survey,inp13bsp,RDMTNU1N,"Red meat unprocessed (>=10 pc. fat) (day 1, non-disc food source) (serves)",Risk factors - Nutrition,All persons,X
National Aboriginal & Torres Strait Islander Nutrition & Physical Activity Survey,inp13bsp,RDMTNP1N,"Red meat processed (>=10 pc. fat) (day 1, non-disc food source) (serves)",Risk factors - Nutrition,All persons,X
National Aboriginal & Torres Strait Islander Nutrition & Physical Activity Survey,inp13bsp,PLTYL1N,"Poultry, lean (<10% fat) (day 1, non-disc food source) (serves)",Risk factors - Nutrition,All persons,X
National Aboriginal & Torres Strait Islander Nutrition & Physical Activity Survey,inp13bsp,PLTYLU1N,"Poultry unprocessed (<10 pc. fat) (day 1, non-discretionary) (serves)",Risk factors - Nutrition,All persons,X
National Aboriginal & Torres Strait Islander Nutrition & Physical Activity Survey,inp13bsp,PLTYLP1N,"Poultry processed (<10 pc. fat) (day 1, non-disc food source) (serves)",Risk factors - Nutrition,All persons,X
National Aboriginal & Torres Strait Islander Nutrition & Physical Activity Survey,inp13bsp,PLTYN1N,"Poultry, non-lean (day 1, non-disc food source) (serves)",Risk factors - Nutrition,All persons,X
National Aboriginal & Torres Strait Islander Nutrition & Physical Activity Survey,inp13bsp,PLTYNU1N,"Poultry unprocessed (>=10 pc. fat) (day 1, non-disc food source) (serves)",Risk factors - Nutrition,All persons,X
National Aboriginal & Torres Strait Islander Nutrition & Physical Activity Survey,inp13bsp,PLTYNP1N,"Poultry processed (>=10 pc. fat) (day 1, non-disc food source) (serves)",Risk factors - Nutrition,All persons,X
National Aboriginal & Torres Strait Islander Nutrition & Physical Activity Survey,inp13bsp,RDMTT1N,"Red meat, total (day 1, non-disc food source) (serves)",Risk factors - Nutrition,All persons,X
National Aboriginal & Torres Strait Islander Nutrition & Physical Activity Survey,inp13bsp,RDMTTU1N,"Red meat unprocessed, total (day 1, non-disc food source) (serves)",Risk factors - Nutrition,All persons,X
National Aboriginal & Torres Strait Islander Nutrition & Physical Activity Survey,inp13bsp,PLTYT1N,"Poultry, total (day 1, non-disc food source) (serves)",Risk factors - Nutrition,All persons,X
National Aboriginal & Torres Strait Islander Nutrition & Physical Activity Survey,inp13bsp,PLTYTU1N,"Poultry unprocessed, total (day 1, non-disc food source) (serves)",Risk factors - Nutrition,All persons,X
National Aboriginal & Torres Strait Islander Nutrition & Physical Activity Survey,inp13bsp,FISH1N,"Fish and seafood (day 1, non-discretionary) (serves)",Risk factors - Nutrition,All persons,X
National Aboriginal & Torres Strait Islander Nutrition & Physical Activity Survey,inp13bsp,EGGS1N,"Eggs (day 1, non-discretionary) (serves)",Risk factors - Nutrition,All persons,X
National Aboriginal & Torres Strait Islander Nutrition & Physical Activity Survey,inp13bsp,LEGMT1N,"Legumes as meat alternative (day 1, non-discretionary) (serves)",Risk factors - Nutrition,All persons,X
National Aboriginal & Torres Strait Islander Nutrition & Physical Activity Survey,inp13bsp,NUTS1N,"Nuts and seeds (day 1, non-discretionary) (serves)",Risk factors - Nutrition,All persons,X
National Aboriginal & Torres Strait Islander Nutrition & Physical Activity Survey,inp13bsp,WATER1N,"Water (day 1, non-discretionary) (serves)",Risk factors - Nutrition,All persons,X
National Aboriginal & Torres Strait Islander Nutrition & Physical Activity Survey,inp13bsp,UNSAT1N,"Unsaturated spreads and oils (day 1, non-discretionary) (serves)",Risk factors - Nutrition,All persons,X
National Aboriginal & Torres Strait Islander Nutrition & Physical Activity Survey,inp13bsp,FRESUG1N,Added sugars (WHO) (day 1) (g),Risk factors - Nutrition,All persons,X
National Aboriginal & Torres Strait Islander Nutrition & Physical Activity Survey,inp13bsp,ADDSUG1N,Added sugars (Food Standards) (day 1) (g),Risk factors - Nutrition,All persons,X
National Aboriginal & Torres Strait Islander Nutrition & Physical Activity Survey,inp13bsp,MEATLG1N,"Meats, poultry and alternatives, ADG criteria (day 1, non-discretionary) (g)",Risk factors - Nutrition,All persons,X
National Aboriginal & Torres Strait Islander Nutrition & Physical Activity Survey,inp13bsp,MEATDG1N,"Meats, poultry and alternatives, non-ADG criteria (day 1, non-disc food source) (g)",Risk factors - Nutrition,All persons,X
National Aboriginal & Torres Strait Islander Nutrition & Physical Activity Survey,inp13bsp,RDMTLG1N,"Red meat, lean (day 1, non-disc food source) (g)",Risk factors - Nutrition,All persons,X
National Aboriginal & Torres Strait Islander Nutrition & Physical Activity Survey,inp13bsp,RDMLUG1N,"Red meat unprocessed (<10 pc. fat) (day 1, non-discretionary) (g)",Risk factors - Nutrition,All persons,X
National Aboriginal & Torres Strait Islander Nutrition & Physical Activity Survey,inp13bsp,RDMLPG1N,"Red meat processed (<10 pc. fat) (day 1, non-disc food source) (g)",Risk factors - Nutrition,All persons,X
National Aboriginal & Torres Strait Islander Nutrition & Physical Activity Survey,inp13bsp,RDMTNG1N,"Red meat, non-lean (>=10 pc. fat) (day 1, non-disc food source) (g)",Risk factors - Nutrition,All persons,X
National Aboriginal & Torres Strait Islander Nutrition & Physical Activity Survey,inp13bsp,RDMNUG1N,"Red meat unprocessed (>=10 pc. fat) (day 1, non-disc food source) (g)",Risk factors - Nutrition,All persons,X
National Aboriginal & Torres Strait Islander Nutrition & Physical Activity Survey,inp13bsp,RDMNPG1N,"Red meat processed (>=10 pc. fat) (day 1, non-disc food source) (g)",Risk factors - Nutrition,All persons,X
National Aboriginal & Torres Strait Islander Nutrition & Physical Activity Survey,inp13bsp,PLTYLG1N,"Poultry, lean(<10 pc. fat) (day 1, non-disc food source) (g)",Risk factors - Nutrition,All persons,X
National Aboriginal & Torres Strait Islander Nutrition & Physical Activity Survey,inp13bsp,PLTLUG1N,"Poultry unprocessed (<10 pc. fat) (day 1, non-discretionary) (g)",Risk factors - Nutrition,All persons,X
National Aboriginal & Torres Strait Islander Nutrition & Physical Activity Survey,inp13bsp,PLTLPG1N,"Poultry processed (<10 pc. fat) (day 1, non-disc food source) (g)",Risk factors - Nutrition,All persons,X
National Aboriginal & Torres Strait Islander Nutrition & Physical Activity Survey,inp13bsp,PLTYNG1N,"Poultry, non-lean (>=10 pc. fat) (day 1, non-disc food source) (g)",Risk factors - Nutrition,All persons,X
National Aboriginal & Torres Strait Islander Nutrition & Physical Activity Survey,inp13bsp,PLTNUG1N,"Poultry unprocessed (>=10 pc. fat) (day 1, non-disc food source) (g)",Risk factors - Nutrition,All persons,X
National Aboriginal & Torres Strait Islander Nutrition & Physical Activity Survey,inp13bsp,PLTNPG1N,"Poultry processed (>=10 pc. fat) (day 1, non-disc food source) (g)",Risk factors - Nutrition,All persons,X
National Aboriginal & Torres Strait Islander Nutrition & Physical Activity Survey,inp13bsp,RDMTTG1N,"Red meat, total (day 1, non-disc food source) (g)",Risk factors - Nutrition,All persons,X
National Aboriginal & Torres Strait Islander Nutrition & Physical Activity Survey,inp13bsp,RDMTUG1N,"Red meat unprocessed, total (day 1, non-disc food source) (g)",Risk factors - Nutrition,All persons,X
National Aboriginal & Torres Strait Islander Nutrition & Physical Activity Survey,inp13bsp,PLTYTG1N,"Poultry, total (day 1, non-disc food source) (g)",Risk factors - Nutrition,All persons,X
National Aboriginal & Torres Strait Islander Nutrition & Physical Activity Survey,inp13bsp,PLTYUG1N,"Poultry unprocessed, total (day 1, non-disc food source) (g)",Risk factors - Nutrition,All persons,X
National Aboriginal & Torres Strait Islander Nutrition & Physical Activity Survey,inp13bsp,WATERG1N,"Water (day 1, non-discretionary) (g)",Risk factors - Nutrition,All persons,X
National Aboriginal & Torres Strait Islander Nutrition & Physical Activity Survey,inp13bsp,GRAINS2N,"Grains and cereals (day 2, non-discretionary) (serves)",Risk factors - Nutrition,All persons who completed second (CATI) nutrition interview,X
National Aboriginal & Torres Strait Islander Nutrition & Physical Activity Survey,inp13bsp,VEGLEG2N,"Vegetables and legumes/beans (day 2, non-discretionary) (serves)",Risk factors - Nutrition,All persons who completed second (CATI) nutrition interview,X
National Aboriginal & Torres Strait Islander Nutrition & Physical Activity Survey,inp13bsp,FRUIT2N,"Fruit (day 2, non-discretionary) (serves)",Risk factors - Nutrition,All persons who completed second (CATI) nutrition interview,X
National Aboriginal & Torres Strait Islander Nutrition & Physical Activity Survey,inp13bsp,FRSHF2N,"Fresh/canned fruit (day 2, non-discretionary) (serves)",Risk factors - Nutrition,All persons who completed second (CATI) nutrition interview,X
National Aboriginal & Torres Strait Islander Nutrition & Physical Activity Survey,inp13bsp,DAIRY2N,"Milk, yoghurt, cheese and/or alternatives (day 2, non-discretionary) (serves)",Risk factors - Nutrition,All persons who completed second (CATI) nutrition interview,X
National Aboriginal & Torres Strait Islander Nutrition & Physical Activity Survey,inp13bsp,MEAT2N,"Meat, poultry and alternatives (day 2, non-discretionary) (serves)",Risk factors - Nutrition,All persons who completed second (CATI) nutrition interview,X
National Aboriginal & Torres Strait Islander Nutrition & Physical Activity Survey,inp13bsp,MEATL2N,"Meats, poultry and alternatives, ADG criteria (day 2, non-discretionary) (serves)",Risk factors - Nutrition,All persons who completed second (CATI) nutrition interview,X
National Aboriginal & Torres Strait Islander Nutrition & Physical Activity Survey,inp13bsp,MEATLD2N,"Meats, poultry and alternatives, non-ADG criteria (day 2, non-disc food source) (serves)",Risk factors - Nutrition,All persons who completed second (CATI) nutrition interview,X
National Aboriginal & Torres Strait Islander Nutrition & Physical Activity Survey,inp13bsp,WATER2N,"Water (day 2, non-discretionary) (serves)",Risk factors - Nutrition,All persons who completed second (CATI) nutrition interview,X
National Aboriginal & Torres Strait Islander Nutrition & Physical Activity Survey,inp13bsp,UNSAT2N,"Unsaturated spreads and oils (day 2, non-discretionary) (serves)",Risk factors - Nutrition,All persons who completed second (CATI) nutrition interview,X
National Aboriginal & Torres Strait Islander Nutrition & Physical Activity Survey,inp13bsp,FRESUG2N,Added sugars (WHO) (day 2) (g),Risk factors - Nutrition,All persons who completed second (CATI) nutrition interview,X
National Aboriginal & Torres Strait Islander Nutrition & Physical Activity Survey,inp13bsp,ADDSUG2N,Added sugars (Food Standards) (day 2) (g),Risk factors - Nutrition,All persons who completed second (CATI) nutrition interview,X
National Aboriginal & Torres Strait Islander Nutrition & Physical Activity Survey,inp13bsp,PEFRESD1,Percentage of energy from free sugars (WHO) (Day1),Risk factors - Nutrition,All persons,NA
National Aboriginal & Torres Strait Islander Nutrition & Physical Activity Survey,inp13bsp,PEADDSD1,Percentage of energy from added sugars (FSANZ) (Day1),Risk factors - Nutrition,All persons,NA
National Aboriginal & Torres Strait Islander Nutrition & Physical Activity Survey,inp13bsp,PEFRESD2,Percentage of energy from free sugars (WHO) (Day 2),Risk factors - Nutrition,All persons who completed second (CATI) nutrition interview,NA
National Aboriginal & Torres Strait Islander Nutrition & Physical Activity Survey,inp13bsp,PEADDSD2,Percentage of energy from added sugars (FSANZ) (Day2),Risk factors - Nutrition,All persons who completed second (CATI) nutrition interview,NA
National Aboriginal & Torres Strait Islander Nutrition & Physical Activity Survey,inp13bsp,ABSHID,Household identifier,Administrative items,All levels,NA
National Aboriginal & Torres Strait Islander Nutrition & Physical Activity Survey,inp13bsp,ABSLFID,Record identifier for the ADGSUM level,Administrative items,All levels,NA
National Aboriginal & Torres Strait Islander Nutrition & Physical Activity Survey,inp13bsp,WATERG2N,"Water (day 2, non-discretionary) (g)",Risk factors - Nutrition,All persons who completed second (CATI) nutrition interview,X
National Aboriginal & Torres Strait Islander Nutrition & Physical Activity Survey,inp13bcn,ABSGID,Person number,Administrative,NA,NA
National Aboriginal & Torres Strait Islander Nutrition & Physical Activity Survey,inp13bcn,ABSCID,Record identifier for the conditions level (CURF),Administrative,NA,NA
National Aboriginal & Torres Strait Islander Nutrition & Physical Activity Survey,inp13bcn,ABSUID,Record identifier for the adult PA level (CURF),Administrative,NA,NA
National Aboriginal & Torres Strait Islander Nutrition & Physical Activity Survey,inp13bcn,ABSBID,Record identifier for the biomedical level (CURF),Administrative,NA,NA
National Aboriginal & Torres Strait Islander Nutrition & Physical Activity Survey,inp13bcn,ABSSID,Supplement record identifier,Administrative items,All levels,NA
National Aboriginal & Torres Strait Islander Nutrition & Physical Activity Survey,inp13bcn,ABSFID,Food record identifier,Administrative items,All levels,NA
National Aboriginal & Torres Strait Islander Nutrition & Physical Activity Survey,inp13bcn,ABSTID,Record identifier for the child 2 to 4 years level (CURF),Administrative,NA,NA
National Aboriginal & Torres Strait Islander Nutrition & Physical Activity Survey,inp13bcn,ABSKID,Record identifier for the child 5 to 17 years level (CURF),Administrative,NA,NA
National Aboriginal & Torres Strait Islander Nutrition & Physical Activity Survey,inp13bcn,ABSEID,Record identifier for the pedometer level (CURF),Administrative,NA,NA
National Aboriginal & Torres Strait Islander Nutrition & Physical Activity Survey,inp13bcn,ABSDID,Record identifier for the child 5 to 17 years detailed level (CURF),Administrative,NA,NA
National Aboriginal & Torres Strait Islander Nutrition & Physical Activity Survey,inp13bcn,ICD10ME,ICD10 Conditions - Mini classification,Conditions level,All persons,X
National Aboriginal & Torres Strait Islander Nutrition & Physical Activity Survey,inp13bcn,AHSSTAT,Condition status item,Conditions level,All persons,X
National Aboriginal & Torres Strait Islander Nutrition & Physical Activity Survey,inp13bcn,LEVEL4,Conditions level,Administrative,NA,NA
National Aboriginal & Torres Strait Islander Nutrition & Physical Activity Survey,inp13bcn,ABSHID,Household identifier,Administrative items,All levels,NA
National Aboriginal & Torres Strait Islander Nutrition & Physical Activity Survey,inp13bcn,ABSLFID,Record identifier for the ADGSUM level,Administrative items,All levels,NA
National Aboriginal & Torres Strait Islander Nutrition & Physical Activity Survey,inp13bcp,ABSGID,Person number,Administrative,NA,NA
National Aboriginal & Torres Strait Islander Nutrition & Physical Activity Survey,inp13bcp,ABSCID,Record identifier for the conditions level (CURF),Administrative,NA,NA
National Aboriginal & Torres Strait Islander Nutrition & Physical Activity Survey,inp13bcp,ABSUID,Record identifier for the adult PA level (CURF),Administrative,NA,NA
National Aboriginal & Torres Strait Islander Nutrition & Physical Activity Survey,inp13bcp,ABSBID,Record identifier for the biomedical level (CURF),Administrative,NA,NA
National Aboriginal & Torres Strait Islander Nutrition & Physical Activity Survey,inp13bcp,ABSSID,Supplement record identifier,Administrative items,All levels,NA
National Aboriginal & Torres Strait Islander Nutrition & Physical Activity Survey,inp13bcp,ABSFID,Food record identifier,Administrative items,All levels,NA
National Aboriginal & Torres Strait Islander Nutrition & Physical Activity Survey,inp13bcp,ABSTID,Record identifier for the child 2 to 4 years level (CURF),Administrative,NA,NA
National Aboriginal & Torres Strait Islander Nutrition & Physical Activity Survey,inp13bcp,ABSKID,Record identifier for the child 5 to 17 years level (CURF),Administrative,NA,NA
National Aboriginal & Torres Strait Islander Nutrition & Physical Activity Survey,inp13bcp,ABSEID,Record identifier for the pedometer level (CURF),Administrative,NA,NA
National Aboriginal & Torres Strait Islander Nutrition & Physical Activity Survey,inp13bcp,ABSDID,Record identifier for the child 5 to 17 years detailed level (CURF),Administrative,NA,NA
National Aboriginal & Torres Strait Islander Nutrition & Physical Activity Survey,inp13bcp,TOTMSEDE,Total minutes spent sitting or lying down for screen-based activities that day (incl homework),Child (5-17) PA levels,All persons in non-remote areas aged 5-17 years,NA
National Aboriginal & Torres Strait Islander Nutrition & Physical Activity Survey,inp13bcp,TOMSDNHE,Total minutes sit/lying down for screen-based activities that day (excl homework),Child (5-17) PA levels,All persons in non-remote areas aged 5-17 years,NA
National Aboriginal & Torres Strait Islander Nutrition & Physical Activity Survey,inp13bcp,MINSTVEC,"Total minutes spent sitting or lying down to watch TV, videos or DVDs that day",Child (5-17) PA levels,All persons in non-remote areas aged 5-17 years,NA
National Aboriginal & Torres Strait Islander Nutrition & Physical Activity Survey,inp13bcp,MINSGAEC,Total minutes sit/lying down to play electronic games that day (5-17),Child (5-17) PA levels,All persons in non-remote areas aged 5-17 years,NA
National Aboriginal & Torres Strait Islander Nutrition & Physical Activity Survey,inp13bcp,SITCOMEC,Total minutes sit/lying down to use comp/net (excl games) that day,Child (5-17) PA levels,All persons in non-remote areas aged 5-17 years,NA
National Aboriginal & Torres Strait Islander Nutrition & Physical Activity Survey,inp13bcp,SITHWEC,Total minutes sit/lying down to use comp/net for homework that day,Child (5-17) PA levels,All persons in non-remote areas aged 5-17 years,NA
National Aboriginal & Torres Strait Islander Nutrition & Physical Activity Survey,inp13bcp,SITCOMLC,Total minutes sit/lying down to use comp/net (excl games & h/work) that day,Child (5-17) PA levels,All persons in non-remote areas aged 5-17 years,NA
National Aboriginal & Torres Strait Islander Nutrition & Physical Activity Survey,inp13bcp,CPADAY,Day of week (5-17),Child (5-17) PA levels,All persons in non-remote areas aged 5-17 years,NA
National Aboriginal & Torres Strait Islander Nutrition & Physical Activity Survey,inp13bcp,DAYTYPE,Day Type (5-17),Child (5-17) PA levels,All persons in non-remote areas aged 5-17 years,NA
National Aboriginal & Torres Strait Islander Nutrition & Physical Activity Survey,inp13bcp,DAYORDE3,Order of days reported (5-17),Child (5-17) PA levels,All persons in non-remote areas aged 5-17 years,NA
National Aboriginal & Torres Strait Islander Nutrition & Physical Activity Survey,inp13bcp,CPASCDAY,Whether went to school that day,Child (5-17) PA levels,All persons in non-remote areas aged 5-17 years,NA
National Aboriginal & Torres Strait Islander Nutrition & Physical Activity Survey,inp13bcp,PA1HRDAY,Whether did physical activity for at least 60 mins that day,Child (5-17) PA levels,All persons in non-remote areas aged 5-17 years,NA
National Aboriginal & Torres Strait Islander Nutrition & Physical Activity Survey,inp13bcp,CPAMBTHD,Whether met physical and screen-based activity recs that day (5-17),Child (5-17) PA levels,All persons in non-remote areas aged 5-17 years,NA
National Aboriginal & Torres Strait Islander Nutrition & Physical Activity Survey,inp13bcp,TRDYALLA,Type of transport used that day,NA,NA,NA
National Aboriginal & Torres Strait Islander Nutrition & Physical Activity Survey,inp13bcp,TRDYALLB,Type of transport used that day,NA,NA,NA
National Aboriginal & Torres Strait Islander Nutrition & Physical Activity Survey,inp13bcp,TRDYALLC,Type of transport used that day,NA,NA,NA
National Aboriginal & Torres Strait Islander Nutrition & Physical Activity Survey,inp13bcp,TRDYALLD,Type of transport used that day,NA,NA,NA
National Aboriginal & Torres Strait Islander Nutrition & Physical Activity Survey,inp13bcp,TRDYALLE,Type of transport used that day,NA,NA,NA
National Aboriginal & Torres Strait Islander Nutrition & Physical Activity Survey,inp13bcp,CPASETYA,Type of screen-based activity that day,NA,NA,NA
National Aboriginal & Torres Strait Islander Nutrition & Physical Activity Survey,inp13bcp,CPASETYB,Type of screen-based activity that day,NA,NA,NA
National Aboriginal & Torres Strait Islander Nutrition & Physical Activity Survey,inp13bcp,CPASETYC,Type of screen-based activity that day,NA,NA,NA
National Aboriginal & Torres Strait Islander Nutrition & Physical Activity Survey,inp13bcp,CPASETYD,Type of screen-based activity that day,NA,NA,NA
National Aboriginal & Torres Strait Islander Nutrition & Physical Activity Survey,inp13bcp,SE2HRDAY,Whether did no more than 120 mins of screen-based activity (excluding homework) that day,Child (5-17) PA levels,All persons in non-remote areas aged 5-17 years,NA
National Aboriginal & Torres Strait Islander Nutrition & Physical Activity Survey,inp13bcp,SE2HDYHW,Whether did no more than 120 mins of screen-based activity (incl homework) that day,Child (5-17) PA levels,All persons in non-remote areas aged 5-17 years,NA
National Aboriginal & Torres Strait Islander Nutrition & Physical Activity Survey,inp13bcp,LEVEL6,Child 5-17 years physical activity level (NR only),Administrative,NA,NA
National Aboriginal & Torres Strait Islander Nutrition & Physical Activity Survey,inp13bcp,ABSHID,Household identifier,Administrative items,All levels,NA
National Aboriginal & Torres Strait Islander Nutrition & Physical Activity Survey,inp13bcp,ABSLFID,Record identifier for the ADGSUM level,Administrative items,All levels,NA
National Aboriginal & Torres Strait Islander Nutrition & Physical Activity Survey,inp13bpe,ABSGID,Person number,Administrative,NA,NA
National Aboriginal & Torres Strait Islander Nutrition & Physical Activity Survey,inp13bpe,ABSCID,Record identifier for the conditions level (CURF),Administrative,NA,NA
National Aboriginal & Torres Strait Islander Nutrition & Physical Activity Survey,inp13bpe,ABSUID,Record identifier for the adult PA level (CURF),Administrative,NA,NA
National Aboriginal & Torres Strait Islander Nutrition & Physical Activity Survey,inp13bpe,ABSBID,Record identifier for the biomedical level (CURF),Administrative,NA,NA
National Aboriginal & Torres Strait Islander Nutrition & Physical Activity Survey,inp13bpe,ABSSID,Supplement record identifier,Administrative items,All levels,NA
National Aboriginal & Torres Strait Islander Nutrition & Physical Activity Survey,inp13bpe,ABSFID,Food record identifier,Administrative items,All levels,NA
National Aboriginal & Torres Strait Islander Nutrition & Physical Activity Survey,inp13bpe,ABSTID,Record identifier for the child 2 to 4 years level (CURF),Administrative,NA,NA
National Aboriginal & Torres Strait Islander Nutrition & Physical Activity Survey,inp13bpe,ABSKID,Record identifier for the child 5 to 17 years level (CURF),Administrative,NA,NA
National Aboriginal & Torres Strait Islander Nutrition & Physical Activity Survey,inp13bpe,ABSEID,Record identifier for the pedometer level (CURF),Administrative,NA,NA
National Aboriginal & Torres Strait Islander Nutrition & Physical Activity Survey,inp13bpe,ABSDID,Record identifier for the child 5 to 17 years detailed level (CURF),Administrative,NA,NA
National Aboriginal & Torres Strait Islander Nutrition & Physical Activity Survey,inp13bpe,DAYWPED,Day of week - pedometer,Pedometer level,All persons in non-remote areas aged 5 years and over,NA
National Aboriginal & Torres Strait Islander Nutrition & Physical Activity Survey,inp13bpe,PEDSTEP8,Number of steps did that day,Pedometer level,All persons in non-remote areas aged 5 years and over,NA
National Aboriginal & Torres Strait Islander Nutrition & Physical Activity Survey,inp13bpe,WKNDFLAG,Weekday/weekend flag,Pedometer level,All persons in non-remote areas aged 5 years and over,NA
National Aboriginal & Torres Strait Islander Nutrition & Physical Activity Survey,inp13bpe,DAYORPED,Order of days reported - pedometer,Pedometer level,All persons in non-remote areas aged 5 years and over,NA
National Aboriginal & Torres Strait Islander Nutrition & Physical Activity Survey,inp13bpe,MET10DY,Whether met the 10000 step recommendation for persons aged 18+ that day,Pedometer level,All persons in non-remote areas aged 18 years and over,NA
National Aboriginal & Torres Strait Islander Nutrition & Physical Activity Survey,inp13bpe,METT1DY,Whether met threshold one step recommendation for persons aged 5-17 that day,Pedometer level,All persons in non-remote areas aged 5-17 years,NA
National Aboriginal & Torres Strait Islander Nutrition & Physical Activity Survey,inp13bpe,PEDTIME,Total minutes wore the pedometer that day,Pedometer level,All persons in non-remote areas aged 5 years and over,NA
National Aboriginal & Torres Strait Islander Nutrition & Physical Activity Survey,inp13bpe,PEDOFFDY,Whether took pedometer off during that day,Pedometer level,All persons in non-remote areas aged 5 years and over,NA
National Aboriginal & Torres Strait Islander Nutrition & Physical Activity Survey,inp13bpe,PEDOFFDM,Total minutes took pedometer off that day,Pedometer level,All persons in non-remote areas aged 5 years and over,NA
National Aboriginal & Torres Strait Islander Nutrition & Physical Activity Survey,inp13bpe,LEVEL9,Pedometer level (NR only),NA,NA,NA
National Aboriginal & Torres Strait Islander Nutrition & Physical Activity Survey,inp13bpe,ABSHID,Household identifier,Administrative items,All levels,NA
National Aboriginal & Torres Strait Islander Nutrition & Physical Activity Survey,inp13bpe,ABSLFID,Record identifier for the ADGSUM level,Administrative items,All levels,NA
National Aboriginal & Torres Strait Islander Nutrition & Physical Activity Survey,inp13bpa,ABSGID,Person number,Administrative,NA,NA
National Aboriginal & Torres Strait Islander Nutrition & Physical Activity Survey,inp13bpa,ABSCID,Record identifier for the conditions level (CURF),Administrative,NA,NA
National Aboriginal & Torres Strait Islander Nutrition & Physical Activity Survey,inp13bpa,ABSUID,Record identifier for the adult PA level (CURF),Administrative,NA,NA
National Aboriginal & Torres Strait Islander Nutrition & Physical Activity Survey,inp13bpa,ABSBID,Record identifier for the biomedical level (CURF),Administrative,NA,NA
National Aboriginal & Torres Strait Islander Nutrition & Physical Activity Survey,inp13bpa,ABSSID,Supplement record identifier,Administrative items,All levels,NA
National Aboriginal & Torres Strait Islander Nutrition & Physical Activity Survey,inp13bpa,ABSFID,Food record identifier,Administrative items,All levels,NA
National Aboriginal & Torres Strait Islander Nutrition & Physical Activity Survey,inp13bpa,ABSTID,Record identifier for the child 2 to 4 years level (CURF),Administrative,NA,NA
National Aboriginal & Torres Strait Islander Nutrition & Physical Activity Survey,inp13bpa,ABSKID,Record identifier for the child 5 to 17 years level (CURF),Administrative,NA,NA
National Aboriginal & Torres Strait Islander Nutrition & Physical Activity Survey,inp13bpa,ABSEID,Record identifier for the pedometer level (CURF),Administrative,NA,NA
National Aboriginal & Torres Strait Islander Nutrition & Physical Activity Survey,inp13bpa,ABSDID,Record identifier for the child 5 to 17 years detailed level (CURF),Administrative,NA,NA
National Aboriginal & Torres Strait Islander Nutrition & Physical Activity Survey,inp13bpa,TYPMOVIC,Type of moderate or vigorous physical activity done in last week,Adult PA level,All persons in non-remote areas aged 18 years and over,NA
National Aboriginal & Torres Strait Islander Nutrition & Physical Activity Survey,inp13bpa,METADULT,MET score of activity - adults,Adult PA level,All persons in non-remote areas aged 18 years and over who did a moderate or vigorous physical activity in the last week,NA
National Aboriginal & Torres Strait Islander Nutrition & Physical Activity Survey,inp13bpa,WACTORG,Whether physical activity was organised,Adult PA level,All persons in non-remote areas aged 18 years and over,NA
National Aboriginal & Torres Strait Islander Nutrition & Physical Activity Survey,inp13bpa,LEVEL8,Adult physical activity level (NR only),NA,NA,NA
National Aboriginal & Torres Strait Islander Nutrition & Physical Activity Survey,inp13bpa,ABSHID,Household identifier,Administrative items,All levels,NA
National Aboriginal & Torres Strait Islander Nutrition & Physical Activity Survey,inp13bpa,ABSLFID,Record identifier for the ADGSUM level,Administrative items,All levels,NA
National Aboriginal & Torres Strait Islander Nutrition & Physical Activity Survey,inp13bsu,ABSGID,Person number,Administrative,NA,NA
National Aboriginal & Torres Strait Islander Nutrition & Physical Activity Survey,inp13bsu,ABSCID,Record identifier for the conditions level (CURF),Administrative,NA,NA
National Aboriginal & Torres Strait Islander Nutrition & Physical Activity Survey,inp13bsu,ABSUID,Record identifier for the adult PA level (CURF),Administrative,NA,NA
National Aboriginal & Torres Strait Islander Nutrition & Physical Activity Survey,inp13bsu,ABSBID,Record identifier for the biomedical level (CURF),Administrative,NA,NA
National Aboriginal & Torres Strait Islander Nutrition & Physical Activity Survey,inp13bsu,ABSSID,Supplement record identifier,Administrative items,All levels,NA
National Aboriginal & Torres Strait Islander Nutrition & Physical Activity Survey,inp13bsu,ABSFID,Food record identifier,Administrative items,All levels,NA
National Aboriginal & Torres Strait Islander Nutrition & Physical Activity Survey,inp13bsu,ABSTID,Record identifier for the child 2 to 4 years level (CURF),Administrative,NA,NA
National Aboriginal & Torres Strait Islander Nutrition & Physical Activity Survey,inp13bsu,ABSKID,Record identifier for the child 5 to 17 years level (CURF),Administrative,NA,NA
National Aboriginal & Torres Strait Islander Nutrition & Physical Activity Survey,inp13bsu,ABSEID,Record identifier for the pedometer level (CURF),Administrative,NA,NA
National Aboriginal & Torres Strait Islander Nutrition & Physical Activity Survey,inp13bsu,ABSDID,Record identifier for the child 5 to 17 years detailed level (CURF),Administrative,NA,NA
National Aboriginal & Torres Strait Islander Nutrition & Physical Activity Survey,inp13bsu,PROTEIN,Protein g,Food level,All persons,NA
National Aboriginal & Torres Strait Islander Nutrition & Physical Activity Survey,inp13bsu,FATG,Total fat g,Food level,All persons,NA
National Aboriginal & Torres Strait Islander Nutrition & Physical Activity Survey,inp13bsu,FIBRE,Dietary fibre g,Food level,All persons,NA
National Aboriginal & Torres Strait Islander Nutrition & Physical Activity Survey,inp13bsu,PREVITA,Preformed vitamin A (retinol) ug,Food level,All persons,NA
National Aboriginal & Torres Strait Islander Nutrition & Physical Activity Survey,inp13bsu,PROVITA,Pro-vitamin A (b-carotene equivalents) ug,Food level,All persons,NA
National Aboriginal & Torres Strait Islander Nutrition & Physical Activity Survey,inp13bsu,RETEQV,Retinol equivalents ug,Food level,All persons,NA
National Aboriginal & Torres Strait Islander Nutrition & Physical Activity Survey,inp13bsu,B1MG,Thiamin (B1) mg,Food level,All persons,NA
National Aboriginal & Torres Strait Islander Nutrition & Physical Activity Survey,inp13bsu,B2MG,Riboflavin (B2) mg,Food level,All persons,NA
National Aboriginal & Torres Strait Islander Nutrition & Physical Activity Survey,inp13bsu,B3MG,Niacin (B3) mg,Food level,All persons,NA
National Aboriginal & Torres Strait Islander Nutrition & Physical Activity Survey,inp13bsu,NIACINEQ,Niacin equivalents mg,Food level,All persons,NA
National Aboriginal & Torres Strait Islander Nutrition & Physical Activity Survey,inp13bsu,FOLACID,Folic acid ug,Food level,All persons,NA
National Aboriginal & Torres Strait Islander Nutrition & Physical Activity Survey,inp13bsu,FOLATEQV,Dietary folate equivalents ug,Food level,All persons,NA
National Aboriginal & Torres Strait Islander Nutrition & Physical Activity Survey,inp13bsu,B6MG,Vitamin B6 mg,Food level,All persons,NA
National Aboriginal & Torres Strait Islander Nutrition & Physical Activity Survey,inp13bsu,B12UG,Vitamin B12 ug,Food level,All persons,NA
National Aboriginal & Torres Strait Islander Nutrition & Physical Activity Survey,inp13bsu,VITCMG,Vitamin C mg,Food level,All persons,NA
National Aboriginal & Torres Strait Islander Nutrition & Physical Activity Survey,inp13bsu,VITEMG,Vitamin E mg,Food level,All persons,NA
National Aboriginal & Torres Strait Islander Nutrition & Physical Activity Survey,inp13bsu,CALMG,Calcium mg,Food level,All persons,NA
National Aboriginal & Torres Strait Islander Nutrition & Physical Activity Survey,inp13bsu,IODINEUG,Iodine ug,Food level,All persons,NA
National Aboriginal & Torres Strait Islander Nutrition & Physical Activity Survey,inp13bsu,IRONMG,Iron mg,Food level,All persons,NA
National Aboriginal & Torres Strait Islander Nutrition & Physical Activity Survey,inp13bsu,MAGMG,Magnesium mg,Food level,All persons,NA
National Aboriginal & Torres Strait Islander Nutrition & Physical Activity Survey,inp13bsu,PHOSMG,Phosphorous mg,Food level,All persons,NA
National Aboriginal & Torres Strait Islander Nutrition & Physical Activity Survey,inp13bsu,POTASMG,Potassium mg,Food level,All persons,NA
National Aboriginal & Torres Strait Islander Nutrition & Physical Activity Survey,inp13bsu,SELUG,Selenium ug,Food level,All persons,NA
National Aboriginal & Torres Strait Islander Nutrition & Physical Activity Survey,inp13bsu,SODMG,Sodium mg,Food level,All persons,NA
National Aboriginal & Torres Strait Islander Nutrition & Physical Activity Survey,inp13bsu,ZINCMG,Zinc mg,Food level,All persons,NA
National Aboriginal & Torres Strait Islander Nutrition & Physical Activity Survey,inp13bsu,CAFFMG,Caffeine mg,Food level,All persons,NA
National Aboriginal & Torres Strait Islander Nutrition & Physical Activity Survey,inp13bsu,CHOLMG,Cholesterol mg,Food level,All persons,NA
National Aboriginal & Torres Strait Islander Nutrition & Physical Activity Survey,inp13bsu,SFAG,Saturated fat g,Food level,All persons,NA
National Aboriginal & Torres Strait Islander Nutrition & Physical Activity Survey,inp13bsu,MUFAG,Monounsaturated fat g,Food level,All persons,NA
National Aboriginal & Torres Strait Islander Nutrition & Physical Activity Survey,inp13bsu,PUFAG,Polyunsaturated fat g,Food level,All persons,NA
National Aboriginal & Torres Strait Islander Nutrition & Physical Activity Survey,inp13bsu,LAG,Linoleic acid g,Food level,All persons,NA
National Aboriginal & Torres Strait Islander Nutrition & Physical Activity Survey,inp13bsu,ALAG,Alpha-linolenic acid g,Food level,All persons,NA
National Aboriginal & Torres Strait Islander Nutrition & Physical Activity Survey,inp13bsu,LCN3MG,Total long chain omega 3 fatty acids mg,Food level,All persons,NA
National Aboriginal & Torres Strait Islander Nutrition & Physical Activity Survey,inp13bsu,TRANSMG,Trans fatty acids mg,Food level,All persons,NA
National Aboriginal & Torres Strait Islander Nutrition & Physical Activity Survey,inp13bsu,SUPPCODC,Type of dietary supplement taken in last 24 hours,Supplement level,NA,NA
National Aboriginal & Torres Strait Islander Nutrition & Physical Activity Survey,inp13bsu,LNUMC,Aust L number of supplement,Supplement level,NA,NA
National Aboriginal & Torres Strait Islander Nutrition & Physical Activity Survey,inp13bsu,SUPPFORM,Form of supplement,Supplement level,NA,NA
National Aboriginal & Torres Strait Islander Nutrition & Physical Activity Survey,inp13bsu,SUPUNIT,Supplement unit type,Supplement level,NA,NA
National Aboriginal & Torres Strait Islander Nutrition & Physical Activity Survey,inp13bsu,SUPAMT,Number of supplement units consumed,Supplement level,NA,NA
National Aboriginal & Torres Strait Islander Nutrition & Physical Activity Survey,inp13bsu,LEVEL12,Supplement level,Administrative items,Supplement,NA
National Aboriginal & Torres Strait Islander Nutrition & Physical Activity Survey,inp13bsu,DAYNUM,Day Number for Intake,Food level,All persons,NA
National Aboriginal & Torres Strait Islander Nutrition & Physical Activity Survey,inp13bsu,ABSHID,Household identifier,Administrative items,All levels,NA
National Aboriginal & Torres Strait Islander Nutrition & Physical Activity Survey,inp13bsu,ABSLFID,Record identifier for the ADGSUM level,Administrative items,All levels,NA
National Aboriginal & Torres Strait Islander Nutrition & Physical Activity Survey,inp13bta,ABSGID,Person number,Administrative,NA,NA
National Aboriginal & Torres Strait Islander Nutrition & Physical Activity Survey,inp13bta,ABSCID,Record identifier for the conditions level (CURF),Administrative,NA,NA
National Aboriginal & Torres Strait Islander Nutrition & Physical Activity Survey,inp13bta,ABSUID,Record identifier for the adult PA level (CURF),Administrative,NA,NA
National Aboriginal & Torres Strait Islander Nutrition & Physical Activity Survey,inp13bta,ABSBID,Record identifier for the biomedical level (CURF),Administrative,NA,NA
National Aboriginal & Torres Strait Islander Nutrition & Physical Activity Survey,inp13bta,ABSSID,Supplement record identifier,Administrative items,All levels,NA
National Aboriginal & Torres Strait Islander Nutrition & Physical Activity Survey,inp13bta,ABSFID,Food record identifier,Administrative items,All levels,NA
National Aboriginal & Torres Strait Islander Nutrition & Physical Activity Survey,inp13bta,ABSTID,Record identifier for the child 2 to 4 years level (CURF),Administrative,NA,NA
National Aboriginal & Torres Strait Islander Nutrition & Physical Activity Survey,inp13bta,ABSKID,Record identifier for the child 5 to 17 years level (CURF),Administrative,NA,NA
National Aboriginal & Torres Strait Islander Nutrition & Physical Activity Survey,inp13bta,ABSEID,Record identifier for the pedometer level (CURF),Administrative,NA,NA
National Aboriginal & Torres Strait Islander Nutrition & Physical Activity Survey,inp13bta,ABSDID,Record identifier for the child 5 to 17 years detailed level (CURF),Administrative,NA,NA
National Aboriginal & Torres Strait Islander Nutrition & Physical Activity Survey,inp13bta,TOTMOUEC,Total minutes doing outdoor physical activity that day (2-4),Child (2-4) PA level,All persons in non-remote areas aged 2-4 years,NA
National Aboriginal & Torres Strait Islander Nutrition & Physical Activity Survey,inp13bta,TOTMINEC,Total minutes doing indoor physical activity that day (2-4),Child (2-4) PA level,All persons in non-remote areas aged 2-4 years,NA
National Aboriginal & Torres Strait Islander Nutrition & Physical Activity Survey,inp13bta,TOTMTOEC,Total minutes doing physical activity that day (2-4),Child (2-4) PA level,All persons in non-remote areas aged 2-4 years,NA
National Aboriginal & Torres Strait Islander Nutrition & Physical Activity Survey,inp13bta,TOTMTVEC,"Total minutes sit/lying down to watch TV, videos or DVDs that day (2-4)",Child (2-4) PA level,All persons in non-remote areas aged 2-4 years,NA
National Aboriginal & Torres Strait Islander Nutrition & Physical Activity Survey,inp13bta,TOTMGAEC,Total minutes sit/lying down to play electronic games that day (2-4),Child (2-4) PA level,All persons in non-remote areas aged 2-4 years,NA
National Aboriginal & Torres Strait Islander Nutrition & Physical Activity Survey,inp13bta,TOTMSCEC,Total minutes sit/lying down to do screen-based activities that day (2-4),Child (2-4) PA level,All persons in non-remote areas aged 2-4 years,NA
National Aboriginal & Torres Strait Islander Nutrition & Physical Activity Survey,inp13bta,TPADAYO3,Order of days reported (2-4),Child (2-4) PA level,All persons in non-remote areas aged 2-4 years,NA
National Aboriginal & Torres Strait Islander Nutrition & Physical Activity Survey,inp13bta,TPADAY,Day of week (2-4),Child (2-4) PA level,All persons in non-remote areas aged 2-4 years,NA
National Aboriginal & Torres Strait Islander Nutrition & Physical Activity Survey,inp13bta,TPA1HRD,Whether did no more than 60 minutes of screen-based activity that day (2-4),Child (2-4) PA level,All persons in non-remote areas aged 2-4 years,NA
National Aboriginal & Torres Strait Islander Nutrition & Physical Activity Survey,inp13bta,TPA3HRD,Whether did physical activity for at least 180 minutes that day (2-4),Child (2-4) PA level,All persons in non-remote areas aged 2-4 years,NA
National Aboriginal & Torres Strait Islander Nutrition & Physical Activity Survey,inp13bta,TPAREDAY,Whether met physical and screen-based activity recs that day (2-4),Child (2-4) PA level,All persons in non-remote areas aged 2-4 years,NA
National Aboriginal & Torres Strait Islander Nutrition & Physical Activity Survey,inp13bta,TPATYACA,Type of physical or screen-based activity undertaken that day (2-4) (A),NA,NA,NA
National Aboriginal & Torres Strait Islander Nutrition & Physical Activity Survey,inp13bta,TPATYACB,Type of physical or screen-based activity undertaken that day (2-4) (B),NA,NA,NA
National Aboriginal & Torres Strait Islander Nutrition & Physical Activity Survey,inp13bta,TPATYACC,Type of physical or screen-based activity undertaken that day (2-4) (C),NA,NA,NA
National Aboriginal & Torres Strait Islander Nutrition & Physical Activity Survey,inp13bta,TPATYACD,Type of physical or screen-based activity undertaken that day (2-4) (D),NA,NA,NA
National Aboriginal & Torres Strait Islander Nutrition & Physical Activity Survey,inp13bta,LEVEL5,Child 2-4 years physical activity level (NR only),Administrative,NA,NA
National Aboriginal & Torres Strait Islander Nutrition & Physical Activity Survey,inp13bta,ABSHID,Household identifier,Administrative items,All levels,NA
National Aboriginal & Torres Strait Islander Nutrition & Physical Activity Survey,inp13bta,ABSLFID,Record identifier for the ADGSUM level,Administrative items,All levels,NA
National Aboriginal & Torres Strait Islander Nutrition & Physical Activity Survey,inp13bhh,SF2SA1DB,SEIFA - Index of Relative Socio-economic Disadvantage - 2011 - SA1 - Quintiles - National,Household level,Households,X
National Aboriginal & Torres Strait Islander Nutrition & Physical Activity Survey,inp13bhh,HHTYPC,Household type,Household items,All persons,NA
National Aboriginal & Torres Strait Islander Nutrition & Physical Activity Survey,inp13bhh,STHHTYC,Household composition,Household level,Households,NA
National Aboriginal & Torres Strait Islander Nutrition & Physical Activity Survey,inp13bhh,HHADULEC,Number of adults in household,Household level,Households,NA
National Aboriginal & Torres Strait Islander Nutrition & Physical Activity Survey,inp13bhh,NUMKHHEC,Number of children aged 0-17 in household,Household level,Households,NA
National Aboriginal & Torres Strait Islander Nutrition & Physical Activity Survey,inp13bhh,RAECURF,Remoteness Area (ASGS 2011) - Indigenous,Household level,Households,X
National Aboriginal & Torres Strait Islander Nutrition & Physical Activity Survey,inp13bhh,INCDECEP,Gross weekly cash income of household: deciles,Household level,Households,X
National Aboriginal & Torres Strait Islander Nutrition & Physical Activity Survey,inp13bhh,INCDECE,Equivalised income of household: deciles,Household level,Households,NA
National Aboriginal & Torres Strait Islander Nutrition & Physical Activity Survey,inp13bhh,ABSGID,Person number,Administrative,NA,NA
National Aboriginal & Torres Strait Islander Nutrition & Physical Activity Survey,inp13bhh,ABSCID,Record identifier for the conditions level (CURF),Administrative,NA,NA
National Aboriginal & Torres Strait Islander Nutrition & Physical Activity Survey,inp13bhh,ABSUID,Record identifier for the adult PA level (CURF),Administrative,NA,NA
National Aboriginal & Torres Strait Islander Nutrition & Physical Activity Survey,inp13bhh,ABSBID,Record identifier for the biomedical level (CURF),Administrative,NA,NA
National Aboriginal & Torres Strait Islander Nutrition & Physical Activity Survey,inp13bhh,ABSSID,Supplement record identifier,Administrative items,All levels,NA
National Aboriginal & Torres Strait Islander Nutrition & Physical Activity Survey,inp13bhh,ABSFID,Food record identifier,Administrative items,All levels,NA
National Aboriginal & Torres Strait Islander Nutrition & Physical Activity Survey,inp13bhh,ABSDID,Record identifier for the child 5 to 17 years detailed level (CURF),Administrative,NA,NA
National Aboriginal & Torres Strait Islander Nutrition & Physical Activity Survey,inp13bhh,ABSEID,Record identifier for the pedometer level (CURF),Administrative,NA,NA
National Aboriginal & Torres Strait Islander Nutrition & Physical Activity Survey,inp13bhh,ABSKID,Record identifier for the child 5 to 17 years level (CURF),Administrative,NA,NA
National Aboriginal & Torres Strait Islander Nutrition & Physical Activity Survey,inp13bhh,ABSTID,Record identifier for the child 2 to 4 years level (CURF),Administrative,NA,NA
National Aboriginal & Torres Strait Islander Nutrition & Physical Activity Survey,inp13bhh,INCSRCHA,Source of household cash income,NA,NA,NA
National Aboriginal & Torres Strait Islander Nutrition & Physical Activity Survey,inp13bhh,INCSRCHB,Source of household cash income,NA,NA,NA
National Aboriginal & Torres Strait Islander Nutrition & Physical Activity Survey,inp13bhh,INCSRCHC,Source of household cash income,NA,NA,NA
National Aboriginal & Torres Strait Islander Nutrition & Physical Activity Survey,inp13bhh,INCSRCHD,Source of household cash income,NA,NA,NA
National Aboriginal & Torres Strait Islander Nutrition & Physical Activity Survey,inp13bhh,INCSRCHE,Source of household cash income,NA,NA,NA
National Aboriginal & Torres Strait Islander Nutrition & Physical Activity Survey,inp13bhh,HSRCCDE,Whether anyone in household receives CDEP income (R only),Household level,Households,X
National Aboriginal & Torres Strait Islander Nutrition & Physical Activity Survey,inp13bhh,WINDGHH,Type of Aboriginal and Torres Strait Islander household,Household level,Households,X
National Aboriginal & Torres Strait Islander Nutrition & Physical Activity Survey,inp13bhh,FDSECQ1,Whether ran out of food in the last 12 months and couldn't afford to buy more,Household items,All persons,NA
National Aboriginal & Torres Strait Islander Nutrition & Physical Activity Survey,inp13bhh,FDSECQ2,Whether went without food when ran out,Household items,All persons,NA
National Aboriginal & Torres Strait Islander Nutrition & Physical Activity Survey,inp13bhh,LEVEL1,Household level,Administrative,NA,NA
National Aboriginal & Torres Strait Islander Nutrition & Physical Activity Survey,inp13bhh,HHC0T14,Number of children aged 0-14 years in household,Household level,Households,X
National Aboriginal & Torres Strait Islander Nutrition & Physical Activity Survey,inp13bhh,HH15OV,Number of persons over 14 years in household,Household level,Households,X
National Aboriginal & Torres Strait Islander Nutrition & Physical Activity Survey,inp13bhh,NUMPERHH,Number of persons in household,Household level,Households,X
National Aboriginal & Torres Strait Islander Nutrition & Physical Activity Survey,inp13bhh,NOATSIHH,Number of Aboriginal and Torres Strait Islander persons in household,Household level,Households,X
National Aboriginal & Torres Strait Islander Nutrition & Physical Activity Survey,inp13bhh,ATSI0T14,Number of Aboriginal and Torres Strait Islander children aged 0-14 years in household,Household level,Households,X
National Aboriginal & Torres Strait Islander Nutrition & Physical Activity Survey,inp13bhh,ATSI18OV,Number of Aboriginal and Torres Strait Islander adults in household,Household level,Households,X
National Aboriginal & Torres Strait Islander Nutrition & Physical Activity Survey,inp13bhh,ATSI0T17,Number of Aboriginal and Torres Strait Islander children aged 0-17 years in household,Household level,Households,X
National Aboriginal & Torres Strait Islander Nutrition & Physical Activity Survey,inp13bhh,ATSI15OV,Number of Aboriginal and Torres Strait Islander persons over 14 years in household,Household level,Households,X
National Aboriginal & Torres Strait Islander Nutrition & Physical Activity Survey,inp13bhh,ABSHID,Household identifier,Administrative items,All levels,NA
National Aboriginal & Torres Strait Islander Nutrition & Physical Activity Survey,inp13bhh,ABSLFID,Record identifier for the ADGSUM level,Administrative items,All levels,NA
